SNP_ID,Gene_Symbol,Gene_ID,Chromosome,Position,Location_Type,Consequence,Source
rs2878960,ACACB,,12,109139930,,[],NCBI_eUtils
rs2300461,ACACB,,12,109142537,,[],NCBI_eUtils
rs7315465,ACACB,,12,109143568,,[],NCBI_eUtils
rs2430683,ACACB,,12,109144400,,[],NCBI_eUtils
rs2268405,ACACB,,12,109151788,,[],NCBI_eUtils
rs34266,ACACB,,12,109158046,,[],NCBI_eUtils
rs16934132,ACACB,,12,109161954,,[],NCBI_eUtils
rs7966218,ACACB,,12,109162409,,[],NCBI_eUtils
rs7976552,ACACB,,12,109162770,,[],NCBI_eUtils
rs34271,ACACB,,12,109163635,,[],NCBI_eUtils
rs34274,ACACB,,12,109164055,,[],NCBI_eUtils
rs34279,ACACB,,12,109166126,,[],NCBI_eUtils
rs34286,ACACB,,12,109168191,,[],NCBI_eUtils
rs246092,ACACB,,12,109169246,,[],NCBI_eUtils
rs12298635,ACACB,,12,109178898,,[],NCBI_eUtils
rs16940029,ACACB,,12,109179923,,[],NCBI_eUtils
rs11065772,ACACB,,12,109180060,,[],NCBI_eUtils
rs12302686,ACACB,,12,109185170,,[],NCBI_eUtils
rs7135947,ACACB,,12,109191652,,[],NCBI_eUtils
rs12824299,ACACB,,12,109194100,,[],NCBI_eUtils
rs4300440,ACACB,,12,109195511,,[],NCBI_eUtils
rs2268393,ACACB,,12,109197226,,[],NCBI_eUtils
rs10849926,ACACB,,12,109200955,,[],NCBI_eUtils
rs2284691,ACACB,,12,109201716,,[],NCBI_eUtils
rs7976245,ACACB,,12,109203357,,[],NCBI_eUtils
rs2268389,ACACB,,12,109205347,,[],NCBI_eUtils
rs2268388,ACACB,,12,109205840,,[],NCBI_eUtils
rs2268387,ACACB,,12,109205890,,[],NCBI_eUtils
rs12818314,ACACB,,12,109206552,,[],NCBI_eUtils
rs11613784,ACACB,,12,109211207,,[],NCBI_eUtils
rs2300453,ACACB,,12,109217349,,[],NCBI_eUtils
rs2075258,ACACB,,12,109224174,,[],NCBI_eUtils
rs4766584,ACACB,,12,109225776,,[],NCBI_eUtils
rs3742027,ACACB,,12,109232663,,[],NCBI_eUtils
rs7963249,ACACB,,12,109234244,,[],NCBI_eUtils
rs2241220,ACACB,,12,109237224,,[],NCBI_eUtils
rs2075259,ACACB,,12,109254186,,[],NCBI_eUtils
rs3742023,ACACB,,12,109256177,,[],NCBI_eUtils
rs10849968,ACACB,,12,109256515,,[],NCBI_eUtils
rs2075263,ACACB,,12,109266520,,[],NCBI_eUtils
rs12451481,ADAP2,,17,30928013,,[],NCBI_eUtils
rs7208859,ADAP2,,17,30935755,,[],NCBI_eUtils
rs6505219,ADAP2,,17,30938603,,[],NCBI_eUtils
rs6505222,ADAP2,,17,30950471,,[],NCBI_eUtils
rs9915181,ADAP2,,17,30956676,,[],NCBI_eUtils
rs1134142,ADAP2,,17,30958406,,[],NCBI_eUtils
rs1134142,RNF135,,17,30958406,,[],NCBI_eUtils
rs6923091,AGPAT4,,6,161130080,,[],NCBI_eUtils
rs9458136,AGPAT4,,6,161130186,,[],NCBI_eUtils
rs7750650,AGPAT4,,6,161132805,,[],NCBI_eUtils
rs10945713,AGPAT4,,6,161134808,,[],NCBI_eUtils
rs3798225,AGPAT4,,6,161135127,,[],NCBI_eUtils
rs7768457,AGPAT4,,6,161137004,,[],NCBI_eUtils
rs2314190,AGPAT4,,6,161138775,,[],NCBI_eUtils
rs2314190,LOC124901455,,6,161138775,,[],NCBI_eUtils
rs1807426,AGPAT4,,6,161140224,,[],NCBI_eUtils
rs1807426,LOC124901455,,6,161140224,,[],NCBI_eUtils
rs10945718,AGPAT4,,6,161143072,,[],NCBI_eUtils
rs10945718,LOC124901455,,6,161143072,,[],NCBI_eUtils
rs12191615,AGPAT4,,6,161144126,,[],NCBI_eUtils
rs12191615,LOC124901455,,6,161144126,,[],NCBI_eUtils
rs1880367,AGPAT4,,6,161145373,,[],NCBI_eUtils
rs1880367,LOC124901455,,6,161145373,,[],NCBI_eUtils
rs6455707,AGPAT4,,6,161145877,,[],NCBI_eUtils
rs6455707,LOC124901455,,6,161145877,,[],NCBI_eUtils
rs2277091,AGPAT4,,6,161146301,,[],NCBI_eUtils
rs2277091,LOC124901455,,6,161146301,,[],NCBI_eUtils
rs16892215,AGPAT4,,6,161146569,,[],NCBI_eUtils
rs16892215,LOC124901455,,6,161146569,,[],NCBI_eUtils
rs1001421,AGPAT4,,6,161146936,,[],NCBI_eUtils
rs1001421,LOC124901455,,6,161146936,,[],NCBI_eUtils
rs11965825,AGPAT4,,6,161150119,,[],NCBI_eUtils
rs3798920,AGPAT4,,6,161155758,,[],NCBI_eUtils
rs6934457,AGPAT4,,6,161161503,,[],NCBI_eUtils
rs6934457,AGPAT4-IT1,,6,161161503,,[],NCBI_eUtils
rs12199314,AGPAT4,,6,161163351,,[],NCBI_eUtils
rs12199314,AGPAT4-IT1,,6,161163351,,[],NCBI_eUtils
rs729986,AGPAT4,,6,161165808,,[],NCBI_eUtils
rs7754843,AGPAT4,,6,161168445,,[],NCBI_eUtils
rs12208953,AGPAT4,,6,161168563,,[],NCBI_eUtils
rs1125640,AGPAT4,,6,161171068,,[],NCBI_eUtils
rs3798925,AGPAT4,,6,161180804,,[],NCBI_eUtils
rs12203149,AGPAT4,,6,161182948,,[],NCBI_eUtils
rs746731,AGPAT4,,6,161188757,,[],NCBI_eUtils
rs11756131,AGPAT4,,6,161193767,,[],NCBI_eUtils
rs7769321,AGPAT4,,6,161198778,,[],NCBI_eUtils
rs7770491,AGPAT4,,6,161198789,,[],NCBI_eUtils
rs12204872,AGPAT4,,6,161200991,,[],NCBI_eUtils
rs4709501,AGPAT4,,6,161203117,,[],NCBI_eUtils
rs9456641,AGPAT4,,6,161207079,,[],NCBI_eUtils
rs16892317,AGPAT4,,6,161217092,,[],NCBI_eUtils
rs3778228,AGPAT4,,6,161218039,,[],NCBI_eUtils
rs9458157,AGPAT4,,6,161220448,,[],NCBI_eUtils
rs3778229,AGPAT4,,6,161223508,,[],NCBI_eUtils
rs3798936,AGPAT4,,6,161225682,,[],NCBI_eUtils
rs3798937,AGPAT4,,6,161226930,,[],NCBI_eUtils
rs7738367,AGPAT4,,6,161230336,,[],NCBI_eUtils
rs3798939,AGPAT4,,6,161234325,,[],NCBI_eUtils
rs6455713,AGPAT4,,6,161237403,,[],NCBI_eUtils
rs3757025,AGPAT4,,6,161244491,,[],NCBI_eUtils
rs3798943,AGPAT4,,6,161254459,,[],NCBI_eUtils
rs6911180,AGPAT4,,6,161254918,,[],NCBI_eUtils
rs3757030,AGPAT4,,6,161256372,,[],NCBI_eUtils
rs3757031,AGPAT4,,6,161256602,,[],NCBI_eUtils
rs9458173,AGPAT4,,6,161257719,,[],NCBI_eUtils
rs12662114,AGPAT4,,6,161258156,,[],NCBI_eUtils
rs3823058,AGPAT4,,6,161259812,,[],NCBI_eUtils
rs6926382,AGPAT4,,6,161262942,,[],NCBI_eUtils
rs3798955,AGPAT4,,6,161269089,,[],NCBI_eUtils
rs747866,AGPAT4,,6,161271254,,[],NCBI_eUtils
rs7079,AGT,,1,230702585,,[],NCBI_eUtils
rs5044,AGT,,1,230702718,,[],NCBI_eUtils
rs2478522,AGT,,1,230705941,,[],NCBI_eUtils
rs2478545,AGT,,1,230708375,,[],NCBI_eUtils
rs6687360,AGT,,1,230709246,,[],NCBI_eUtils
rs699,AGT,,1,230710048,,[],NCBI_eUtils
rs11122576,AGT,,1,230710933,,[],NCBI_eUtils
rs2004776,AGT,,1,230712956,,[],NCBI_eUtils
rs3889728,AGT,,1,230713085,,[],NCBI_eUtils
rs2493134,AGT,,1,230713613,,[],NCBI_eUtils
rs2148582,AGT,,1,230714053,,[],NCBI_eUtils
rs11568020,AGT,,1,230714272,,[],NCBI_eUtils
rs203467,AKAP10,,17,19906436,,[],NCBI_eUtils
rs203462,AKAP10,,17,19909228,,[],NCBI_eUtils
rs11870360,AKAP10,,17,19931878,,[],NCBI_eUtils
rs1638526,AKAP10,,17,19945137,,[],NCBI_eUtils
rs2108978,AKAP10,,17,19958145,,[],NCBI_eUtils
rs854803,ALKBH5,,17,18185916,,[],NCBI_eUtils
rs4925145,ALKBH5,,17,18194704,,[],NCBI_eUtils
rs4924839,ALKBH5,,17,18200593,,[],NCBI_eUtils
rs17732024,ALKBH5,,17,18205182,,[],NCBI_eUtils
rs1563371,ALKBH5,,17,18208479,,[],NCBI_eUtils
rs1378602,ALKBH5,,17,18208554,,[],NCBI_eUtils
rs3088233,ALKBH5,,17,18209361,,[],NCBI_eUtils
rs4950830,ARL8A,,1,202138499,,[],NCBI_eUtils
rs16912563,ARNTL,,11,13289254,,[],NCBI_eUtils
rs7123257,ARNTL,,11,13290707,,[],NCBI_eUtils
rs7107287,ARNTL,,11,13291422,,[],NCBI_eUtils
rs10741615,ARNTL,,11,13291549,,[],NCBI_eUtils
rs12290622,ARNTL,,11,13292760,,[],NCBI_eUtils
rs7950226,ARNTL,,11,13296592,,[],NCBI_eUtils
rs7949336,ARNTL,,11,13298347,,[],NCBI_eUtils
rs4757144,ARNTL,,11,13309679,,[],NCBI_eUtils
rs4757145,ARNTL,,11,13309777,,[],NCBI_eUtils
rs10741616,ARNTL,,11,13312304,,[],NCBI_eUtils
rs7131131,ARNTL,,11,13314442,,[],NCBI_eUtils
rs7126796,ARNTL,,11,13319320,,[],NCBI_eUtils
rs895685,ARNTL,,11,13323404,,[],NCBI_eUtils
rs10766077,ARNTL,,11,13328234,,[],NCBI_eUtils
rs7924734,ARNTL,,11,13329200,,[],NCBI_eUtils
rs6486121,ARNTL,,11,13334223,,[],NCBI_eUtils
rs10832027,ARNTL,,11,13335636,,[],NCBI_eUtils
rs16912751,ARNTL,,11,13340744,,[],NCBI_eUtils
rs7937060,ARNTL,,11,13341268,,[],NCBI_eUtils
rs1562438,ARNTL,,11,13342653,,[],NCBI_eUtils
rs1562437,ARNTL,,11,13342866,,[],NCBI_eUtils
rs1026071,ARNTL,,11,13343165,,[],NCBI_eUtils
rs11022775,ARNTL,,11,13352217,,[],NCBI_eUtils
rs2290037,ARNTL,,11,13358426,,[],NCBI_eUtils
rs2290037,LOC124902636,,11,13358426,,[],NCBI_eUtils
rs1868049,ARNTL,,11,13362135,,[],NCBI_eUtils
rs3789327,ARNTL,,11,13363769,,[],NCBI_eUtils
rs11022778,ARNTL,,11,13369313,,[],NCBI_eUtils
rs4757151,ARNTL,,11,13370666,,[],NCBI_eUtils
rs11600996,ARNTL,,11,13374619,,[],NCBI_eUtils
rs11022780,ARNTL,,11,13375362,,[],NCBI_eUtils
rs10832030,ARNTL,,11,13378244,,[],NCBI_eUtils
rs11022781,ARNTL,,11,13380862,,[],NCBI_eUtils
rs11022783,ARNTL,,11,13384352,,[],NCBI_eUtils
rs11652819,ATPAF2,,17,18018847,,[],NCBI_eUtils
rs2955378,ATPAF2,,17,18026939,,[],NCBI_eUtils
rs2955383,GID4,,17,18038050,,[],NCBI_eUtils
rs2955383,ATPAF2,,17,18038050,,[],NCBI_eUtils
rs11652712,B9D1,,17,19337659,,[],NCBI_eUtils
rs3886478,B9D1,,17,19367134,,[],NCBI_eUtils
rs3886478,LOC105371573,,17,19367134,,[],NCBI_eUtils
rs6587074,B9D1,,17,19367752,,[],NCBI_eUtils
rs6587074,LOC105371573,,17,19367752,,[],NCBI_eUtils
rs2048230,B9D1,,17,19372886,,[],NCBI_eUtils
rs17513276,BACH2,,6,89927706,,[],NCBI_eUtils
rs1065272,BACH2,,6,89928834,,[],NCBI_eUtils
rs1055403,BACH2,,6,89929244,,[],NCBI_eUtils
rs2289577,BACH2,,6,89930772,,[],NCBI_eUtils
rs10455512,BACH2,,6,89931803,,[],NCBI_eUtils
rs17765013,BACH2,,6,89932132,,[],NCBI_eUtils
rs292258,BACH2,,6,89933181,,[],NCBI_eUtils
rs292257,BACH2,,6,89933279,,[],NCBI_eUtils
rs292255,BACH2,,6,89933562,,[],NCBI_eUtils
rs9359876,BACH2,,6,89935064,,[],NCBI_eUtils
rs7739280,BACH2,,6,89935487,,[],NCBI_eUtils
rs292251,BACH2,,6,89936507,,[],NCBI_eUtils
rs4706353,BACH2,,6,89939519,,[],NCBI_eUtils
rs3734662,BACH2,,6,89941367,,[],NCBI_eUtils
rs9362704,BACH2,,6,89943231,,[],NCBI_eUtils
rs3966851,BACH2,,6,89945142,,[],NCBI_eUtils
rs9351230,BACH2,,6,89945903,,[],NCBI_eUtils
rs210059,BACH2,,6,89949877,,[],NCBI_eUtils
rs9451298,BACH2,,6,89950600,,[],NCBI_eUtils
rs11965525,BACH2,,6,89952638,,[],NCBI_eUtils
rs17708991,BACH2,,6,89953717,,[],NCBI_eUtils
rs12213272,BACH2,,6,89954863,,[],NCBI_eUtils
rs12208074,BACH2,,6,89955999,,[],NCBI_eUtils
rs10806414,BACH2,,6,89956250,,[],NCBI_eUtils
rs9362708,BACH2,,6,89959606,,[],NCBI_eUtils
rs176713,BACH2,,6,89961395,,[],NCBI_eUtils
rs12213197,BACH2,,6,89963819,,[],NCBI_eUtils
rs16882302,BACH2,,6,89964732,,[],NCBI_eUtils
rs12525504,BACH2,,6,89965199,,[],NCBI_eUtils
rs6911941,BACH2,,6,89967407,,[],NCBI_eUtils
rs6454789,BACH2,,6,89967457,,[],NCBI_eUtils
rs6941452,BACH2,,6,89968604,,[],NCBI_eUtils
rs11969265,BACH2,,6,89973325,,[],NCBI_eUtils
rs6910129,BACH2,,6,89973868,,[],NCBI_eUtils
rs6936055,BACH2,,6,89974636,,[],NCBI_eUtils
rs6454792,BACH2,,6,89977354,,[],NCBI_eUtils
rs10806415,BACH2,,6,89985527,,[],NCBI_eUtils
rs6908310,BACH2,,6,89986047,,[],NCBI_eUtils
rs7761142,BACH2,,6,89988406,,[],NCBI_eUtils
rs6926007,BACH2,,6,89990830,,[],NCBI_eUtils
rs4707585,BACH2,,6,89997311,,[],NCBI_eUtils
rs4707586,BACH2,,6,89997563,,[],NCBI_eUtils
rs6454796,BACH2,,6,90003299,,[],NCBI_eUtils
rs9444725,BACH2,,6,90004335,,[],NCBI_eUtils
rs12661174,BACH2,,6,90005008,,[],NCBI_eUtils
rs13206749,BACH2,,6,90009158,,[],NCBI_eUtils
rs3857496,BACH2,,6,90009445,,[],NCBI_eUtils
rs9451316,BACH2,,6,90015136,,[],NCBI_eUtils
rs9444729,BACH2,,6,90020719,,[],NCBI_eUtils
rs12663434,BACH2,,6,90024363,,[],NCBI_eUtils
rs4053616,BACH2,,6,90025503,,[],NCBI_eUtils
rs16882364,BACH2,,6,90025772,,[],NCBI_eUtils
rs6931936,BACH2,,6,90029016,,[],NCBI_eUtils
rs3857498,BACH2,,6,90029453,,[],NCBI_eUtils
rs9362711,BACH2,,6,90030108,,[],NCBI_eUtils
rs12110476,BACH2,,6,90033564,,[],NCBI_eUtils
rs9342217,BACH2,,6,90035123,,[],NCBI_eUtils
rs9342219,BACH2,,6,90046734,,[],NCBI_eUtils
rs6923030,BACH2,,6,90062537,,[],NCBI_eUtils
rs4053606,BACH2,,6,90062931,,[],NCBI_eUtils
rs6932747,BACH2,,6,90067271,,[],NCBI_eUtils
rs13199026,BACH2,,6,90067875,,[],NCBI_eUtils
rs4053608,BACH2,,6,90077880,,[],NCBI_eUtils
rs9451347,BACH2,,6,90082937,,[],NCBI_eUtils
rs6919937,BACH2,,6,90084674,,[],NCBI_eUtils
rs4707594,BACH2,,6,90085624,,[],NCBI_eUtils
rs6901683,BACH2,,6,90088845,,[],NCBI_eUtils
rs990482,BACH2,,6,90097116,,[],NCBI_eUtils
rs6454802,BACH2,,6,90104480,,[],NCBI_eUtils
rs207264,BACH2,,6,90110862,,[],NCBI_eUtils
rs207269,BACH2,,6,90118450,,[],NCBI_eUtils
rs2501726,BACH2,,6,90139916,,[],NCBI_eUtils
rs2208039,BACH2,,6,90149548,,[],NCBI_eUtils
rs7748973,BACH2,,6,90155838,,[],NCBI_eUtils
rs16882480,BACH2,,6,90160265,,[],NCBI_eUtils
rs2501718,BACH2,,6,90175979,,[],NCBI_eUtils
rs9344992,BACH2,,6,90178232,,[],NCBI_eUtils
rs2501720,BACH2,,6,90189842,,[],NCBI_eUtils
rs12209546,BACH2,,6,90202875,,[],NCBI_eUtils
rs3734660,BACH2,,6,90206626,,[],NCBI_eUtils
rs2325261,BACH2,,6,90211688,,[],NCBI_eUtils
rs370409,BACH2,,6,90212021,,[],NCBI_eUtils
rs10806425,BACH2,,6,90216893,,[],NCBI_eUtils
rs206916,BACH2,,6,90218009,,[],NCBI_eUtils
rs9344996,BACH2,,6,90219582,,[],NCBI_eUtils
rs12205059,BACH2,,6,90219977,,[],NCBI_eUtils
rs206913,BACH2,,6,90227175,,[],NCBI_eUtils
rs206912,BACH2,,6,90230490,,[],NCBI_eUtils
rs11757155,BACH2,,6,90231521,,[],NCBI_eUtils
rs4707609,BACH2,,6,90236760,,[],NCBI_eUtils
rs3757247,BACH2,,6,90247744,,[],NCBI_eUtils
rs1847472,BACH2,,6,90263440,,[],NCBI_eUtils
rs661713,BACH2,,6,90266280,,[],NCBI_eUtils
rs2174281,BACH2,,6,90278153,,[],NCBI_eUtils
rs597325,BACH2,,6,90292775,,[],NCBI_eUtils
rs597325,LOC124901361,,6,90292775,,[],NCBI_eUtils
rs175722,BATF,,14,75522943,,[],NCBI_eUtils
rs1024774,BATF,,14,75532641,,[],NCBI_eUtils
rs2080254,BATF,,14,75537601,,[],NCBI_eUtils
rs2300603,BATF,,14,75539214,,[],NCBI_eUtils
rs7147148,BATF,,14,75540034,,[],NCBI_eUtils
rs4903326,BATF,,14,75544983,,[],NCBI_eUtils
rs3795736,BCAN,,1,156643140,,[],NCBI_eUtils
rs1016423,BCAN,,1,156644500,,[],NCBI_eUtils
rs2277873,BCAN,,1,156648176,,[],NCBI_eUtils
rs12065791,BCAN,,1,156651459,,[],NCBI_eUtils
rs2298135,BCAN,,1,156658204,,[],NCBI_eUtils
rs11360,BCAN,,1,156659245,,[],NCBI_eUtils
rs2927457,BCL3,,19,44753690,,[],NCBI_eUtils
rs908078,BHLHE40,,3,4983086,,[],NCBI_eUtils
rs11130215,BHLHE40,,3,4984323,,[],NCBI_eUtils
rs1480037,SSPN,,12,26124963,,[],NCBI_eUtils
rs1480037,BHLHE41,,12,26124963,,[],NCBI_eUtils
rs12438,BMP7,,20,57168849,,[],NCBI_eUtils
rs6014947,BMP7,,20,57169443,,[],NCBI_eUtils
rs10375,BMP7,,20,57170625,,[],NCBI_eUtils
rs6025422,BMP7,,20,57174725,,[],NCBI_eUtils
rs6025427,BMP7,,20,57178026,,[],NCBI_eUtils
rs3787380,BMP7,,20,57179054,,[],NCBI_eUtils
rs13037653,BMP7,,20,57179183,,[],NCBI_eUtils
rs3787382,BMP7,,20,57180114,,[],NCBI_eUtils
rs6025428,BMP7,,20,57181825,,[],NCBI_eUtils
rs6070015,BMP7,,20,57183599,,[],NCBI_eUtils
rs6064508,BMP7,,20,57185511,,[],NCBI_eUtils
rs6123674,BMP7,,20,57187891,,[],NCBI_eUtils
rs230191,BMP7,,20,57197627,,[],NCBI_eUtils
rs230198,BMP7,,20,57201391,,[],NCBI_eUtils
rs6123677,BMP7,,20,57210562,,[],NCBI_eUtils
rs6025446,BMP7,,20,57211755,,[],NCBI_eUtils
rs6025446,BMP7-AS1,,20,57211755,,[],NCBI_eUtils
rs6025447,BMP7,,20,57215091,,[],NCBI_eUtils
rs6025447,BMP7-AS1,,20,57215091,,[],NCBI_eUtils
rs6127972,BMP7,,20,57222001,,[],NCBI_eUtils
rs172983,BMP7,,20,57224983,,[],NCBI_eUtils
rs162311,BMP7,,20,57227680,,[],NCBI_eUtils
rs162312,BMP7,,20,57227802,,[],NCBI_eUtils
rs17404303,BMP7,,20,57228631,,[],NCBI_eUtils
rs6127973,BMP7,,20,57231224,,[],NCBI_eUtils
rs186659,BMP7,,20,57231284,,[],NCBI_eUtils
rs6014959,BMP7,,20,57232054,,[],NCBI_eUtils
rs6025456,BMP7,,20,57236756,,[],NCBI_eUtils
rs4361186,BMP7,,20,57241678,,[],NCBI_eUtils
rs6127983,BMP7,,20,57249419,,[],NCBI_eUtils
rs182784,BMP7,,20,57249477,,[],NCBI_eUtils
rs6127985,BMP7,,20,57249704,,[],NCBI_eUtils
rs6025468,BMP7,,20,57255095,,[],NCBI_eUtils
rs12452511,BPTF,,17,67836460,,[],NCBI_eUtils
rs2128792,BPTF,,17,67861061,,[],NCBI_eUtils
rs8080440,BPTF,,17,67870496,,[],NCBI_eUtils
rs12602912,BPTF,,17,67873957,,[],NCBI_eUtils
rs9890629,BPTF,,17,67875443,,[],NCBI_eUtils
rs12325965,BPTF,,17,67878071,,[],NCBI_eUtils
rs6504547,BPTF,,17,67886965,,[],NCBI_eUtils
rs8079754,BPTF,,17,67891780,,[],NCBI_eUtils
rs7216064,BPTF,,17,67902693,,[],NCBI_eUtils
rs7209023,BPTF,,17,67922394,,[],NCBI_eUtils
rs9914393,BPTF,,17,67938811,,[],NCBI_eUtils
rs9894962,BPTF,,17,67939433,,[],NCBI_eUtils
rs6504555,BPTF,,17,67944611,,[],NCBI_eUtils
rs11870068,BPTF,,17,67948399,,[],NCBI_eUtils
rs12449442,BPTF,,17,67951524,,[],NCBI_eUtils
rs12950044,BPTF,,17,67968329,,[],NCBI_eUtils
rs8064784,BPTF,,17,67976970,,[],NCBI_eUtils
rs7502707,BPTF,,17,67981566,,[],NCBI_eUtils
rs3811465,AIDA,,1,222712777,,[],NCBI_eUtils
rs3811465,BROX,,1,222712777,,[],NCBI_eUtils
rs3748631,AIDA,,1,222713246,,[],NCBI_eUtils
rs3748631,BROX,,1,222713246,,[],NCBI_eUtils
rs11485184,BROX,,1,222717387,,[],NCBI_eUtils
rs12033029,BROX,,1,222718757,,[],NCBI_eUtils
rs4240934,BROX,,1,222730956,,[],NCBI_eUtils
rs13267037,CFAP418,,8,95251614,,[],NCBI_eUtils
rs2165498,CFAP418,,8,95251681,,[],NCBI_eUtils
rs13270004,CFAP418,,8,95261027,,[],NCBI_eUtils
rs7835921,CFAP418,,8,95264064,,[],NCBI_eUtils
rs17364363,CC2D1B,,1,52351287,,[],NCBI_eUtils
rs7513934,CC2D1B,,1,52352516,,[],NCBI_eUtils
rs17107179,CC2D1B,,1,52354176,,[],NCBI_eUtils
rs2477101,CC2D1B,,1,52354216,,[],NCBI_eUtils
rs2820334,CC2D1B,,1,52354554,,[],NCBI_eUtils
rs9660764,CC2D1B,,1,52354668,,[],NCBI_eUtils
rs6690342,CC2D1B,,1,52355180,,[],NCBI_eUtils
rs11806164,CC2D1B,,1,52361360,,[],NCBI_eUtils
rs11079382,CCDC103,,17,44901788,,[],NCBI_eUtils
rs11079382,FAM187A,,17,44901788,,[],NCBI_eUtils
rs12451394,CCDC103,,17,44902224,,[],NCBI_eUtils
rs12451394,FAM187A,,17,44902224,,[],NCBI_eUtils
rs2267968,CHD4,,12,6570577,,[],NCBI_eUtils
rs11064256,CHD4,,12,6571372,,[],NCBI_eUtils
rs1057510,CHD4,,12,6574121,,[],NCBI_eUtils
rs16932768,CHD4,,12,6578864,,[],NCBI_eUtils
rs12310569,CHD4,,12,6588187,,[],NCBI_eUtils
rs11064271,CHD4,,12,6590488,,[],NCBI_eUtils
rs11064276,CHD4,,12,6597816,,[],NCBI_eUtils
rs1639122,CHD4,,12,6601981,,[],NCBI_eUtils
rs3794186,CHKA,,11,68053569,,[],NCBI_eUtils
rs3794186,TCIRG1,,11,68053569,,[],NCBI_eUtils
rs35046555,CHKA,,11,68067033,,[],NCBI_eUtils
rs2457180,CHKA,,11,68078729,,[],NCBI_eUtils
rs2511439,CHKA,,11,68086568,,[],NCBI_eUtils
rs2511437,CHKA,,11,68089043,,[],NCBI_eUtils
rs10791957,CHKA,,11,68100081,,[],NCBI_eUtils
rs11228131,CHKA,,11,68102854,,[],NCBI_eUtils
rs4246131,CHRAC1,,8,140515939,,[],NCBI_eUtils
rs4961323,CHRAC1,,8,140516132,,[],NCBI_eUtils
rs775700,CLK4,,5,178607998,,[],NCBI_eUtils
rs7700943,CLK4,,5,178620216,,[],NCBI_eUtils
rs2520425,CLN3,,16,28478661,,[],NCBI_eUtils
rs151181,CLN3,,16,28479196,,[],NCBI_eUtils
rs2520424,CLN3,,16,28479986,,[],NCBI_eUtils
rs2520419,CLN3,,16,28480381,,[],NCBI_eUtils
rs34837,CLN3,,16,28483153,,[],NCBI_eUtils
rs2521325,CLN3,,16,28490889,,[],NCBI_eUtils
rs1801260,CLOCK,,4,55435202,,[],NCBI_eUtils
rs1801260,TMEM165,,4,55435202,,[],NCBI_eUtils
rs6855837,CLOCK,,4,55453077,,[],NCBI_eUtils
rs6855837,TMEM165,,4,55453077,,[],NCBI_eUtils
rs11931061,CLOCK,,4,55472626,,[],NCBI_eUtils
rs17722979,CLOCK,,4,55480244,,[],NCBI_eUtils
rs3817444,CLOCK,,4,55509814,,[],NCBI_eUtils
rs13132420,CLOCK,,4,55526646,,[],NCBI_eUtils
rs1736204,COPS3,,17,17247827,,[],NCBI_eUtils
rs1736200,COPS3,,17,17252559,,[],NCBI_eUtils
rs1630656,COPS3,,17,17258573,,[],NCBI_eUtils
rs3182911,COPS3,,17,17264850,,[],NCBI_eUtils
rs12453455,COPS3,,17,17266048,,[],NCBI_eUtils
rs12340601,TLN1,,9,35733973,,[],NCBI_eUtils
rs12340601,CREB3,,9,35733973,,[],NCBI_eUtils
rs10814274,CREB3,,9,35734959,,[],NCBI_eUtils
rs34745689,CREB3,,9,35736102,,[],NCBI_eUtils
rs6958842,CREB3L2,,7,137877651,,[],NCBI_eUtils
rs6959012,CREB3L2,,7,137877758,,[],NCBI_eUtils
rs6976928,CREB3L2,,7,137877861,,[],NCBI_eUtils
rs3735019,CREB3L2,,7,137878052,,[],NCBI_eUtils
rs3735020,CREB3L2,,7,137878088,,[],NCBI_eUtils
rs3735021,CREB3L2,,7,137878688,,[],NCBI_eUtils
rs17169441,CREB3L2,,7,137880020,,[],NCBI_eUtils
rs6963146,CREB3L2,,7,137887185,,[],NCBI_eUtils
rs273938,CREB3L2,,7,137895819,,[],NCBI_eUtils
rs6969436,CREB3L2,,7,137896005,,[],NCBI_eUtils
rs1677499,CREB3L2,,7,137900035,,[],NCBI_eUtils
rs273968,CREB3L2,,7,137905623,,[],NCBI_eUtils
rs273962,CREB3L2,,7,137910507,,[],NCBI_eUtils
rs273957,CREB3L2,,7,137915944,,[],NCBI_eUtils
rs273950,CREB3L2,,7,137920923,,[],NCBI_eUtils
rs273972,CREB3L2,,7,137927825,,[],NCBI_eUtils
rs273978,CREB3L2,,7,137933406,,[],NCBI_eUtils
rs10224250,CREB3L2,,7,137933425,,[],NCBI_eUtils
rs273979,CREB3L2,,7,137933566,,[],NCBI_eUtils
rs112417,CREB3L2,,7,137936149,,[],NCBI_eUtils
rs273995,CREB3L2,,7,137944400,,[],NCBI_eUtils
rs10267160,CREB3L2,,7,137954280,,[],NCBI_eUtils
rs10267160,CREB3L2-AS1,,7,137954280,,[],NCBI_eUtils
rs274007,CREB3L2,,7,137961965,,[],NCBI_eUtils
rs274009,CREB3L2,,7,137962516,,[],NCBI_eUtils
rs274012,CREB3L2,,7,137965298,,[],NCBI_eUtils
rs889870,CREB3L2,,7,137967406,,[],NCBI_eUtils
rs1871214,CREB3L2,,7,137967876,,[],NCBI_eUtils
rs6943342,CREB3L2,,7,137975714,,[],NCBI_eUtils
rs17276467,CREB3L2,,7,137976277,,[],NCBI_eUtils
rs6948572,CREB3L2,,7,137976843,,[],NCBI_eUtils
rs6948022,CREB3L2,,7,137980025,,[],NCBI_eUtils
rs12707374,CREB3L2,,7,137984365,,[],NCBI_eUtils
rs10260498,CREB3L2,,7,137984505,,[],NCBI_eUtils
rs10954592,CREB3L2,,7,137986741,,[],NCBI_eUtils
rs11770714,CREB3L2,,7,137986794,,[],NCBI_eUtils
rs1076517,CREB3L2,,7,137987260,,[],NCBI_eUtils
rs4728427,CREB3L2,,7,137994016,,[],NCBI_eUtils
rs4732277,CREB3L2,,7,137994535,,[],NCBI_eUtils
rs4732278,CREB3L2,,7,137994599,,[],NCBI_eUtils
rs11264743,SLC39A1,,1,153969038,,[],NCBI_eUtils
rs11264743,CREB3L4,,1,153969038,,[],NCBI_eUtils
rs12403956,CREB3L4,,1,153970603,,[],NCBI_eUtils
rs12563892,CREB3L4,,1,153972276,,[],NCBI_eUtils
rs34147648,JTB,,1,153973941,,[],NCBI_eUtils
rs34147648,CREB3L4,,1,153973941,,[],NCBI_eUtils
rs1991923,CREBZF,,11,85658154,,[],NCBI_eUtils
rs3824956,CREBZF,,11,85659438,,[],NCBI_eUtils
rs7116195,CREBZF,,11,85662624,,[],NCBI_eUtils
rs1192,CREBZF,,11,85663949,,[],NCBI_eUtils
rs17810766,CREBZF,,11,85664557,,[],NCBI_eUtils
rs17499247,CREM,,10,35137827,,[],NCBI_eUtils
rs16935888,CREM,,10,35143477,,[],NCBI_eUtils
rs11010110,CREM,,10,35154112,,[],NCBI_eUtils
rs9783159,CREM,,10,35167461,,[],NCBI_eUtils
rs10508816,CREM,,10,35171048,,[],NCBI_eUtils
rs1531550,CREM,,10,35175850,,[],NCBI_eUtils
rs12240732,CREM,,10,35175897,,[],NCBI_eUtils
rs11010116,CREM,,10,35181214,,[],NCBI_eUtils
rs2505639,CREM,,10,35185493,,[],NCBI_eUtils
rs4934540,CREM,,10,35185771,,[],NCBI_eUtils
rs1148247,CREM,,10,35208018,,[],NCBI_eUtils
rs9941095,CTCF,,16,67564313,,[],NCBI_eUtils
rs9941095,LOC124903703,,16,67564313,,[],NCBI_eUtils
rs34523198,CTCF,,16,67574084,,[],NCBI_eUtils
rs28711261,CTCF,,16,67583283,,[],NCBI_eUtils
rs17686899,CTCF,,16,67593732,,[],NCBI_eUtils
rs12595963,CTCF,,16,67612400,,[],NCBI_eUtils
rs16957489,CTCF,,16,67617976,,[],NCBI_eUtils
rs2906721,CUX1,,7,101823718,,[],NCBI_eUtils
rs2970463,CUX1,,7,101839402,,[],NCBI_eUtils
rs2970459,CUX1,,7,101851627,,[],NCBI_eUtils
rs13232623,CUX1,,7,101854169,,[],NCBI_eUtils
rs11773426,CUX1,,7,101862452,,[],NCBI_eUtils
rs10245008,CUX1,,7,101870124,,[],NCBI_eUtils
rs10270083,CUX1,,7,101882968,,[],NCBI_eUtils
rs13238593,CUX1,,7,101888501,,[],NCBI_eUtils
rs11765661,CUX1,,7,101889441,,[],NCBI_eUtils
rs4644158,CUX1,,7,101893446,,[],NCBI_eUtils
rs10264866,CUX1,,7,101894246,,[],NCBI_eUtils
rs13236072,CUX1,,7,101905506,,[],NCBI_eUtils
rs6465837,CUX1,,7,101905727,,[],NCBI_eUtils
rs11974778,CUX1,,7,101913083,,[],NCBI_eUtils
rs2906656,CUX1,,7,101917454,,[],NCBI_eUtils
rs2906655,CUX1,,7,101926022,,[],NCBI_eUtils
rs2906649,CUX1,,7,101933758,,[],NCBI_eUtils
rs434564,CUX1,,7,101948281,,[],NCBI_eUtils
rs7810922,CUX1,,7,101954184,,[],NCBI_eUtils
rs407366,CUX1,,7,101961366,,[],NCBI_eUtils
rs2031085,CUX1,,7,101963045,,[],NCBI_eUtils
rs2410922,CUX1,,7,101983360,,[],NCBI_eUtils
rs439124,CUX1,,7,101983488,,[],NCBI_eUtils
rs12537526,CUX1,,7,101987317,,[],NCBI_eUtils
rs202161,CUX1,,7,101992055,,[],NCBI_eUtils
rs202159,CUX1,,7,101993966,,[],NCBI_eUtils
rs12668172,CUX1,,7,102003863,,[],NCBI_eUtils
rs10488043,CUX1,,7,102006342,,[],NCBI_eUtils
rs10259603,CUX1,,7,102010464,,[],NCBI_eUtils
rs11769397,CUX1,,7,102024236,,[],NCBI_eUtils
rs4727516,CUX1,,7,102025675,,[],NCBI_eUtils
rs6465845,CUX1,,7,102028441,,[],NCBI_eUtils
rs17134999,CUX1,,7,102028877,,[],NCBI_eUtils
rs12672026,CUX1,,7,102029556,,[],NCBI_eUtils
rs10246310,CUX1,,7,102050028,,[],NCBI_eUtils
rs12112504,CUX1,,7,102054700,,[],NCBI_eUtils
rs380934,CUX1,,7,102079145,,[],NCBI_eUtils
rs446076,CUX1,,7,102088685,,[],NCBI_eUtils
rs16869529,CUX1,,7,102093084,,[],NCBI_eUtils
rs201460,CUX1,,7,102098291,,[],NCBI_eUtils
rs201480,CUX1,,7,102104295,,[],NCBI_eUtils
rs10271680,CUX1,,7,102106825,,[],NCBI_eUtils
rs201492,CUX1,,7,102110858,,[],NCBI_eUtils
rs11975153,CUX1,,7,102114170,,[],NCBI_eUtils
rs201501,CUX1,,7,102115304,,[],NCBI_eUtils
rs201525,CUX1,,7,102129825,,[],NCBI_eUtils
rs424028,CUX1,,7,102141438,,[],NCBI_eUtils
rs409419,CUX1,,7,102152714,,[],NCBI_eUtils
rs411030,CUX1,,7,102174515,,[],NCBI_eUtils
rs17135072,CUX1,,7,102175051,,[],NCBI_eUtils
rs17498137,CUX1,,7,102192072,,[],NCBI_eUtils
rs6465852,CUX1,,7,102203618,,[],NCBI_eUtils
rs385417,CUX1,,7,102221556,,[],NCBI_eUtils
rs409224,CUX1,,7,102221930,,[],NCBI_eUtils
rs449806,CUX1,,7,102232361,,[],NCBI_eUtils
rs392606,CUX1,,7,102242534,,[],NCBI_eUtils
rs392606,LOC124901711,,7,102242534,,[],NCBI_eUtils
rs427534,CUX1,,7,102243424,,[],NCBI_eUtils
rs427534,LOC124901711,,7,102243424,,[],NCBI_eUtils
rs367634,CUX1,,7,102249553,,[],NCBI_eUtils
rs2734605,CUX1,,7,102252584,,[],NCBI_eUtils
rs1734729,CUX1,,7,102258372,,[],NCBI_eUtils
rs2694158,CUX1,,7,102264544,,[],NCBI_eUtils
rs875659,CUX1,,7,102266376,,[],NCBI_eUtils
rs2974957,CUX1,,7,102273527,,[],NCBI_eUtils
rs803064,CUX1,,7,102274250,,[],NCBI_eUtils
rs712839,CUX1,,7,102274376,,[],NCBI_eUtils
rs2274158,WHRN,,9,114403926,,[],NCBI_eUtils
rs2274159,WHRN,,9,114403966,,[],NCBI_eUtils
rs7849013,WHRN,,9,114419150,,[],NCBI_eUtils
rs10739411,WHRN,,9,114420869,,[],NCBI_eUtils
rs2181928,WHRN,,9,114423115,,[],NCBI_eUtils
rs4978584,WHRN,,9,114424432,,[],NCBI_eUtils
rs10817610,WHRN,,9,114426286,,[],NCBI_eUtils
rs7851968,WHRN,,9,114432225,,[],NCBI_eUtils
rs4978587,WHRN,,9,114432919,,[],NCBI_eUtils
rs7044547,WHRN,,9,114435213,,[],NCBI_eUtils
rs1924683,WHRN,,9,114435993,,[],NCBI_eUtils
rs10982218,WHRN,,9,114437860,,[],NCBI_eUtils
rs10513245,WHRN,,9,114443052,,[],NCBI_eUtils
rs10982222,WHRN,,9,114446705,,[],NCBI_eUtils
rs942520,WHRN,,9,114452629,,[],NCBI_eUtils
rs4979397,WHRN,,9,114457608,,[],NCBI_eUtils
rs10759707,WHRN,,9,114460007,,[],NCBI_eUtils
rs4979402,WHRN,,9,114460395,,[],NCBI_eUtils
rs10217748,WHRN,,9,114463378,,[],NCBI_eUtils
rs4979407,WHRN,,9,114465835,,[],NCBI_eUtils
rs12004144,WHRN,,9,114467957,,[],NCBI_eUtils
rs10817618,WHRN,,9,114469133,,[],NCBI_eUtils
rs1000709,WHRN,,9,114475474,,[],NCBI_eUtils
rs16929518,WHRN,,9,114480319,,[],NCBI_eUtils
rs725340,WHRN,,9,114487594,,[],NCBI_eUtils
rs1535960,WHRN,,9,114489072,,[],NCBI_eUtils
rs12551529,WHRN,,9,114494616,,[],NCBI_eUtils
rs12551529,LOC124902254,,9,114494616,,[],NCBI_eUtils
rs4979418,WHRN,,9,114501803,,[],NCBI_eUtils
rs2296262,WHRN,,9,114503126,,[],NCBI_eUtils
rs12452369,DHRS7B,,17,21130423,,[],NCBI_eUtils
rs2035255,DHRS7B,,17,21145600,,[],NCBI_eUtils
rs8070360,DHRS7B,,17,21167588,,[],NCBI_eUtils
rs12944701,DHRS7B,,17,21168918,,[],NCBI_eUtils
rs899332,DHRS7B,,17,21169029,,[],NCBI_eUtils
rs899333,DHRS7B,,17,21169050,,[],NCBI_eUtils
rs11655786,DHRS7B,,17,21170840,,[],NCBI_eUtils
rs8080379,DHRS7B,,17,21177642,,[],NCBI_eUtils
rs3744224,DHRS7B,,17,21184675,,[],NCBI_eUtils
rs16833535,SLC49A4,,3,122805418,,[],NCBI_eUtils
rs9872909,SLC49A4,,3,122812530,,[],NCBI_eUtils
rs9847351,SLC49A4,,3,122832142,,[],NCBI_eUtils
rs10934619,SLC49A4,,3,122848326,,[],NCBI_eUtils
rs7650313,SLC49A4,,3,122852588,,[],NCBI_eUtils
rs16833588,SLC49A4,,3,122857345,,[],NCBI_eUtils
rs6794427,SLC49A4,,3,122873811,,[],NCBI_eUtils
rs6780615,SLC49A4,,3,122876930,,[],NCBI_eUtils
rs1058562,DLX4,,17,49974300,,[],NCBI_eUtils
rs1058564,DLX4,,17,49974408,,[],NCBI_eUtils
rs16960870,DRG2,,17,18091117,,[],NCBI_eUtils
rs2975004,DRG2,,17,18096043,,[],NCBI_eUtils
rs2955387,DRG2,,17,18104975,,[],NCBI_eUtils
rs2230317,DRG2,,17,18107222,,[],NCBI_eUtils
rs2230317,MYO15A,,17,18107222,,[],NCBI_eUtils
rs2230317,LOC105371566,,17,18107222,,[],NCBI_eUtils
rs2567599,DUSP11,,2,73766947,,[],NCBI_eUtils
rs13033744,DUSP11,,2,73771846,,[],NCBI_eUtils
rs2421559,DUSP11,,2,73772527,,[],NCBI_eUtils
rs2272051,DUSP11,,2,73780009,,[],NCBI_eUtils
rs3213178,E2F1,,20,33676723,,[],NCBI_eUtils
rs3213178,NECAB3,,20,33676723,,[],NCBI_eUtils
rs3213172,E2F1,,20,33677511,,[],NCBI_eUtils
rs2071056,E2F1,,20,33677707,,[],NCBI_eUtils
rs2071054,E2F1,,20,33678033,,[],NCBI_eUtils
rs9368188,E2F3,,6,20413490,,[],NCBI_eUtils
rs12527393,E2F3,,6,20414109,,[],NCBI_eUtils
rs17569598,E2F3,,6,20414567,,[],NCBI_eUtils
rs911361,E2F3,,6,20414822,,[],NCBI_eUtils
rs9295464,E2F3,,6,20416341,,[],NCBI_eUtils
rs746720,E2F3,,6,20417745,,[],NCBI_eUtils
rs2328488,E2F3,,6,20418098,,[],NCBI_eUtils
rs7752992,E2F3,,6,20425227,,[],NCBI_eUtils
rs9465742,E2F3,,6,20432846,,[],NCBI_eUtils
rs7760528,E2F3,,6,20442123,,[],NCBI_eUtils
rs9295468,E2F3,,6,20452504,,[],NCBI_eUtils
rs6938550,E2F3,,6,20461907,,[],NCBI_eUtils
rs6926668,E2F3,,6,20467347,,[],NCBI_eUtils
rs12205236,E2F3,,6,20470677,,[],NCBI_eUtils
rs4712500,E2F3,,6,20471768,,[],NCBI_eUtils
rs3828858,E2F3,,6,20480355,,[],NCBI_eUtils
rs3806114,E2F3,,6,20482104,,[],NCBI_eUtils
rs7747931,E2F3,,6,20482180,,[],NCBI_eUtils
rs11964747,E2F3,,6,20485667,,[],NCBI_eUtils
rs4134958,E2F3,,6,20486275,,[],NCBI_eUtils
rs4134967,E2F3,,6,20487366,,[],NCBI_eUtils
rs2328524,E2F3,,6,20488003,,[],NCBI_eUtils
rs4134982,E2F3,,6,20490197,,[],NCBI_eUtils
rs4134989,E2F3,,6,20493230,,[],NCBI_eUtils
rs3730393,E2F4,,16,67192502,,[],NCBI_eUtils
rs3730394,E2F4,,16,67193366,,[],NCBI_eUtils
rs3730397,E2F4,,16,67194225,,[],NCBI_eUtils
rs3730403,E2F4,,16,67195583,,[],NCBI_eUtils
rs3730406,E2F4,,16,67196519,,[],NCBI_eUtils
rs3809629,E2F4,,16,67198678,,[],NCBI_eUtils
rs3809629,ELMO3,,16,67198678,,[],NCBI_eUtils
rs11700,E2F4,,16,67198781,,[],NCBI_eUtils
rs11700,ELMO3,,16,67198781,,[],NCBI_eUtils
rs6712902,E2F6,,2,11444525,,[],NCBI_eUtils
rs4292073,E2F6,,2,11449236,,[],NCBI_eUtils
rs3791679,EFEMP1,,2,55869757,,[],NCBI_eUtils
rs3791679,LOC112268416,,2,55869757,,[],NCBI_eUtils
rs17047290,EFEMP1,,2,55878799,,[],NCBI_eUtils
rs1346786,EFEMP1,,2,55881198,,[],NCBI_eUtils
rs3791675,EFEMP1,,2,55884174,,[],NCBI_eUtils
rs10496055,EFEMP1,,2,55888724,,[],NCBI_eUtils
rs10865291,EFEMP1,,2,55890911,,[],NCBI_eUtils
rs727878,EFEMP1,,2,55892522,,[],NCBI_eUtils
rs1344733,EFEMP1,,2,55900892,,[],NCBI_eUtils
rs3791661,EFEMP1,,2,55902735,,[],NCBI_eUtils
rs3791660,EFEMP1,,2,55902745,,[],NCBI_eUtils
rs1430195,EFEMP1,,2,55903505,,[],NCBI_eUtils
rs7559906,EFEMP1,,2,55905905,,[],NCBI_eUtils
rs4233964,EFEMP1,,2,55908362,,[],NCBI_eUtils
rs12292,EFEMP1,,2,55917975,,[],NCBI_eUtils
rs10496056,EFEMP1,,2,55918135,,[],NCBI_eUtils
rs11743810,EGR1,,5,138466715,,[],NCBI_eUtils
rs10995314,EGR2,,10,62812410,,[],NCBI_eUtils
rs286925,EHF,,11,34621121,,[],NCBI_eUtils
rs717582,EHF,,11,34621276,,[],NCBI_eUtils
rs286921,EHF,,11,34622174,,[],NCBI_eUtils
rs443816,EHF,,11,34622936,,[],NCBI_eUtils
rs16925912,EHF,,11,34623621,,[],NCBI_eUtils
rs16925915,EHF,,11,34623656,,[],NCBI_eUtils
rs10488740,EHF,,11,34627068,,[],NCBI_eUtils
rs12283617,EHF,,11,34627329,,[],NCBI_eUtils
rs10768085,EHF,,11,34629217,,[],NCBI_eUtils
rs1377496,EHF,,11,34629365,,[],NCBI_eUtils
rs17358295,EHF,,11,34632224,,[],NCBI_eUtils
rs286913,EHF,,11,34633816,,[],NCBI_eUtils
rs968251,EHF,,11,34634389,,[],NCBI_eUtils
rs7945550,EHF,,11,34635117,,[],NCBI_eUtils
rs286912,EHF,,11,34635597,,[],NCBI_eUtils
rs7936502,EHF,,11,34638260,,[],NCBI_eUtils
rs12366193,EHF,,11,34639071,,[],NCBI_eUtils
rs3794155,EHF,,11,34640573,,[],NCBI_eUtils
rs286905,EHF,,11,34641414,,[],NCBI_eUtils
rs3751074,EHF,,11,34644378,,[],NCBI_eUtils
rs3751075,EHF,,11,34644516,,[],NCBI_eUtils
rs3751076,EHF,,11,34645303,,[],NCBI_eUtils
rs9804460,EHF,,11,34646628,,[],NCBI_eUtils
rs286899,EHF,,11,34650614,,[],NCBI_eUtils
rs11032801,EHF,,11,34651342,,[],NCBI_eUtils
rs10488739,EHF,,11,34653532,,[],NCBI_eUtils
rs3818514,EHF,,11,34658506,,[],NCBI_eUtils
rs7925421,EHF,,11,34660130,,[],NCBI_eUtils
rs7940320,EHF,,11,34660214,,[],NCBI_eUtils
rs286887,EHF,,11,34661220,,[],NCBI_eUtils
rs1056835,ELF1,,13,40932585,,[],NCBI_eUtils
rs1056824,ELF1,,13,40932748,,[],NCBI_eUtils
rs9566629,ELF1,,13,40940324,,[],NCBI_eUtils
rs7987185,ELF1,,13,40941235,,[],NCBI_eUtils
rs9525435,ELF1,,13,40949740,,[],NCBI_eUtils
rs7799,ELF1,,13,40958916,,[],NCBI_eUtils
rs10507487,ELF1,,13,40986466,,[],NCBI_eUtils
rs10507489,ELF1,,13,40990286,,[],NCBI_eUtils
rs9594472,ELF1,,13,40994010,,[],NCBI_eUtils
rs7334701,ELF1,,13,41005802,,[],NCBI_eUtils
rs9315801,ELF1,,13,41011918,,[],NCBI_eUtils
rs3788848,ELF4,,X,130065837,,[],NCBI_eUtils
rs3788846,ELF4,,X,130066155,,[],NCBI_eUtils
rs11096260,ELF4,,X,130074988,,[],NCBI_eUtils
rs209990,ELF4,,X,130098416,,[],NCBI_eUtils
rs210009,ELF4,,X,130103591,,[],NCBI_eUtils
rs210011,ELF4,,X,130108962,,[],NCBI_eUtils
rs210011,RAB33A,,X,130108962,,[],NCBI_eUtils
rs12858396,ELK1,,X,47640066,,[],NCBI_eUtils
rs2227997,ELK1,,X,47641301,,[],NCBI_eUtils
rs1998837,ELK1,,X,47643466,,[],NCBI_eUtils
rs2283735,ELK1,,X,47648342,,[],NCBI_eUtils
rs2742918,ELK1,,X,47649486,,[],NCBI_eUtils
rs722527,ELK3,,12,96202444,,[],NCBI_eUtils
rs2268509,ELK3,,12,96206002,,[],NCBI_eUtils
rs10735341,ELK3,,12,96210669,,[],NCBI_eUtils
rs2075362,ELK3,,12,96213111,,[],NCBI_eUtils
rs2300554,ELK3,,12,96223246,,[],NCBI_eUtils
rs2302902,ELK3,,12,96223526,,[],NCBI_eUtils
rs2300553,ELK3,,12,96224985,,[],NCBI_eUtils
rs4762140,ELK3,,12,96227234,,[],NCBI_eUtils
rs10777775,ELK3,,12,96228656,,[],NCBI_eUtils
rs6538703,ELK3,,12,96230521,,[],NCBI_eUtils
rs10777776,ELK3,,12,96236848,,[],NCBI_eUtils
rs10777776,LOC124902991,,12,96236848,,[],NCBI_eUtils
rs2300552,ELK3,,12,96240801,,[],NCBI_eUtils
rs4608180,ELK3,,12,96248070,,[],NCBI_eUtils
rs4762291,ELK3,,12,96253709,,[],NCBI_eUtils
rs10745751,ELK3,,12,96258580,,[],NCBI_eUtils
rs4762144,ELK3,,12,96259723,,[],NCBI_eUtils
rs7974921,ELK3,,12,96266933,,[],NCBI_eUtils
rs2302901,ELK3,,12,96267236,,[],NCBI_eUtils
rs4573566,ELK4,,1,205611188,,[],NCBI_eUtils
rs3789461,ELK4,,1,205619509,,[],NCBI_eUtils
rs2185811,ELK4,,1,205627742,,[],NCBI_eUtils
rs1468691,ERF,,19,42250285,,[],NCBI_eUtils
rs13382091,ERF,,19,42251192,,[],NCBI_eUtils
rs3020334,ESR1,,6,151691821,,[],NCBI_eUtils
rs1293936,ESR1,,6,151696556,,[],NCBI_eUtils
rs11967900,ESR1,,6,151701667,,[],NCBI_eUtils
rs851982,ESR1,,6,151703850,,[],NCBI_eUtils
rs12525163,ESR1,,6,151719156,,[],NCBI_eUtils
rs10484921,ESR1,,6,151721125,,[],NCBI_eUtils
rs1159327,ESR1,,6,151726887,,[],NCBI_eUtils
rs11964488,ESR1,,6,151728022,,[],NCBI_eUtils
rs3020343,ESR1,,6,151733228,,[],NCBI_eUtils
rs12195741,ESR1,,6,151733239,,[],NCBI_eUtils
rs1856058,ESR1,,6,151739277,,[],NCBI_eUtils
rs2982551,ESR1,,6,151740075,,[],NCBI_eUtils
rs3020306,ESR1,,6,151744751,,[],NCBI_eUtils
rs3020306,LOC107986529,,6,151744751,,[],NCBI_eUtils
rs1999805,ESR1,,6,151747229,,[],NCBI_eUtils
rs1999805,LOC107986529,,6,151747229,,[],NCBI_eUtils
rs1336981,ESR1,,6,151761234,,[],NCBI_eUtils
rs1336981,LOC107986529,,6,151761234,,[],NCBI_eUtils
rs1890010,ESR1,,6,151764140,,[],NCBI_eUtils
rs1890010,LOC107986529,,6,151764140,,[],NCBI_eUtils
rs2485209,ESR1,,6,151768633,,[],NCBI_eUtils
rs6939257,ESR1,,6,151768910,,[],NCBI_eUtils
rs6939683,ESR1,,6,151769189,,[],NCBI_eUtils
rs2504063,ESR1,,6,151769572,,[],NCBI_eUtils
rs4870053,ESR1,,6,151771614,,[],NCBI_eUtils
rs2504065,ESR1,,6,151774032,,[],NCBI_eUtils
rs2248586,ESR1,,6,151774197,,[],NCBI_eUtils
rs1285057,ESR1,,6,151782657,,[],NCBI_eUtils
rs543650,ESR1,,6,151789808,,[],NCBI_eUtils
rs17081685,ESR1,,6,151795520,,[],NCBI_eUtils
rs2881766,ESR1,,6,151797984,,[],NCBI_eUtils
rs11964281,ESR1,,6,151800307,,[],NCBI_eUtils
rs488133,ESR1,,6,151804309,,[],NCBI_eUtils
rs9371556,ESR1,,6,151806530,,[],NCBI_eUtils
rs2077647,ESR1,,6,151807942,,[],NCBI_eUtils
rs532010,ESR1,,6,151809783,,[],NCBI_eUtils
rs6920483,ESR1,,6,151810186,,[],NCBI_eUtils
rs13362744,ESR1,,6,151811079,,[],NCBI_eUtils
rs9340776,ESR1,,6,151814316,,[],NCBI_eUtils
rs9371557,ESR1,,6,151819074,,[],NCBI_eUtils
rs7759411,ESR1,,6,151827735,,[],NCBI_eUtils
rs11969288,ESR1,,6,151828065,,[],NCBI_eUtils
rs11155813,ESR1,,6,151828300,,[],NCBI_eUtils
rs7761133,ESR1,,6,151830728,,[],NCBI_eUtils
rs6909023,ESR1,,6,151832562,,[],NCBI_eUtils
rs827423,ESR1,,6,151835062,,[],NCBI_eUtils
rs17081771,ESR1,,6,151835442,,[],NCBI_eUtils
rs17081781,ESR1,,6,151838846,,[],NCBI_eUtils
rs9322331,ESR1,,6,151841182,,[],NCBI_eUtils
rs9340820,ESR1,,6,151854690,,[],NCBI_eUtils
rs1514348,ESR1,,6,151861180,,[],NCBI_eUtils
rs1643821,ESR1,,6,151862416,,[],NCBI_eUtils
rs11155819,ESR1,,6,151878224,,[],NCBI_eUtils
rs9322335,ESR1,,6,151878994,,[],NCBI_eUtils
rs9322336,ESR1,,6,151879295,,[],NCBI_eUtils
rs6557170,ESR1,,6,151881969,,[],NCBI_eUtils
rs11155820,ESR1,,6,151883075,,[],NCBI_eUtils
rs7761846,ESR1,,6,151891373,,[],NCBI_eUtils
rs2347867,ESR1,,6,151908715,,[],NCBI_eUtils
rs6557171,ESR1,,6,151913458,,[],NCBI_eUtils
rs11155823,ESR1,,6,151917000,,[],NCBI_eUtils
rs988328,ESR1,,6,151920015,,[],NCBI_eUtils
rs9383598,ESR1,,6,151938799,,[],NCBI_eUtils
rs4583998,ESR1,,6,151939533,,[],NCBI_eUtils
rs9397459,ESR1,,6,151944524,,[],NCBI_eUtils
rs3020410,ESR1,,6,151945242,,[],NCBI_eUtils
rs3003917,ESR1,,6,151945333,,[],NCBI_eUtils
rs3020424,ESR1,,6,151947348,,[],NCBI_eUtils
rs3020314,ESR1,,6,151949537,,[],NCBI_eUtils
rs3003921,ESR1,,6,151958379,,[],NCBI_eUtils
rs985191,ESR1,,6,151962323,,[],NCBI_eUtils
rs3003925,ESR1,,6,151963323,,[],NCBI_eUtils
rs2982689,ESR1,,6,151964017,,[],NCBI_eUtils
rs7739506,ESR1,,6,151965308,,[],NCBI_eUtils
rs985695,ESR1,,6,151965570,,[],NCBI_eUtils
rs6938143,ESR1,,6,151966034,,[],NCBI_eUtils
rs2347869,ESR1,,6,151966160,,[],NCBI_eUtils
rs2347872,ESR1,,6,151971537,,[],NCBI_eUtils
rs3020325,ESR1,,6,151972770,,[],NCBI_eUtils
rs2982683,ESR1,,6,151977300,,[],NCBI_eUtils
rs7769328,ESR1,,6,151977937,,[],NCBI_eUtils
rs9340939,ESR1,,6,151979492,,[],NCBI_eUtils
rs726281,ESR1,,6,151981443,,[],NCBI_eUtils
rs728524,ESR1,,6,151982302,,[],NCBI_eUtils
rs9397463,ESR1,,6,151983193,,[],NCBI_eUtils
rs926777,ESR1,,6,151983912,,[],NCBI_eUtils
rs2982684,ESR1,,6,151985069,,[],NCBI_eUtils
rs9371236,ESR1,,6,151985211,,[],NCBI_eUtils
rs3020407,ESR1,,6,151986126,,[],NCBI_eUtils
rs2144025,ESR1,,6,151986571,,[],NCBI_eUtils
rs7743290,ESR1,,6,151987997,,[],NCBI_eUtils
rs9340941,ESR1,,6,151992011,,[],NCBI_eUtils
rs9340944,ESR1,,6,151992583,,[],NCBI_eUtils
rs722208,ESR1,,6,152001750,,[],NCBI_eUtils
rs17082000,ESR1,,6,152004486,,[],NCBI_eUtils
rs1569788,ESR1,,6,152007481,,[],NCBI_eUtils
rs9340958,ESR1,,6,152009538,,[],NCBI_eUtils
rs13203975,ESR1,,6,152011969,,[],NCBI_eUtils
rs9340978,ESR1,,6,152012810,,[],NCBI_eUtils
rs9478265,ESR1,,6,152027766,,[],NCBI_eUtils
rs2982712,ESR1,,6,152037044,,[],NCBI_eUtils
rs3020434,ESR1,,6,152037805,,[],NCBI_eUtils
rs3020365,ESR1,,6,152046858,,[],NCBI_eUtils
rs3020366,ESR1,,6,152047623,,[],NCBI_eUtils
rs3020368,ESR1,,6,152050055,,[],NCBI_eUtils
rs6932864,ESR1,,6,152055340,,[],NCBI_eUtils
rs2273206,ESR1,,6,152061176,,[],NCBI_eUtils
rs2273207,ESR1,,6,152061190,,[],NCBI_eUtils
rs2207396,ESR1,,6,152061247,,[],NCBI_eUtils
rs3778082,ESR1,,6,152066529,,[],NCBI_eUtils
rs3020375,ESR1,,6,152068833,,[],NCBI_eUtils
rs12199102,ESR1,,6,152071426,,[],NCBI_eUtils
rs3020382,ESR1,,6,152091002,,[],NCBI_eUtils
rs2982900,ESR1,,6,152093857,,[],NCBI_eUtils
rs9341052,ESR1,,6,152095490,,[],NCBI_eUtils
rs2228480,ESR1,,6,152098960,,[],NCBI_eUtils
rs3798758,ESR1,,6,152100719,,[],NCBI_eUtils
rs3798757,ESR1,,6,152103108,,[],NCBI_eUtils
rs493052,ESRRA,,11,64310908,,[],NCBI_eUtils
rs11600990,ESRRA,,11,64315335,,[],NCBI_eUtils
rs3738493,ESRRG,,1,216505524,,[],NCBI_eUtils
rs3738492,ESRRG,,1,216505595,,[],NCBI_eUtils
rs11572832,ESRRG,,1,216506628,,[],NCBI_eUtils
rs9803970,ESRRG,,1,216515497,,[],NCBI_eUtils
rs7529338,ESRRG,,1,216516990,,[],NCBI_eUtils
rs17042719,ESRRG,,1,216517713,,[],NCBI_eUtils
rs6604627,ESRRG,,1,216517963,,[],NCBI_eUtils
rs10779265,ESRRG,,1,216518660,,[],NCBI_eUtils
rs945453,ESRRG,,1,216519327,,[],NCBI_eUtils
rs12027943,ESRRG,,1,216520449,,[],NCBI_eUtils
rs12745466,ESRRG,,1,216523585,,[],NCBI_eUtils
rs12058696,ESRRG,,1,216527482,,[],NCBI_eUtils
rs11117608,ESRRG,,1,216527900,,[],NCBI_eUtils
rs6696225,ESRRG,,1,216532623,,[],NCBI_eUtils
rs9651260,ESRRG,,1,216532751,,[],NCBI_eUtils
rs1833036,ESRRG,,1,216533670,,[],NCBI_eUtils
rs6694260,ESRRG,,1,216539549,,[],NCBI_eUtils
rs2377098,ESRRG,,1,216542172,,[],NCBI_eUtils
rs12145418,ESRRG,,1,216542978,,[],NCBI_eUtils
rs11572795,ESRRG,,1,216550041,,[],NCBI_eUtils
rs10495028,ESRRG,,1,216550373,,[],NCBI_eUtils
rs1846224,ESRRG,,1,216550873,,[],NCBI_eUtils
rs10442688,ESRRG,,1,216552991,,[],NCBI_eUtils
rs4846528,ESRRG,,1,216553981,,[],NCBI_eUtils
rs10863252,ESRRG,,1,216556092,,[],NCBI_eUtils
rs1566224,ESRRG,,1,216556694,,[],NCBI_eUtils
rs17668665,ESRRG,,1,216558156,,[],NCBI_eUtils
rs7520795,ESRRG,,1,216559376,,[],NCBI_eUtils
rs6693114,ESRRG,,1,216561979,,[],NCBI_eUtils
rs7553212,ESRRG,,1,216565446,,[],NCBI_eUtils
rs11572766,ESRRG,,1,216567972,,[],NCBI_eUtils
rs11117625,ESRRG,,1,216569922,,[],NCBI_eUtils
rs1984137,ESRRG,,1,216571903,,[],NCBI_eUtils
rs17042922,ESRRG,,1,216577870,,[],NCBI_eUtils
rs17042929,ESRRG,,1,216579381,,[],NCBI_eUtils
rs1857409,ESRRG,,1,216580602,,[],NCBI_eUtils
rs1335964,ESRRG,,1,216580756,,[],NCBI_eUtils
rs6701062,ESRRG,,1,216582411,,[],NCBI_eUtils
rs17042952,ESRRG,,1,216583240,,[],NCBI_eUtils
rs17669622,ESRRG,,1,216583479,,[],NCBI_eUtils
rs10218694,ESRRG,,1,216587765,,[],NCBI_eUtils
rs2201838,ESRRG,,1,216597374,,[],NCBI_eUtils
rs1833039,ESRRG,,1,216598307,,[],NCBI_eUtils
rs7544758,ESRRG,,1,216604345,,[],NCBI_eUtils
rs1826977,ESRRG,,1,216610186,,[],NCBI_eUtils
rs10863259,ESRRG,,1,216613827,,[],NCBI_eUtils
rs11572727,ESRRG,,1,216614460,,[],NCBI_eUtils
rs7553463,ESRRG,,1,216614842,,[],NCBI_eUtils
rs6673703,ESRRG,,1,216616221,,[],NCBI_eUtils
rs1970625,ESRRG,,1,216617745,,[],NCBI_eUtils
rs1857407,ESRRG,,1,216618263,,[],NCBI_eUtils
rs11577585,ESRRG,,1,216622353,,[],NCBI_eUtils
rs1414529,ESRRG,,1,216625464,,[],NCBI_eUtils
rs1414530,ESRRG,,1,216625488,,[],NCBI_eUtils
rs12089054,ESRRG,,1,216627357,,[],NCBI_eUtils
rs10779269,ESRRG,,1,216627863,,[],NCBI_eUtils
rs1846228,ESRRG,,1,216634178,,[],NCBI_eUtils
rs1817998,ESRRG,,1,216639902,,[],NCBI_eUtils
rs1498282,ESRRG,,1,216640965,,[],NCBI_eUtils
rs2047429,ESRRG,,1,216643539,,[],NCBI_eUtils
rs4846617,ESRRG,,1,216649273,,[],NCBI_eUtils
rs6700565,ESRRG,,1,216650363,,[],NCBI_eUtils
rs11117644,ESRRG,,1,216653684,,[],NCBI_eUtils
rs7538424,ESRRG,,1,216656566,,[],NCBI_eUtils
rs1339344,ESRRG,,1,216660584,,[],NCBI_eUtils
rs946468,ESRRG,,1,216663234,,[],NCBI_eUtils
rs10495032,ESRRG,,1,216663884,,[],NCBI_eUtils
rs7550534,ESRRG,,1,216666084,,[],NCBI_eUtils
rs946465,ESRRG,,1,216667029,,[],NCBI_eUtils
rs1416612,ESRRG,,1,216669193,,[],NCBI_eUtils
rs10127480,ESRRG,,1,216671081,,[],NCBI_eUtils
rs2133123,ESRRG,,1,216671475,,[],NCBI_eUtils
rs12121367,ESRRG,,1,216675429,,[],NCBI_eUtils
rs4426040,ESRRG,,1,216678834,,[],NCBI_eUtils
rs12754372,ESRRG,,1,216679837,,[],NCBI_eUtils
rs6695824,ESRRG,,1,216680659,,[],NCBI_eUtils
rs11580756,ESRRG,,1,216680806,,[],NCBI_eUtils
rs4846641,ESRRG,,1,216682773,,[],NCBI_eUtils
rs4085154,ESRRG,,1,216684671,,[],NCBI_eUtils
rs17043350,ESRRG,,1,216685754,,[],NCBI_eUtils
rs2211118,ESRRG,,1,216690876,,[],NCBI_eUtils
rs11117663,ESRRG,,1,216698859,,[],NCBI_eUtils
rs2820883,ESRRG,,1,216699119,,[],NCBI_eUtils
rs17627954,ESRRG,,1,216700597,,[],NCBI_eUtils
rs2789724,ESRRG,,1,216700959,,[],NCBI_eUtils
rs17679272,ESRRG,,1,216701812,,[],NCBI_eUtils
rs2066108,ESRRG,,1,216704150,,[],NCBI_eUtils
rs1416611,ESRRG,,1,216705116,,[],NCBI_eUtils
rs11572672,ESRRG,,1,216707320,,[],NCBI_eUtils
rs2789718,ESRRG,,1,216712659,,[],NCBI_eUtils
rs1416620,ESRRG,,1,216723789,,[],NCBI_eUtils
rs10495034,ESRRG,,1,216724739,,[],NCBI_eUtils
rs2820878,ESRRG,,1,216727469,,[],NCBI_eUtils
rs12144183,ESRRG,,1,216728613,,[],NCBI_eUtils
rs7521774,ESRRG,,1,216730113,,[],NCBI_eUtils
rs17043567,ESRRG,,1,216731222,,[],NCBI_eUtils
rs17629008,ESRRG,,1,216731986,,[],NCBI_eUtils
rs2999504,ESRRG,,1,216732269,,[],NCBI_eUtils
rs1572740,ESRRG,,1,216735529,,[],NCBI_eUtils
rs954276,ESRRG,,1,216737243,,[],NCBI_eUtils
rs2813703,ESRRG,,1,216739919,,[],NCBI_eUtils
rs1339352,ESRRG,,1,216742172,,[],NCBI_eUtils
rs11117669,ESRRG,,1,216745633,,[],NCBI_eUtils
rs11117669,LOC124904512,,1,216745633,,[],NCBI_eUtils
rs12070175,ESRRG,,1,216746275,,[],NCBI_eUtils
rs12070175,LOC124904512,,1,216746275,,[],NCBI_eUtils
rs2820875,ESRRG,,1,216746944,,[],NCBI_eUtils
rs2820875,LOC124904512,,1,216746944,,[],NCBI_eUtils
rs6671659,ESRRG,,1,216748238,,[],NCBI_eUtils
rs6671659,LOC124904512,,1,216748238,,[],NCBI_eUtils
rs11572654,ESRRG,,1,216749215,,[],NCBI_eUtils
rs11572654,LOC124904512,,1,216749215,,[],NCBI_eUtils
rs2789731,ESRRG,,1,216750131,,[],NCBI_eUtils
rs2789731,LOC124904512,,1,216750131,,[],NCBI_eUtils
rs2813696,ESRRG,,1,216752421,,[],NCBI_eUtils
rs2813696,LOC124904512,,1,216752421,,[],NCBI_eUtils
rs10779279,ESRRG,,1,216752630,,[],NCBI_eUtils
rs10779279,LOC124904512,,1,216752630,,[],NCBI_eUtils
rs2185237,ESRRG,,1,216753072,,[],NCBI_eUtils
rs2185237,LOC124904512,,1,216753072,,[],NCBI_eUtils
rs1361332,ESRRG,,1,216753749,,[],NCBI_eUtils
rs1361332,LOC124904512,,1,216753749,,[],NCBI_eUtils
rs6604643,ESRRG,,1,216754126,,[],NCBI_eUtils
rs6604643,LOC124904512,,1,216754126,,[],NCBI_eUtils
rs7547186,ESRRG,,1,216763539,,[],NCBI_eUtils
rs6693633,ESRRG,,1,216765199,,[],NCBI_eUtils
rs11572638,ESRRG,,1,216765995,,[],NCBI_eUtils
rs6656533,ESRRG,,1,216767112,,[],NCBI_eUtils
rs17681575,ESRRG,,1,216768282,,[],NCBI_eUtils
rs2813694,ESRRG,,1,216769439,,[],NCBI_eUtils
rs11117671,ESRRG,,1,216769587,,[],NCBI_eUtils
rs6683574,ESRRG,,1,216770756,,[],NCBI_eUtils
rs17043767,ESRRG,,1,216771430,,[],NCBI_eUtils
rs946470,ESRRG,,1,216771758,,[],NCBI_eUtils
rs6687061,ESRRG,,1,216776509,,[],NCBI_eUtils
rs6658214,ESRRG,,1,216776594,,[],NCBI_eUtils
rs9970445,ESRRG,,1,216777162,,[],NCBI_eUtils
rs11572621,ESRRG,,1,216777554,,[],NCBI_eUtils
rs6702277,ESRRG,,1,216783343,,[],NCBI_eUtils
rs7522593,ESRRG,,1,216784691,,[],NCBI_eUtils
rs10157225,ESRRG,,1,216791059,,[],NCBI_eUtils
rs12023645,ESRRG,,1,216792466,,[],NCBI_eUtils
rs10218498,ESRRG,,1,216792492,,[],NCBI_eUtils
rs7355008,ESRRG,,1,216793259,,[],NCBI_eUtils
rs2789726,ESRRG,,1,216799854,,[],NCBI_eUtils
rs2813663,ESRRG,,1,216801544,,[],NCBI_eUtils
rs10458464,ESRRG,,1,216804923,,[],NCBI_eUtils
rs12760372,ESRRG,,1,216809692,,[],NCBI_eUtils
rs2576236,ESRRG,,1,216812873,,[],NCBI_eUtils
rs2576234,ESRRG,,1,216813663,,[],NCBI_eUtils
rs2032028,ESRRG,,1,216821070,,[],NCBI_eUtils
rs12753723,ESRRG,,1,216821815,,[],NCBI_eUtils
rs11117687,ESRRG,,1,216823771,,[],NCBI_eUtils
rs3738490,ESRRG,,1,216825122,,[],NCBI_eUtils
rs17044026,ESRRG,,1,216827772,,[],NCBI_eUtils
rs2164614,ESRRG,,1,216828245,,[],NCBI_eUtils
rs2164613,ESRRG,,1,216830077,,[],NCBI_eUtils
rs1436897,ESRRG,,1,216831860,,[],NCBI_eUtils
rs17044062,ESRRG,,1,216833407,,[],NCBI_eUtils
rs1561186,ESRRG,,1,216834006,,[],NCBI_eUtils
rs2813676,ESRRG,,1,216834016,,[],NCBI_eUtils
rs1561185,ESRRG,,1,216834057,,[],NCBI_eUtils
rs1561182,ESRRG,,1,216834570,,[],NCBI_eUtils
rs7548403,ESRRG,,1,216835788,,[],NCBI_eUtils
rs2576258,ESRRG,,1,216843328,,[],NCBI_eUtils
rs11807172,ESRRG,,1,216844472,,[],NCBI_eUtils
rs12086903,ESRRG,,1,216847650,,[],NCBI_eUtils
rs12402472,ESRRG,,1,216848372,,[],NCBI_eUtils
rs12410353,ESRRG,,1,216849640,,[],NCBI_eUtils
rs4338425,ESRRG,,1,216852929,,[],NCBI_eUtils
rs10779283,ESRRG,,1,216853516,,[],NCBI_eUtils
rs9660947,ESRRG,,1,216857397,,[],NCBI_eUtils
rs7532370,ESRRG,,1,216860707,,[],NCBI_eUtils
rs2576243,ESRRG,,1,216866254,,[],NCBI_eUtils
rs11572547,ESRRG,,1,216874996,,[],NCBI_eUtils
rs17044239,ESRRG,,1,216879695,,[],NCBI_eUtils
rs2576262,ESRRG,,1,216881209,,[],NCBI_eUtils
rs1436900,ESRRG,,1,216885137,,[],NCBI_eUtils
rs1370150,ESRRG,,1,216886298,,[],NCBI_eUtils
rs2576267,ESRRG,,1,216886589,,[],NCBI_eUtils
rs11117717,ESRRG,,1,216888798,,[],NCBI_eUtils
rs3795704,ESRRG,,1,216896171,,[],NCBI_eUtils
rs4436447,ESRRG,,1,216896698,,[],NCBI_eUtils
rs2576203,ESRRG,,1,216899718,,[],NCBI_eUtils
rs1436883,ESRRG,,1,216900547,,[],NCBI_eUtils
rs1898312,ESRRG,,1,216901079,,[],NCBI_eUtils
rs11117722,ESRRG,,1,216903221,,[],NCBI_eUtils
rs4348786,ESRRG,,1,216908941,,[],NCBI_eUtils
rs1436879,ESRRG,,1,216909043,,[],NCBI_eUtils
rs4147268,ESRRG,,1,216910950,,[],NCBI_eUtils
rs2576269,ESRRG,,1,216914999,,[],NCBI_eUtils
rs2818747,ESRRG,,1,216915242,,[],NCBI_eUtils
rs2818748,ESRRG,,1,216915408,,[],NCBI_eUtils
rs10779284,ESRRG,,1,216919313,,[],NCBI_eUtils
rs10863278,ESRRG,,1,216919968,,[],NCBI_eUtils
rs2818749,ESRRG,,1,216920026,,[],NCBI_eUtils
rs11572505,ESRRG,,1,216920702,,[],NCBI_eUtils
rs2576241,ESRRG,,1,216926850,,[],NCBI_eUtils
rs2099557,ESRRG,,1,216928719,,[],NCBI_eUtils
rs12562202,ESRRG,,1,216929130,,[],NCBI_eUtils
rs6682369,ESRRG,,1,216930316,,[],NCBI_eUtils
rs6677596,ESRRG,,1,216930873,,[],NCBI_eUtils
rs11572496,ESRRG,,1,216931436,,[],NCBI_eUtils
rs7548082,ESRRG,,1,216933583,,[],NCBI_eUtils
rs7551571,ESRRG,,1,216935609,,[],NCBI_eUtils
rs11572495,ESRRG,,1,216937557,,[],NCBI_eUtils
rs2576239,ESRRG,,1,216937589,,[],NCBI_eUtils
rs7417600,ESRRG,,1,216939529,,[],NCBI_eUtils
rs1030845,ESRRG,,1,216943390,,[],NCBI_eUtils
rs2576197,ESRRG,,1,216948865,,[],NCBI_eUtils
rs11117734,ESRRG,,1,216949107,,[],NCBI_eUtils
rs10492958,ESRRG,,1,216950673,,[],NCBI_eUtils
rs10492957,ESRRG,,1,216951389,,[],NCBI_eUtils
rs11117737,ESRRG,,1,216953012,,[],NCBI_eUtils
rs12065974,ESRRG,,1,216956700,,[],NCBI_eUtils
rs2576225,ESRRG,,1,216958631,,[],NCBI_eUtils
rs17044557,ESRRG,,1,216960413,,[],NCBI_eUtils
rs2576213,ESRRG,,1,216963648,,[],NCBI_eUtils
rs10492955,ESRRG,,1,216964322,,[],NCBI_eUtils
rs2576212,ESRRG,,1,216964672,,[],NCBI_eUtils
rs2789577,ESRRG,,1,216977883,,[],NCBI_eUtils
rs2789550,ESRRG,,1,216980916,,[],NCBI_eUtils
rs867410,ESRRG,,1,216986106,,[],NCBI_eUtils
rs17044788,ESRRG,,1,216989101,,[],NCBI_eUtils
rs3000609,ESRRG,,1,216989537,,[],NCBI_eUtils
rs17041541,ESRRG,,1,216992206,,[],NCBI_eUtils
rs5017053,ESRRG,,1,216994356,,[],NCBI_eUtils
rs1556891,ESRRG,,1,216995035,,[],NCBI_eUtils
rs2818765,ESRRG,,1,216995141,,[],NCBI_eUtils
rs1339221,ESRRG,,1,216999264,,[],NCBI_eUtils
rs10863285,ESRRG,,1,217000826,,[],NCBI_eUtils
rs10863286,ESRRG,,1,217001193,,[],NCBI_eUtils
rs2185226,ESRRG,,1,217002518,,[],NCBI_eUtils
rs2789567,ESRRG,,1,217004183,,[],NCBI_eUtils
rs1339222,ESRRG,,1,217006918,,[],NCBI_eUtils
rs2789571,ESRRG,,1,217007090,,[],NCBI_eUtils
rs2818760,ESRRG,,1,217008109,,[],NCBI_eUtils
rs2789573,ESRRG,,1,217010193,,[],NCBI_eUtils
rs2789574,ESRRG,,1,217010809,,[],NCBI_eUtils
rs12404767,ESRRG,,1,217011073,,[],NCBI_eUtils
rs946438,ESRRG,,1,217011301,,[],NCBI_eUtils
rs1890554,ESRRG,,1,217017473,,[],NCBI_eUtils
rs11117750,ESRRG,,1,217018679,,[],NCBI_eUtils
rs2789551,ESRRG,,1,217021418,,[],NCBI_eUtils
rs6604651,ESRRG,,1,217022121,,[],NCBI_eUtils
rs11572427,ESRRG,,1,217026271,,[],NCBI_eUtils
rs2818805,ESRRG,,1,217026284,,[],NCBI_eUtils
rs2377360,ESRRG,,1,217027541,,[],NCBI_eUtils
rs6684076,ESRRG,,1,217027611,,[],NCBI_eUtils
rs7527281,ESRRG,,1,217029749,,[],NCBI_eUtils
rs6688120,ESRRG,,1,217032848,,[],NCBI_eUtils
rs11117754,ESRRG,,1,217033363,,[],NCBI_eUtils
rs4846806,ESRRG,,1,217033747,,[],NCBI_eUtils
rs4360582,ESRRG,,1,217042123,,[],NCBI_eUtils
rs11807917,ESRRG,,1,217043671,,[],NCBI_eUtils
rs7513573,ESRRG,,1,217048891,,[],NCBI_eUtils
rs7520126,ESRRG,,1,217050474,,[],NCBI_eUtils
rs17045075,ESRRG,,1,217051026,,[],NCBI_eUtils
rs11117762,ESRRG,,1,217054198,,[],NCBI_eUtils
rs6678584,ESRRG,,1,217054697,,[],NCBI_eUtils
rs7532636,ESRRG,,1,217054774,,[],NCBI_eUtils
rs6680670,ESRRG,,1,217056673,,[],NCBI_eUtils
rs4846399,ESRRG,,1,217061432,,[],NCBI_eUtils
rs6684903,ESRRG,,1,217062200,,[],NCBI_eUtils
rs1416527,ESRRG,,1,217063459,,[],NCBI_eUtils
rs1416526,ESRRG,,1,217063553,,[],NCBI_eUtils
rs2225967,ESRRG,,1,217063710,,[],NCBI_eUtils
rs17045141,ESRRG,,1,217064656,,[],NCBI_eUtils
rs4846809,ESRRG,,1,217067242,,[],NCBI_eUtils
rs12402289,ESRRG,,1,217071666,,[],NCBI_eUtils
rs4846400,ESRRG,,1,217071936,,[],NCBI_eUtils
rs1553347,ESRRG,,1,217079207,,[],NCBI_eUtils
rs4846814,ESRRG,,1,217082073,,[],NCBI_eUtils
rs7539648,ESRRG,,1,217082438,,[],NCBI_eUtils
rs6604652,ESRRG,,1,217082915,,[],NCBI_eUtils
rs11572381,ESRRG,,1,217090949,,[],NCBI_eUtils
rs946436,ESRRG,,1,217092523,,[],NCBI_eUtils
rs1502357,ESRRG,,1,217093154,,[],NCBI_eUtils
rs830307,ESRRG,,1,217097325,,[],NCBI_eUtils
rs7514298,ESRRG,,1,217098828,,[],NCBI_eUtils
rs12033461,ESRRG,,1,217099287,,[],NCBI_eUtils
rs11808388,ESRRG,,1,217102233,,[],NCBI_eUtils
rs11587946,ESRRG,,1,217104269,,[],NCBI_eUtils
rs6604654,ESRRG,,1,217106375,,[],NCBI_eUtils
rs1166331,ESRRG,,1,217113145,,[],NCBI_eUtils
rs1166332,ESRRG,,1,217114399,,[],NCBI_eUtils
rs4846815,ESRRG,,1,217115381,,[],NCBI_eUtils
rs12040162,ESRRG,,1,217120575,,[],NCBI_eUtils
rs10495041,ESRRG,,1,217124780,,[],NCBI_eUtils
rs830321,ESRRG,,1,217129041,,[],NCBI_eUtils
rs830322,ESRRG,,1,217129401,,[],NCBI_eUtils
rs6696627,ESRRG,,1,217134705,,[],NCBI_eUtils
rs9785000,ETV1,,7,13891557,,[],NCBI_eUtils
rs6972049,ETV1,,7,13893745,,[],NCBI_eUtils
rs3735344,ETV1,,7,13895063,,[],NCBI_eUtils
rs3823702,ETV1,,7,13895682,,[],NCBI_eUtils
rs10268584,ETV1,,7,13898560,,[],NCBI_eUtils
rs2189885,ETV1,,7,13901913,,[],NCBI_eUtils
rs6461056,ETV1,,7,13903089,,[],NCBI_eUtils
rs1859508,ETV1,,7,13906050,,[],NCBI_eUtils
rs10950497,ETV1,,7,13907664,,[],NCBI_eUtils
rs2237292,ETV1,,7,13908892,,[],NCBI_eUtils
rs3801091,ETV1,,7,13915699,,[],NCBI_eUtils
rs10085783,ETV1,,7,13927752,,[],NCBI_eUtils
rs10242994,ETV1,,7,13929460,,[],NCBI_eUtils
rs12699566,ETV1,,7,13934836,,[],NCBI_eUtils
rs9639168,ETV1,,7,13939184,,[],NCBI_eUtils
rs28615403,ETV1,,7,13942795,,[],NCBI_eUtils
rs2282872,ETV1,,7,13951367,,[],NCBI_eUtils
rs7790331,ETV1,,7,13951596,,[],NCBI_eUtils
rs6946355,ETV1,,7,13952835,,[],NCBI_eUtils
rs7800918,ETV1,,7,13955584,,[],NCBI_eUtils
rs10236596,ETV1,,7,13960796,,[],NCBI_eUtils
rs10226058,ETV1,,7,13962418,,[],NCBI_eUtils
rs10278571,ETV1,,7,13967270,,[],NCBI_eUtils
rs17167711,ETV1,,7,13973404,,[],NCBI_eUtils
rs1476622,ETV1,,7,13973594,,[],NCBI_eUtils
rs17687519,ETV1,,7,13980679,,[],NCBI_eUtils
rs4721290,ETV1,,7,13981470,,[],NCBI_eUtils
rs6963305,ETV1,,7,13983899,,[],NCBI_eUtils
rs3823706,ETV1,,7,13987177,,[],NCBI_eUtils
rs7789916,ETV1,,7,13987932,,[],NCBI_eUtils
rs2073533,ETV1,,7,13990114,,[],NCBI_eUtils
rs2285419,ETV2,,19,35643306,,[],NCBI_eUtils
rs1176536,ETV3L,,1,157092572,,[],NCBI_eUtils
rs7544345,ETV3L,,1,157095137,,[],NCBI_eUtils
rs1467662,ETV3L,,1,157095382,,[],NCBI_eUtils
rs10796969,ETV3L,,1,157096955,,[],NCBI_eUtils
rs17404670,ETV3L,,1,157097101,,[],NCBI_eUtils
rs6427351,ETV3L,,1,157097158,,[],NCBI_eUtils
rs16838072,ETV3L,,1,157098880,,[],NCBI_eUtils
rs16838078,ETV3L,,1,157099469,,[],NCBI_eUtils
rs2242598,DHX8,,17,43533030,,[],NCBI_eUtils
rs2242598,ETV4,,17,43533030,,[],NCBI_eUtils
rs12948043,DHX8,,17,43538462,,[],NCBI_eUtils
rs12948043,ETV4,,17,43538462,,[],NCBI_eUtils
rs2228269,ETV5,,3,186057241,,[],NCBI_eUtils
rs11711023,ETV5,,3,186063811,,[],NCBI_eUtils
rs9831938,ETV5,,3,186068207,,[],NCBI_eUtils
rs4234588,ETV5,,3,186068617,,[],NCBI_eUtils
rs12638263,ETV5,,3,186078066,,[],NCBI_eUtils
rs12638263,LOC124909470,,3,186078066,,[],NCBI_eUtils
rs7433760,ETV5,,3,186083839,,[],NCBI_eUtils
rs10937240,ETV5,,3,186085034,,[],NCBI_eUtils
rs6444106,ETV5,,3,186093706,,[],NCBI_eUtils
rs11719322,ETV5,,3,186095919,,[],NCBI_eUtils
rs4820804,EWSR1,,22,29273704,,[],NCBI_eUtils
rs9613855,EWSR1,,22,29276304,,[],NCBI_eUtils
rs16987366,EWSR1,,22,29289420,,[],NCBI_eUtils
rs3761426,EWSR1,,22,29292643,,[],NCBI_eUtils
rs131190,EWSR1,,22,29296507,,[],NCBI_eUtils
rs1055852,EWSR1,,22,29300448,,[],NCBI_eUtils
rs11554620,FA2H,,16,74716453,,[],NCBI_eUtils
rs2301865,FA2H,,16,74716507,,[],NCBI_eUtils
rs886548,FA2H,,16,74721613,,[],NCBI_eUtils
rs2240245,FA2H,,16,74725086,,[],NCBI_eUtils
rs2240246,FA2H,,16,74730895,,[],NCBI_eUtils
rs1076251,FA2H,,16,74734914,,[],NCBI_eUtils
rs11645307,FA2H,,16,74736201,,[],NCBI_eUtils
rs2240251,FA2H,,16,74736778,,[],NCBI_eUtils
rs2240252,FA2H,,16,74736807,,[],NCBI_eUtils
rs2240256,FA2H,,16,74738953,,[],NCBI_eUtils
rs11643479,FA2H,,16,74742273,,[],NCBI_eUtils
rs4985360,FA2H,,16,74749500,,[],NCBI_eUtils
rs7185697,FA2H,,16,74752004,,[],NCBI_eUtils
rs4488477,FA2H,,16,74752203,,[],NCBI_eUtils
rs11640870,FA2H,,16,74758961,,[],NCBI_eUtils
rs4888283,FA2H,,16,74763095,,[],NCBI_eUtils
rs8060979,FA2H,,16,74773594,,[],NCBI_eUtils
rs12674532,FAM167A,,8,11438680,,[],NCBI_eUtils
rs12674532,FAM167A-AS1,,8,11438680,,[],NCBI_eUtils
rs7001675,FAM167A,,8,11439091,,[],NCBI_eUtils
rs7001675,FAM167A-AS1,,8,11439091,,[],NCBI_eUtils
rs11779875,FAM167A,,8,11444936,,[],NCBI_eUtils
rs2003423,FAM167A,,8,11445502,,[],NCBI_eUtils
rs13439411,FAM167A,,8,11452384,,[],NCBI_eUtils
rs10903338,FAM167A,,8,11452781,,[],NCBI_eUtils
rs4840563,FAM167A,,8,11462643,,[],NCBI_eUtils
rs2898280,FAM167A,,8,11463783,,[],NCBI_eUtils
rs9644687,FAM167A,,8,11465516,,[],NCBI_eUtils
rs8101365,FDX2,,19,10312563,,[],NCBI_eUtils
rs12983510,FDX2,,19,10313199,,[],NCBI_eUtils
rs378395,FDX2,,19,10315746,,[],NCBI_eUtils
rs378395,RAVER1,,19,10315746,,[],NCBI_eUtils
rs3803761,FLCN,,17,17213098,,[],NCBI_eUtils
rs7224335,FLCN,,17,17213230,,[],NCBI_eUtils
rs12602675,FLCN,,17,17213262,,[],NCBI_eUtils
rs7224474,FLCN,,17,17213299,,[],NCBI_eUtils
rs3744124,FLCN,,17,17221501,,[],NCBI_eUtils
rs1736219,FLCN,,17,17224157,,[],NCBI_eUtils
rs11869283,FLCN,,17,17229634,,[],NCBI_eUtils
rs1736211,FLCN,,17,17232108,,[],NCBI_eUtils
rs644818,FLI1,,11,128701362,,[],NCBI_eUtils
rs7128819,FLI1,,11,128705237,,[],NCBI_eUtils
rs619521,FLI1,,11,128708262,,[],NCBI_eUtils
rs609017,FLI1,,11,128713049,,[],NCBI_eUtils
rs654723,FLI1,,11,128716260,,[],NCBI_eUtils
rs644571,FLI1,,11,128722137,,[],NCBI_eUtils
rs686605,FLI1,,11,128722742,,[],NCBI_eUtils
rs11221443,FLI1,,11,128723386,,[],NCBI_eUtils
rs615671,FLI1,,11,128724980,,[],NCBI_eUtils
rs635696,FLI1,,11,128732579,,[],NCBI_eUtils
rs595585,FLI1,,11,128734115,,[],NCBI_eUtils
rs3016776,FLI1,,11,128736613,,[],NCBI_eUtils
rs11221452,FLI1,,11,128737166,,[],NCBI_eUtils
rs660657,FLI1,,11,128740368,,[],NCBI_eUtils
rs667024,FLI1,,11,128742355,,[],NCBI_eUtils
rs668575,FLI1,,11,128748170,,[],NCBI_eUtils
rs626816,FLI1,,11,128749880,,[],NCBI_eUtils
rs590520,FLI1,,11,128750237,,[],NCBI_eUtils
rs2155135,FLI1,,11,128754916,,[],NCBI_eUtils
rs4558174,FLI1,,11,128758733,,[],NCBI_eUtils
rs640060,FLI1,,11,128762363,,[],NCBI_eUtils
rs614466,FLI1,,11,128763223,,[],NCBI_eUtils
rs613587,FLI1,,11,128763414,,[],NCBI_eUtils
rs3889058,FLI1,,11,128763759,,[],NCBI_eUtils
rs663461,FLI1,,11,128767161,,[],NCBI_eUtils
rs490698,FLI1,,11,128767518,,[],NCBI_eUtils
rs687572,FLI1,,11,128769438,,[],NCBI_eUtils
rs657642,FLI1,,11,128769479,,[],NCBI_eUtils
rs675308,FLI1,,11,128769881,,[],NCBI_eUtils
rs674946,FLI1,,11,128769935,,[],NCBI_eUtils
rs627677,FLI1,,11,128771573,,[],NCBI_eUtils
rs646210,FLI1,,11,128772493,,[],NCBI_eUtils
rs600244,FLI1,,11,128775162,,[],NCBI_eUtils
rs640098,FLI1,,11,128779071,,[],NCBI_eUtils
rs494992,FLI1,,11,128779956,,[],NCBI_eUtils
rs2246290,FLI1,,11,128781324,,[],NCBI_eUtils
rs2284786,FLI1,,11,128783025,,[],NCBI_eUtils
rs670163,FLI1,,11,128784349,,[],NCBI_eUtils
rs670991,FLI1,,11,128784536,,[],NCBI_eUtils
rs7112550,FLI1,,11,128786262,,[],NCBI_eUtils
rs12275915,FLI1,,11,128786610,,[],NCBI_eUtils
rs2268597,FLI1,,11,128794282,,[],NCBI_eUtils
rs535650,FLI1,,11,128794343,,[],NCBI_eUtils
rs2268598,FLI1,,11,128794370,,[],NCBI_eUtils
rs2268604,FLI1,,11,128796210,,[],NCBI_eUtils
rs7936133,FLI1,,11,128802055,,[],NCBI_eUtils
rs7951996,FLI1,,11,128802613,,[],NCBI_eUtils
rs687326,FLI1,,11,128802686,,[],NCBI_eUtils
rs579355,FLI1,,11,128806265,,[],NCBI_eUtils
rs7130622,FLI1,,11,128811616,,[],NCBI_eUtils
rs2071242,FLII,,17,18251196,,[],NCBI_eUtils
rs34913050,FLII,,17,18254658,,[],NCBI_eUtils
rs4925155,FLII,,17,18256301,,[],NCBI_eUtils
rs7101,FOS,,14,75278923,,[],NCBI_eUtils
rs1063169,FOS,,14,75280415,,[],NCBI_eUtils
rs750472,FOXH1,,8,144476070,,[],NCBI_eUtils
rs750472,PPP1R16A,,8,144476070,,[],NCBI_eUtils
rs686247,FOXJ3,,1,42179099,,[],NCBI_eUtils
rs694930,FOXJ3,,1,42183561,,[],NCBI_eUtils
rs7529911,FOXJ3,,1,42192736,,[],NCBI_eUtils
rs585320,FOXJ3,,1,42198567,,[],NCBI_eUtils
rs343360,FOXJ3,,1,42214656,,[],NCBI_eUtils
rs343376,FOXJ3,,1,42227926,,[],NCBI_eUtils
rs608277,FOXJ3,,1,42236673,,[],NCBI_eUtils
rs510157,FOXJ3,,1,42262279,,[],NCBI_eUtils
rs10789416,FOXJ3,,1,42272261,,[],NCBI_eUtils
rs12402117,FOXJ3,,1,42272695,,[],NCBI_eUtils
rs3754280,FOXJ3,,1,42283060,,[],NCBI_eUtils
rs10736423,FOXJ3,,1,42303298,,[],NCBI_eUtils
rs1078022,FOXJ3,,1,42321861,,[],NCBI_eUtils
rs1566584,FOXJ3,,1,42332094,,[],NCBI_eUtils
rs2494366,FOXJ3,,1,42332533,,[],NCBI_eUtils
rs11676168,FOXN2,,2,48327052,,[],NCBI_eUtils
rs6545031,FOXN2,,2,48331121,,[],NCBI_eUtils
rs10153773,FOXN2,,2,48338892,,[],NCBI_eUtils
rs7606104,FOXN2,,2,48352639,,[],NCBI_eUtils
rs11679523,FOXN2,,2,48357335,,[],NCBI_eUtils
rs7563625,FOXN2,,2,48358824,,[],NCBI_eUtils
rs10495952,FOXN2,,2,48360602,,[],NCBI_eUtils
rs17325488,FOXN2,,2,48367216,,[],NCBI_eUtils
rs7562069,FOXN2,,2,48370420,,[],NCBI_eUtils
rs6705802,FOXN2,,2,48376344,,[],NCBI_eUtils
rs6718068,FOXN2,,2,48377839,,[],NCBI_eUtils
rs1536057,FOXO3,,6,108564420,,[],NCBI_eUtils
rs9372190,FOXO3,,6,108568619,,[],NCBI_eUtils
rs2802289,FOXO3,,6,108581446,,[],NCBI_eUtils
rs13220810,FOXO3,,6,108591998,,[],NCBI_eUtils
rs9372191,FOXO3,,6,108602322,,[],NCBI_eUtils
rs17598747,FOXO3,,6,108620190,,[],NCBI_eUtils
rs3813498,FOXO3,,6,108622962,,[],NCBI_eUtils
rs9285397,FOXO3,,6,108630452,,[],NCBI_eUtils
rs12203834,FOXO3,,6,108654359,,[],NCBI_eUtils
rs4946933,FOXO3,,6,108659914,,[],NCBI_eUtils
rs12196996,FOXO3,,6,108662864,,[],NCBI_eUtils
rs2153960,FOXO3,,6,108666981,,[],NCBI_eUtils
rs3800229,FOXO3,,6,108675760,,[],NCBI_eUtils
rs3800230,FOXO3,,6,108676925,,[],NCBI_eUtils
rs3800232,FOXO3,,6,108677750,,[],NCBI_eUtils
rs1935949,FOXO3,,6,108678084,,[],NCBI_eUtils
rs7283438,ATP5PF,,21,25737204,,[],NCBI_eUtils
rs7283438,GABPA,,21,25737204,,[],NCBI_eUtils
rs2829888,GABPA,,21,25742555,,[],NCBI_eUtils
rs1034353,GABPA,,21,25743474,,[],NCBI_eUtils
rs928265,GABPA,,21,25749481,,[],NCBI_eUtils
rs1015004,GABPA,,21,25756782,,[],NCBI_eUtils
rs10482968,GABPA,,21,25763251,,[],NCBI_eUtils
rs1141390,GALNS,,16,88814072,,[],NCBI_eUtils
rs550269,GALNS,,16,88815227,,[],NCBI_eUtils
rs555812,GALNS,,16,88815849,,[],NCBI_eUtils
rs9929836,GALNS,,16,88837062,,[],NCBI_eUtils
rs9923565,GALNS,,16,88837300,,[],NCBI_eUtils
rs11648295,GALNS,,16,88838113,,[],NCBI_eUtils
rs7205379,GALNS,,16,88838392,,[],NCBI_eUtils
rs544034,GALNS,,16,88842968,,[],NCBI_eUtils
rs12449164,GALNS,,16,88843380,,[],NCBI_eUtils
rs12447646,GALNS,,16,88844416,,[],NCBI_eUtils
rs12709105,GALNS,,16,88850443,,[],NCBI_eUtils
rs8062286,GALNS,,16,88851094,,[],NCBI_eUtils
rs12932588,GALNS,,16,88855085,,[],NCBI_eUtils
rs12932588,TRAPPC2L,,16,88855085,,[],NCBI_eUtils
rs12932588,LOC107983950,,16,88855085,,[],NCBI_eUtils
rs8067254,GFAP,,17,44907009,,[],NCBI_eUtils
rs12941832,GFAP,,17,44910114,,[],NCBI_eUtils
rs2289681,GFAP,,17,44911720,,[],NCBI_eUtils
rs1356184,GIGYF2,,2,232697392,,[],NCBI_eUtils
rs11689851,GIGYF2,,2,232702632,,[],NCBI_eUtils
rs6747479,GIGYF2,,2,232704165,,[],NCBI_eUtils
rs12052869,GIGYF2,,2,232726841,,[],NCBI_eUtils
rs10205801,GIGYF2,,2,232732486,,[],NCBI_eUtils
rs11555646,GIGYF2,,2,232735194,,[],NCBI_eUtils
rs6738386,GIGYF2,,2,232737318,,[],NCBI_eUtils
rs3817311,GIGYF2,,2,232747847,,[],NCBI_eUtils
rs12463466,GIGYF2,,2,232764227,,[],NCBI_eUtils
rs8192539,KCNJ13,,2,232768056,,[],NCBI_eUtils
rs8192539,GIGYF2,,2,232768056,,[],NCBI_eUtils
rs1801251,KCNJ13,,2,232768750,,[],NCBI_eUtils
rs1801251,GIGYF2,,2,232768750,,[],NCBI_eUtils
rs2293781,KCNJ13,,2,232770098,,[],NCBI_eUtils
rs2293781,GIGYF2,,2,232770098,,[],NCBI_eUtils
rs1973675,KCNJ13,,2,232771740,,[],NCBI_eUtils
rs1973675,GIGYF2,,2,232771740,,[],NCBI_eUtils
rs9288676,KCNJ13,,2,232775038,,[],NCBI_eUtils
rs9288676,GIGYF2,,2,232775038,,[],NCBI_eUtils
rs7564410,KCNJ13,,2,232775199,,[],NCBI_eUtils
rs7564410,GIGYF2,,2,232775199,,[],NCBI_eUtils
rs2289912,GIGYF2,,2,232794843,,[],NCBI_eUtils
rs2305138,GIGYF2,,2,232796136,,[],NCBI_eUtils
rs10207739,GIGYF2,,2,232819387,,[],NCBI_eUtils
rs6751801,GIGYF2,,2,232832490,,[],NCBI_eUtils
rs10211596,GIGYF2,,2,232834705,,[],NCBI_eUtils
rs3816334,GIGYF2,,2,232844096,,[],NCBI_eUtils
rs13024330,GIGYF2,,2,232850777,,[],NCBI_eUtils
rs3738904,GIGYF2,,2,232857383,,[],NCBI_eUtils
rs1284,GIGYF2,,2,232858472,,[],NCBI_eUtils
rs2292354,GIT2,,12,109930396,,[],NCBI_eUtils
rs16940693,GIT2,,12,109930592,,[],NCBI_eUtils
rs3742010,GIT2,,12,109932067,,[],NCBI_eUtils
rs7314498,GIT2,,12,109932336,,[],NCBI_eUtils
rs7970705,GIT2,,12,109933967,,[],NCBI_eUtils
rs16939769,GIT2,,12,109934405,,[],NCBI_eUtils
rs7968830,GIT2,,12,109934741,,[],NCBI_eUtils
rs11068958,GIT2,,12,109935855,,[],NCBI_eUtils
rs16940705,GIT2,,12,109936534,,[],NCBI_eUtils
rs16940710,GIT2,,12,109939973,,[],NCBI_eUtils
rs11068984,GIT2,,12,109941408,,[],NCBI_eUtils
rs12229815,GIT2,,12,109942719,,[],NCBI_eUtils
rs11068997,GIT2,,12,109945336,,[],NCBI_eUtils
rs2063388,GIT2,,12,109947274,,[],NCBI_eUtils
rs11069018,GIT2,,12,109951599,,[],NCBI_eUtils
rs925368,GIT2,,12,109953174,,[],NCBI_eUtils
rs9804905,GIT2,,12,109959933,,[],NCBI_eUtils
rs7960775,GIT2,,12,109980830,,[],NCBI_eUtils
rs7960775,LOC124903013,,12,109980830,,[],NCBI_eUtils
rs16940760,GIT2,,12,109991827,,[],NCBI_eUtils
rs1027949,GIT2,,12,109993163,,[],NCBI_eUtils
rs3747572,GLIS2,,16,4335731,,[],NCBI_eUtils
rs669561,GLIS2,,16,4336813,,[],NCBI_eUtils
rs7197512,GLIS2,,16,4338654,,[],NCBI_eUtils
rs742460,GNPTG,,16,1355536,,[],NCBI_eUtils
rs2887538,GNPTG,,16,1360132,,[],NCBI_eUtils
rs9924164,GNPTG,,16,1360837,,[],NCBI_eUtils
rs3795596,GPR37L1,,1,202123287,,[],NCBI_eUtils
rs3795596,LOC105371683,,1,202123287,,[],NCBI_eUtils
rs6676433,GPR37L1,,1,202124500,,[],NCBI_eUtils
rs6676433,LOC105371683,,1,202124500,,[],NCBI_eUtils
rs6701064,GPR37L1,,1,202124607,,[],NCBI_eUtils
rs6701064,LOC105371683,,1,202124607,,[],NCBI_eUtils
rs4950769,GPR37L1,,1,202125465,,[],NCBI_eUtils
rs4950769,LOC105371683,,1,202125465,,[],NCBI_eUtils
rs3820380,GPR37L1,,1,202127687,,[],NCBI_eUtils
rs3820380,LOC105371683,,1,202127687,,[],NCBI_eUtils
rs3891249,GSTP1,,11,67584370,,[],NCBI_eUtils
rs1695,GSTP1,,11,67585218,,[],NCBI_eUtils
rs4986949,GSTP1,,11,67586206,,[],NCBI_eUtils
rs8191451,GSTP1,,11,67586347,,[],NCBI_eUtils
rs1871042,GSTP1,,11,67586373,,[],NCBI_eUtils
rs13238568,GTF2I,,7,74662156,,[],NCBI_eUtils
rs2718270,GTF2I,,7,74682024,,[],NCBI_eUtils
rs2527366,GTF2I,,7,74684615,,[],NCBI_eUtils
rs6964833,GTF2I,,7,74687575,,[],NCBI_eUtils
rs10232099,GTF2I,,7,74707207,,[],NCBI_eUtils
rs10232099,GTF2I-AS1,,7,74707207,,[],NCBI_eUtils
rs35005436,GTF2I,,7,74720592,,[],NCBI_eUtils
rs35005436,GTF2I-AS1,,7,74720592,,[],NCBI_eUtils
rs10254080,GTF2I,,7,74722894,,[],NCBI_eUtils
rs10254080,GTF2I-AS1,,7,74722894,,[],NCBI_eUtils
rs10258672,GTF2I,,7,74724267,,[],NCBI_eUtils
rs10258672,GTF2I-AS1,,7,74724267,,[],NCBI_eUtils
rs2718278,GTF2I,,7,74724270,,[],NCBI_eUtils
rs2718278,GTF2I-AS1,,7,74724270,,[],NCBI_eUtils
rs11826299,HEPACAM,,11,124922731,,[],NCBI_eUtils
rs11826299,LOC107984406,,11,124922731,,[],NCBI_eUtils
rs10790715,HEPACAM,,11,124923786,,[],NCBI_eUtils
rs10790715,LOC107984406,,11,124923786,,[],NCBI_eUtils
rs10790716,HEPACAM,,11,124923820,,[],NCBI_eUtils
rs10790716,LOC107984406,,11,124923820,,[],NCBI_eUtils
rs4936958,HEPACAM,,11,124925258,,[],NCBI_eUtils
rs4936958,LOC107984406,,11,124925258,,[],NCBI_eUtils
rs7130442,HEPACAM,,11,124928354,,[],NCBI_eUtils
rs7130442,LOC107984406,,11,124928354,,[],NCBI_eUtils
rs3924535,HEPACAM,,11,124930000,,[],NCBI_eUtils
rs3924535,LOC107984406,,11,124930000,,[],NCBI_eUtils
rs9697457,HES4,,1,998965,,[],NCBI_eUtils
rs1442849,ALOXE3,,17,8120803,,[],NCBI_eUtils
rs1442849,HES7,,17,8120803,,[],NCBI_eUtils
rs1442850,HES7,,17,8120919,,[],NCBI_eUtils
rs8076629,HES7,,17,8121490,,[],NCBI_eUtils
rs1348325,HES7,,17,8122394,,[],NCBI_eUtils
rs12030495,HEYL,,1,39623923,,[],NCBI_eUtils
rs11206478,HEYL,,1,39625447,,[],NCBI_eUtils
rs6694831,HEYL,,1,39629821,,[],NCBI_eUtils
rs1148945,HEYL,,1,39630381,,[],NCBI_eUtils
rs4660892,HEYL,,1,39638912,,[],NCBI_eUtils
rs784622,HEYL,,1,39639142,,[],NCBI_eUtils
rs8135862,HIC2,,22,21443523,,[],NCBI_eUtils
rs465500,HIC2,,22,21444618,,[],NCBI_eUtils
rs1046615,HPS5,,11,18279407,,[],NCBI_eUtils
rs2271997,HPS5,,11,18281857,,[],NCBI_eUtils
rs11024603,HPS5,,11,18284852,,[],NCBI_eUtils
rs7128017,HPS5,,11,18297633,,[],NCBI_eUtils
rs2403254,HPS5,,11,18303599,,[],NCBI_eUtils
rs7943008,HPS5,,11,18305575,,[],NCBI_eUtils
rs10741739,HPS5,,11,18306137,,[],NCBI_eUtils
rs10741741,HPS5,,11,18320534,,[],NCBI_eUtils
rs4150529,GTF2H1,,11,18322146,,[],NCBI_eUtils
rs4150529,HPS5,,11,18322146,,[],NCBI_eUtils
rs4150530,GTF2H1,,11,18322147,,[],NCBI_eUtils
rs4150530,HPS5,,11,18322147,,[],NCBI_eUtils
rs15817,ID1,,20,31605735,,[],NCBI_eUtils
rs15817,MIR3193,,20,31605735,,[],NCBI_eUtils
rs15817,LOC105372588,,20,31605735,,[],NCBI_eUtils
rs1050096,ID3,,1,23558170,,[],NCBI_eUtils
rs1050096,LOC124903876,,1,23558170,,[],NCBI_eUtils
rs2920,ID3,,1,23558289,,[],NCBI_eUtils
rs2920,LOC124903876,,1,23558289,,[],NCBI_eUtils
rs2966,IP6K3,,6,33721743,,[],NCBI_eUtils
rs2967,IP6K3,,6,33721757,,[],NCBI_eUtils
rs559290,IP6K3,,6,33722179,,[],NCBI_eUtils
rs630792,IP6K3,,6,33722533,,[],NCBI_eUtils
rs471942,IP6K3,,6,33729008,,[],NCBI_eUtils
rs6457740,IP6K3,,6,33729348,,[],NCBI_eUtils
rs12207382,IP6K3,,6,33734924,,[],NCBI_eUtils
rs622917,IP6K3,,6,33735092,,[],NCBI_eUtils
rs623813,IP6K3,,6,33735312,,[],NCBI_eUtils
rs568901,IP6K3,,6,33742261,,[],NCBI_eUtils
rs6942022,IP6K3,,6,33742507,,[],NCBI_eUtils
rs3807306,IRF5,,7,128940626,,[],NCBI_eUtils
rs11761199,IRF5,,7,128941781,,[],NCBI_eUtils
rs1874328,IRF5,,7,128945050,,[],NCBI_eUtils
rs17886698,JUNB,,19,12791563,,[],NCBI_eUtils
rs17886698,HOOK2,,19,12791563,,[],NCBI_eUtils
rs12547834,KLF10,,8,102649583,,[],NCBI_eUtils
rs4734653,KLF10,,8,102651586,,[],NCBI_eUtils
rs11552577,KLF10,,8,102651684,,[],NCBI_eUtils
rs4074512,KLF11,,2,10046946,,[],NCBI_eUtils
rs4444493,KLF11,,2,10053051,,[],NCBI_eUtils
rs4669522,KLF11,,2,10054065,,[],NCBI_eUtils
rs7632,KLF11,,2,10054360,,[],NCBI_eUtils
rs7985521,KLF12,,13,73688917,,[],NCBI_eUtils
rs9592937,KLF12,,13,73688964,,[],NCBI_eUtils
rs7993625,KLF12,,13,73691425,,[],NCBI_eUtils
rs9543429,KLF12,,13,73691907,,[],NCBI_eUtils
rs9530231,KLF12,,13,73698381,,[],NCBI_eUtils
rs9573278,KLF12,,13,73699318,,[],NCBI_eUtils
rs7984233,KLF12,,13,73700710,,[],NCBI_eUtils
rs8000253,KLF12,,13,73701755,,[],NCBI_eUtils
rs17090354,KLF12,,13,73703063,,[],NCBI_eUtils
rs7333671,KLF12,,13,73704828,,[],NCBI_eUtils
rs17090361,KLF12,,13,73714362,,[],NCBI_eUtils
rs11838649,KLF12,,13,73717058,,[],NCBI_eUtils
rs7992411,KLF12,,13,73721454,,[],NCBI_eUtils
rs7992690,KLF12,,13,73721836,,[],NCBI_eUtils
rs7995173,KLF12,,13,73722272,,[],NCBI_eUtils
rs2025423,KLF12,,13,73724752,,[],NCBI_eUtils
rs9592939,KLF12,,13,73726534,,[],NCBI_eUtils
rs2325554,KLF12,,13,73729466,,[],NCBI_eUtils
rs7328913,KLF12,,13,73734092,,[],NCBI_eUtils
rs7993376,KLF12,,13,73737600,,[],NCBI_eUtils
rs7319665,KLF12,,13,73739641,,[],NCBI_eUtils
rs12874102,KLF12,,13,73740830,,[],NCBI_eUtils
rs4885115,KLF12,,13,73741634,,[],NCBI_eUtils
rs9600159,KLF12,,13,73743156,,[],NCBI_eUtils
rs17292092,KLF12,,13,73748020,,[],NCBI_eUtils
rs10219971,KLF12,,13,73750365,,[],NCBI_eUtils
rs9600160,KLF12,,13,73754267,,[],NCBI_eUtils
rs718569,KLF12,,13,73754562,,[],NCBI_eUtils
rs7322304,KLF12,,13,73755413,,[],NCBI_eUtils
rs9600162,KLF12,,13,73760059,,[],NCBI_eUtils
rs9565040,KLF12,,13,73762672,,[],NCBI_eUtils
rs3764134,KLF12,,13,73764967,,[],NCBI_eUtils
rs3764133,KLF12,,13,73765207,,[],NCBI_eUtils
rs9543453,KLF12,,13,73769725,,[],NCBI_eUtils
rs9530237,KLF12,,13,73771223,,[],NCBI_eUtils
rs2875666,KLF12,,13,73772715,,[],NCBI_eUtils
rs9318215,KLF12,,13,73773536,,[],NCBI_eUtils
rs4885120,KLF12,,13,73778909,,[],NCBI_eUtils
rs1590379,KLF12,,13,73779761,,[],NCBI_eUtils
rs9318216,KLF12,,13,73780872,,[],NCBI_eUtils
rs1011058,KLF12,,13,73782546,,[],NCBI_eUtils
rs9573287,KLF12,,13,73783847,,[],NCBI_eUtils
rs7984021,KLF12,,13,73789169,,[],NCBI_eUtils
rs7330031,KLF12,,13,73795667,,[],NCBI_eUtils
rs10492700,KLF12,,13,73795973,,[],NCBI_eUtils
rs17312529,KLF12,,13,73796123,,[],NCBI_eUtils
rs1408246,KLF12,,13,73796429,,[],NCBI_eUtils
rs9573292,KLF12,,13,73799648,,[],NCBI_eUtils
rs879800,KLF12,,13,73803308,,[],NCBI_eUtils
rs9318219,KLF12,,13,73812656,,[],NCBI_eUtils
rs1998574,KLF12,,13,73812852,,[],NCBI_eUtils
rs1426,KLF12,,13,73813001,,[],NCBI_eUtils
rs1324061,KLF12,,13,73813950,,[],NCBI_eUtils
rs9530247,KLF12,,13,73820277,,[],NCBI_eUtils
rs9573305,KLF12,,13,73821355,,[],NCBI_eUtils
rs9888532,KLF12,,13,73823604,,[],NCBI_eUtils
rs9318222,KLF12,,13,73830259,,[],NCBI_eUtils
rs17061542,KLF12,,13,73832204,,[],NCBI_eUtils
rs9573311,KLF12,,13,73837278,,[],NCBI_eUtils
rs4142838,KLF12,,13,73842126,,[],NCBI_eUtils
rs2182667,KLF12,,13,73842744,,[],NCBI_eUtils
rs9543473,KLF12,,13,73848847,,[],NCBI_eUtils
rs9565052,KLF12,,13,73848876,,[],NCBI_eUtils
rs9543474,KLF12,,13,73850773,,[],NCBI_eUtils
rs2325583,KLF12,,13,73851846,,[],NCBI_eUtils
rs9573319,KLF12,,13,73856416,,[],NCBI_eUtils
rs9565053,KLF12,,13,73858185,,[],NCBI_eUtils
rs4883955,KLF12,,13,73859670,,[],NCBI_eUtils
rs12428279,KLF12,,13,73860194,,[],NCBI_eUtils
rs3764109,KLF12,,13,73862019,,[],NCBI_eUtils
rs9530253,KLF12,,13,73865101,,[],NCBI_eUtils
rs9600179,KLF12,,13,73865863,,[],NCBI_eUtils
rs8000603,KLF12,,13,73871298,,[],NCBI_eUtils
rs9565054,KLF12,,13,73874512,,[],NCBI_eUtils
rs6562789,KLF12,,13,73882271,,[],NCBI_eUtils
rs6562789,LOC124903182,,13,73882271,,[],NCBI_eUtils
rs12428146,KLF12,,13,73884715,,[],NCBI_eUtils
rs12428146,LOC124903182,,13,73884715,,[],NCBI_eUtils
rs7999645,KLF12,,13,73885258,,[],NCBI_eUtils
rs7999645,LOC124903182,,13,73885258,,[],NCBI_eUtils
rs17061640,KLF12,,13,73885811,,[],NCBI_eUtils
rs17061640,LOC124903182,,13,73885811,,[],NCBI_eUtils
rs17061643,KLF12,,13,73886201,,[],NCBI_eUtils
rs17061643,LOC124903182,,13,73886201,,[],NCBI_eUtils
rs2182665,KLF12,,13,73888785,,[],NCBI_eUtils
rs9600182,KLF12,,13,73890135,,[],NCBI_eUtils
rs8000989,KLF12,,13,73900861,,[],NCBI_eUtils
rs9530257,KLF12,,13,73908072,,[],NCBI_eUtils
rs9573326,KLF12,,13,73911174,,[],NCBI_eUtils
rs9318225,KLF12,,13,73917128,,[],NCBI_eUtils
rs1887346,KLF12,,13,73918865,,[],NCBI_eUtils
rs9318226,KLF12,,13,73919849,,[],NCBI_eUtils
rs9543486,KLF12,,13,73920139,,[],NCBI_eUtils
rs9318227,KLF12,,13,73926833,,[],NCBI_eUtils
rs9530261,KLF12,,13,73928195,,[],NCBI_eUtils
rs4885133,KLF12,,13,73934356,,[],NCBI_eUtils
rs2325572,KLF12,,13,73938183,,[],NCBI_eUtils
rs9600189,KLF12,,13,73938354,,[],NCBI_eUtils
rs728926,KLF12,,13,73938985,,[],NCBI_eUtils
rs17288193,KLF12,,13,73939043,,[],NCBI_eUtils
rs9530262,KLF12,,13,73941365,,[],NCBI_eUtils
rs9600191,KLF12,,13,73942181,,[],NCBI_eUtils
rs6562791,KLF12,,13,73947726,,[],NCBI_eUtils
rs9530263,KLF12,,13,73947857,,[],NCBI_eUtils
rs4450274,KLF12,,13,73955882,,[],NCBI_eUtils
rs9318232,KLF12,,13,73956142,,[],NCBI_eUtils
rs17288893,KLF12,,13,73956153,,[],NCBI_eUtils
rs1570744,KLF12,,13,73958674,,[],NCBI_eUtils
rs9318236,KLF12,,13,73961441,,[],NCBI_eUtils
rs17061772,KLF12,,13,73965032,,[],NCBI_eUtils
rs1570745,KLF12,,13,73972085,,[],NCBI_eUtils
rs9600201,KLF12,,13,73973230,,[],NCBI_eUtils
rs9530269,KLF12,,13,73974457,,[],NCBI_eUtils
rs9573337,KLF12,,13,73975155,,[],NCBI_eUtils
rs7333855,KLF12,,13,73975676,,[],NCBI_eUtils
rs7332649,KLF12,,13,73975806,,[],NCBI_eUtils
rs13378861,KLF12,,13,73979326,,[],NCBI_eUtils
rs12871414,KLF12,,13,73984368,,[],NCBI_eUtils
rs1886514,KLF12,,13,73994869,,[],NCBI_eUtils
rs1886516,KLF12,,13,73995274,,[],NCBI_eUtils
rs17218496,KLF12,,13,73996735,,[],NCBI_eUtils
rs9318240,KLF12,,13,74006534,,[],NCBI_eUtils
rs1408676,KLF12,,13,74014046,,[],NCBI_eUtils
rs12873770,KLF12,,13,74023783,,[],NCBI_eUtils
rs4885145,KLF12,,13,74025072,,[],NCBI_eUtils
rs7324708,KLF12,,13,74025737,,[],NCBI_eUtils
rs17062015,KLF12,,13,74038988,,[],NCBI_eUtils
rs9592965,KLF12,,13,74041788,,[],NCBI_eUtils
rs17062027,KLF12,,13,74042817,,[],NCBI_eUtils
rs2147627,KLF12,,13,74045995,,[],NCBI_eUtils
rs9543515,KLF12,,13,74048787,,[],NCBI_eUtils
rs17220111,KLF12,,13,74052920,,[],NCBI_eUtils
rs9543516,KLF12,,13,74054575,,[],NCBI_eUtils
rs17071114,KLF12,,13,74056330,,[],NCBI_eUtils
rs9530271,KLF12,,13,74056470,,[],NCBI_eUtils
rs1324914,KLF12,,13,74060835,,[],NCBI_eUtils
rs1324913,KLF12,,13,74061451,,[],NCBI_eUtils
rs7322834,KLF12,,13,74065803,,[],NCBI_eUtils
rs9565073,KLF12,,13,74069782,,[],NCBI_eUtils
rs9543518,KLF12,,13,74070181,,[],NCBI_eUtils
rs17220832,KLF12,,13,74070216,,[],NCBI_eUtils
rs17062078,KLF12,,13,74070272,,[],NCBI_eUtils
rs10507825,KLF12,,13,74070891,,[],NCBI_eUtils
rs9318244,KLF12,,13,74081602,,[],NCBI_eUtils
rs9543523,KLF12,,13,74083348,,[],NCBI_eUtils
rs4885149,KLF12,,13,74085505,,[],NCBI_eUtils
rs9543528,KLF12,,13,74087674,,[],NCBI_eUtils
rs9592966,KLF12,,13,74088713,,[],NCBI_eUtils
rs1184596,KLF12,,13,74099933,,[],NCBI_eUtils
rs2104388,KLF12,,13,74101436,,[],NCBI_eUtils
rs7996546,KLF12,,13,74109806,,[],NCBI_eUtils
rs7995760,KLF12,,13,74114584,,[],NCBI_eUtils
rs4885151,KLF12,,13,74123719,,[],NCBI_eUtils
rs7334403,KLF12,,13,74123972,,[],NCBI_eUtils
rs9600235,KLF12,,13,74130150,,[],NCBI_eUtils
rs1465778,KLF13,,15,31329118,,[],NCBI_eUtils
rs9920314,KLF13,,15,31335683,,[],NCBI_eUtils
rs11853926,KLF13,,15,31337819,,[],NCBI_eUtils
rs4779861,KLF13,,15,31338149,,[],NCBI_eUtils
rs4779862,KLF13,,15,31340958,,[],NCBI_eUtils
rs7174211,KLF13,,15,31345793,,[],NCBI_eUtils
rs11857440,KLF13,,15,31350331,,[],NCBI_eUtils
rs7169662,KLF13,,15,31359113,,[],NCBI_eUtils
rs8031093,KLF13,,15,31363005,,[],NCBI_eUtils
rs11070980,KLF13,,15,31364351,,[],NCBI_eUtils
rs9838915,KLF15,,3,126347377,,[],NCBI_eUtils
rs12974664,KLF16,,19,1856187,,[],NCBI_eUtils
rs7248864,KLF2,,19,16325042,,[],NCBI_eUtils
rs12462380,KLF2,,19,16326237,,[],NCBI_eUtils
rs3782933,KLF5,,13,73067612,,[],NCBI_eUtils
rs12428414,KLF5,,13,73070057,,[],NCBI_eUtils
rs9530145,KLF5,,13,73071162,,[],NCBI_eUtils
rs9573095,KLF5,,13,73073222,,[],NCBI_eUtils
rs9573096,KLF5,,13,73075195,,[],NCBI_eUtils
rs4885065,KLF5,,13,73075497,,[],NCBI_eUtils
rs2287505,KLF7,,2,207082362,,[],NCBI_eUtils
rs2287504,KLF7,,2,207082752,,[],NCBI_eUtils
rs1263619,KLF7,,2,207089915,,[],NCBI_eUtils
rs1263618,KLF7,,2,207091384,,[],NCBI_eUtils
rs7582048,KLF7,,2,207092627,,[],NCBI_eUtils
rs13012163,KLF7,,2,207096272,,[],NCBI_eUtils
rs6759901,KLF7,,2,207097732,,[],NCBI_eUtils
rs12464132,KLF7,,2,207100465,,[],NCBI_eUtils
rs1263611,KLF7,,2,207101070,,[],NCBI_eUtils
rs1269416,KLF7,,2,207108373,,[],NCBI_eUtils
rs2244923,KLF7,,2,207110094,,[],NCBI_eUtils
rs2244923,MIR2355,,2,207110094,,[],NCBI_eUtils
rs2244399,KLF7,,2,207114326,,[],NCBI_eUtils
rs1263621,KLF7,,2,207118472,,[],NCBI_eUtils
rs6706279,KLF7,,2,207119491,,[],NCBI_eUtils
rs2269077,KLF7,,2,207121573,,[],NCBI_eUtils
rs2543596,KLF7,,2,207121989,,[],NCBI_eUtils
rs2300941,KLF7,,2,207126069,,[],NCBI_eUtils
rs16839275,KLF7,,2,207127431,,[],NCBI_eUtils
rs2284934,KLF7,,2,207134076,,[],NCBI_eUtils
rs7594394,KLF7,,2,207134385,,[],NCBI_eUtils
rs7594919,KLF7,,2,207134847,,[],NCBI_eUtils
rs764487,KLF7,,2,207136544,,[],NCBI_eUtils
rs10181757,KLF7,,2,207141689,,[],NCBI_eUtils
rs1406791,KLF7,,2,207142779,,[],NCBI_eUtils
rs929695,KLF7,,2,207144812,,[],NCBI_eUtils
rs3791994,KLF7,,2,207145195,,[],NCBI_eUtils
rs2284931,KLF7,,2,207147825,,[],NCBI_eUtils
rs12466923,KLF7,,2,207148831,,[],NCBI_eUtils
rs7603172,KLF7,,2,207156217,,[],NCBI_eUtils
rs10932179,KLF7,,2,207159346,,[],NCBI_eUtils
rs9288381,KLF7,,2,207160330,,[],NCBI_eUtils
rs2241262,KLF7,,2,207163051,,[],NCBI_eUtils
rs3791997,KLF7,,2,207164290,,[],NCBI_eUtils
rs12845122,KLF8,,X,56232692,,[],NCBI_eUtils
rs17003003,KLF8,,X,56234592,,[],NCBI_eUtils
rs2375630,KLF8,,X,56238551,,[],NCBI_eUtils
rs2375631,KLF8,,X,56250473,,[],NCBI_eUtils
rs1033565,KLF8,,X,56265083,,[],NCBI_eUtils
rs3922927,KLF8,,X,56287498,,[],NCBI_eUtils
rs10780928,KLF9,,9,70394997,,[],NCBI_eUtils
rs10780928,LOC124900273,,9,70394997,,[],NCBI_eUtils
rs7034715,KLF9,,9,70402137,,[],NCBI_eUtils
rs7034715,LOC124900273,,9,70402137,,[],NCBI_eUtils
rs11142402,KLF9,,9,70406154,,[],NCBI_eUtils
rs11142402,LOC124900273,,9,70406154,,[],NCBI_eUtils
rs6427976,KLHL12,,1,202891611,,[],NCBI_eUtils
rs4950887,KLHL12,,1,202901202,,[],NCBI_eUtils
rs6686801,KLHL12,,1,202905602,,[],NCBI_eUtils
rs9919219,KLHL12,,1,202908269,,[],NCBI_eUtils
rs10800877,KLHL12,,1,202914935,,[],NCBI_eUtils
rs10800880,KLHL12,,1,202923789,,[],NCBI_eUtils
rs1359931,KLHL32,,6,96929696,,[],NCBI_eUtils
rs982124,KLHL32,,6,96933982,,[],NCBI_eUtils
rs7770996,KLHL32,,6,96939473,,[],NCBI_eUtils
rs12662765,KLHL32,,6,96939589,,[],NCBI_eUtils
rs7761614,KLHL32,,6,96940303,,[],NCBI_eUtils
rs7762923,KLHL32,,6,96958039,,[],NCBI_eUtils
rs974417,KLHL32,,6,96971722,,[],NCBI_eUtils
rs2179537,KLHL32,,6,96975054,,[],NCBI_eUtils
rs11756272,KLHL32,,6,96975807,,[],NCBI_eUtils
rs12523684,KLHL32,,6,96982227,,[],NCBI_eUtils
rs1933459,KLHL32,,6,96990413,,[],NCBI_eUtils
rs4839701,KLHL32,,6,96992760,,[],NCBI_eUtils
rs1206112,KLHL32,,6,96993679,,[],NCBI_eUtils
rs7759248,KLHL32,,6,97001872,,[],NCBI_eUtils
rs7766446,KLHL32,,6,97012069,,[],NCBI_eUtils
rs12055565,KLHL32,,6,97013787,,[],NCBI_eUtils
rs9387043,KLHL32,,6,97015214,,[],NCBI_eUtils
rs9487742,KLHL32,,6,97018727,,[],NCBI_eUtils
rs1206097,KLHL32,,6,97018780,,[],NCBI_eUtils
rs1206100,KLHL32,,6,97021514,,[],NCBI_eUtils
rs9481207,KLHL32,,6,97023695,,[],NCBI_eUtils
rs13211055,KLHL32,,6,97028802,,[],NCBI_eUtils
rs1766483,KLHL32,,6,97041894,,[],NCBI_eUtils
rs17057302,KLHL32,,6,97046863,,[],NCBI_eUtils
rs4839708,KLHL32,,6,97050625,,[],NCBI_eUtils
rs1766467,KLHL32,,6,97053303,,[],NCBI_eUtils
rs1206117,KLHL32,,6,97060236,,[],NCBI_eUtils
rs2294763,KLHL32,,6,97064701,,[],NCBI_eUtils
rs1933463,KLHL32,,6,97070127,,[],NCBI_eUtils
rs9374329,KLHL32,,6,97071111,,[],NCBI_eUtils
rs11153367,KLHL32,,6,97071493,,[],NCBI_eUtils
rs963402,KLHL32,,6,97080449,,[],NCBI_eUtils
rs12662753,KLHL32,,6,97085151,,[],NCBI_eUtils
rs9320410,KLHL32,,6,97086465,,[],NCBI_eUtils
rs879382,KLHL32,,6,97088457,,[],NCBI_eUtils
rs879384,KLHL32,,6,97089124,,[],NCBI_eUtils
rs1997933,KLHL32,,6,97089306,,[],NCBI_eUtils
rs1206131,KLHL32,,6,97093132,,[],NCBI_eUtils
rs1206153,KLHL32,,6,97098160,,[],NCBI_eUtils
rs1206155,KLHL32,,6,97101330,,[],NCBI_eUtils
rs1206157,KLHL32,,6,97103930,,[],NCBI_eUtils
rs1206147,KLHL32,,6,97117297,,[],NCBI_eUtils
rs1206149,KLHL32,,6,97119062,,[],NCBI_eUtils
rs9400583,KLHL32,,6,97125302,,[],NCBI_eUtils
rs1766530,KLHL32,,6,97128866,,[],NCBI_eUtils
rs12524602,KLHL32,,6,97129508,,[],NCBI_eUtils
rs370752,KRBA2,,17,8369309,,[],NCBI_eUtils
rs2430949,KRBA2,,17,8369449,,[],NCBI_eUtils
rs11644820,LDHD,,16,75114166,,[],NCBI_eUtils
rs730168,LDHD,,16,75116377,,[],NCBI_eUtils
rs929271,LIF,,22,30242237,,[],NCBI_eUtils
rs737812,LIF,,22,30243121,,[],NCBI_eUtils
rs737921,LIF,,22,30244225,,[],NCBI_eUtils
rs737921,LIF-AS2,,22,30244225,,[],NCBI_eUtils
rs715605,LIF,,22,30244319,,[],NCBI_eUtils
rs715605,LIF-AS2,,22,30244319,,[],NCBI_eUtils
rs2605135,LLGL1,,17,18227773,,[],NCBI_eUtils
rs2290503,LLGL1,,17,18232439,,[],NCBI_eUtils
rs2290507,LLGL1,,17,18235775,,[],NCBI_eUtils
rs2605137,LLGL1,,17,18236086,,[],NCBI_eUtils
rs2290509,LLGL1,,17,18242136,,[],NCBI_eUtils
rs28523978,LLGL1,,17,18243925,,[],NCBI_eUtils
rs1003392,LYL1,,19,13101314,,[],NCBI_eUtils
rs12047085,LZIC,,1,9935044,,[],NCBI_eUtils
rs12065908,LZIC,,1,9936649,,[],NCBI_eUtils
rs2267373,MAFF,,22,38204535,,[],NCBI_eUtils
rs4444637,MAFF,,22,38210773,,[],NCBI_eUtils
rs10276767,MAFK,,7,1542455,,[],NCBI_eUtils
rs10276767,TMEM184A,,7,1542455,,[],NCBI_eUtils
rs17772089,MAP2K3,,17,21294806,,[],NCBI_eUtils
rs2233078,MAPK7,,17,19382068,,[],NCBI_eUtils
rs2233083,MFAP4,,17,19383150,,[],NCBI_eUtils
rs2233083,MAPK7,,17,19383150,,[],NCBI_eUtils
rs7536276,MTARC1,,1,220787573,,[],NCBI_eUtils
rs6682431,MTARC1,,1,220791195,,[],NCBI_eUtils
rs4131748,MTARC1,,1,220792132,,[],NCBI_eUtils
rs12032061,MTARC1,,1,220793107,,[],NCBI_eUtils
rs12029901,MTARC1,,1,220794842,,[],NCBI_eUtils
rs6671579,MTARC1,,1,220796582,,[],NCBI_eUtils
rs2642439,MTARC1,,1,220797157,,[],NCBI_eUtils
rs867772,MTARC1,,1,220799001,,[],NCBI_eUtils
rs2642441,MTARC1,,1,220800084,,[],NCBI_eUtils
rs12046182,MTARC1,,1,220800832,,[],NCBI_eUtils
rs2807837,MTARC1,,1,220800860,,[],NCBI_eUtils
rs2642444,MTARC1,,1,220800876,,[],NCBI_eUtils
rs17008806,MTARC1,,1,220802915,,[],NCBI_eUtils
rs2642421,MTARC1,,1,220804273,,[],NCBI_eUtils
rs2642420,MTARC1,,1,220804308,,[],NCBI_eUtils
rs17008835,MTARC1,,1,220806087,,[],NCBI_eUtils
rs6541160,MTARC1,,1,220808016,,[],NCBI_eUtils
rs17649913,MTARC1,,1,220810060,,[],NCBI_eUtils
rs11118607,MTARC1,,1,220811022,,[],NCBI_eUtils
rs12129004,MTARC1,,1,220812173,,[],NCBI_eUtils
rs2642449,MTARC1,,1,220812335,,[],NCBI_eUtils
rs2807840,MTARC1,,1,220813813,,[],NCBI_eUtils
rs1044722,MARCHF1,,4,163526824,,[],NCBI_eUtils
rs9993575,MARCHF1,,4,163533619,,[],NCBI_eUtils
rs2044052,MARCHF1,,4,163536080,,[],NCBI_eUtils
rs17473073,MARCHF1,,4,163539493,,[],NCBI_eUtils
rs17473108,MARCHF1,,4,163542626,,[],NCBI_eUtils
rs12508980,MARCHF1,,4,163544594,,[],NCBI_eUtils
rs13130399,MARCHF1,,4,163545672,,[],NCBI_eUtils
rs11100507,MARCHF1,,4,163549149,,[],NCBI_eUtils
rs6815345,MARCHF1,,4,163550671,,[],NCBI_eUtils
rs2320771,MARCHF1,,4,163553316,,[],NCBI_eUtils
rs17473171,MARCHF1,,4,163553439,,[],NCBI_eUtils
rs11100509,MARCHF1,,4,163557722,,[],NCBI_eUtils
rs10029699,MARCHF1,,4,163558815,,[],NCBI_eUtils
rs17473283,MARCHF1,,4,163566295,,[],NCBI_eUtils
rs13115712,MARCHF1,,4,163567886,,[],NCBI_eUtils
rs1877314,MARCHF1,,4,163568866,,[],NCBI_eUtils
rs10001689,MARCHF1,,4,163571243,,[],NCBI_eUtils
rs7693363,MARCHF1,,4,163578847,,[],NCBI_eUtils
rs6821802,MARCHF1,,4,163579757,,[],NCBI_eUtils
rs7695517,MARCHF1,,4,163587880,,[],NCBI_eUtils
rs7693970,MARCHF1,,4,163593016,,[],NCBI_eUtils
rs10213166,MARCHF1,,4,163599914,,[],NCBI_eUtils
rs7692553,MARCHF1,,4,163601514,,[],NCBI_eUtils
rs1511779,MARCHF1,,4,163607300,,[],NCBI_eUtils
rs17473521,MARCHF1,,4,163608429,,[],NCBI_eUtils
rs950565,MARCHF1,,4,163608677,,[],NCBI_eUtils
rs907435,MARCHF1,,4,163611173,,[],NCBI_eUtils
rs3792614,MARCHF1,,4,163611821,,[],NCBI_eUtils
rs4413365,MARCHF1,,4,163615511,,[],NCBI_eUtils
rs10030322,MARCHF1,,4,163619649,,[],NCBI_eUtils
rs7686154,MARCHF1,,4,163621473,,[],NCBI_eUtils
rs2036905,MARCHF1,,4,163626078,,[],NCBI_eUtils
rs2175490,MARCHF1,,4,163626340,,[],NCBI_eUtils
rs13149834,MARCHF1,,4,163641486,,[],NCBI_eUtils
rs13105536,MARCHF1,,4,163649520,,[],NCBI_eUtils
rs17044007,MARCHF1,,4,163649997,,[],NCBI_eUtils
rs17473710,MARCHF1,,4,163650133,,[],NCBI_eUtils
rs7655593,MARCHF1,,4,163650956,,[],NCBI_eUtils
rs1533151,MARCHF1,,4,163654839,,[],NCBI_eUtils
rs1511776,MARCHF1,,4,163661305,,[],NCBI_eUtils
rs17473787,MARCHF1,,4,163674514,,[],NCBI_eUtils
rs17473787,LOC107986325,,4,163674514,,[],NCBI_eUtils
rs6826691,MARCHF1,,4,163681057,,[],NCBI_eUtils
rs6826691,LOC107986325,,4,163681057,,[],NCBI_eUtils
rs17044034,MARCHF1,,4,163685836,,[],NCBI_eUtils
rs17044034,LOC107986325,,4,163685836,,[],NCBI_eUtils
rs998117,MARCHF1,,4,163690792,,[],NCBI_eUtils
rs998117,LOC107986325,,4,163690792,,[],NCBI_eUtils
rs9308064,MARCHF1,,4,163700731,,[],NCBI_eUtils
rs17577307,MARCHF1,,4,163702586,,[],NCBI_eUtils
rs1565840,MARCHF1,,4,163713220,,[],NCBI_eUtils
rs6814421,MARCHF1,,4,163733960,,[],NCBI_eUtils
rs7667981,MARCHF1,,4,163740407,,[],NCBI_eUtils
rs9308066,MARCHF1,,4,163746928,,[],NCBI_eUtils
rs10517784,MARCHF1,,4,163747014,,[],NCBI_eUtils
rs6857627,MARCHF1,,4,163748609,,[],NCBI_eUtils
rs2131861,MARCHF1,,4,163753879,,[],NCBI_eUtils
rs10517786,MARCHF1,,4,163758442,,[],NCBI_eUtils
rs4256198,MARCHF1,,4,163769408,,[],NCBI_eUtils
rs1389706,MARCHF1,,4,163773644,,[],NCBI_eUtils
rs1038975,MARCHF1,,4,163780507,,[],NCBI_eUtils
rs8180235,MARCHF1,,4,163794726,,[],NCBI_eUtils
rs12500778,MARCHF1,,4,163799231,,[],NCBI_eUtils
rs12645753,MARCHF1,,4,163800205,,[],NCBI_eUtils
rs1908290,MARCHF1,,4,163811027,,[],NCBI_eUtils
rs2131862,MARCHF1,,4,163827371,,[],NCBI_eUtils
rs17044211,MARCHF1,,4,163831043,,[],NCBI_eUtils
rs1874094,MARCHF1,,4,163832235,,[],NCBI_eUtils
rs11939053,MARCHF1,,4,163837319,,[],NCBI_eUtils
rs7681115,MARCHF1,,4,163837484,,[],NCBI_eUtils
rs2047160,MARCHF1,,4,163838765,,[],NCBI_eUtils
rs1565842,MARCHF1,,4,163840566,,[],NCBI_eUtils
rs7670349,MARCHF1,,4,163844366,,[],NCBI_eUtils
rs7693115,MARCHF1,,4,163844910,,[],NCBI_eUtils
rs11100520,MARCHF1,,4,163851825,,[],NCBI_eUtils
rs923913,MARCHF1,,4,163856045,,[],NCBI_eUtils
rs10517791,MARCHF1,,4,163858168,,[],NCBI_eUtils
rs978402,MARCHF1,,4,163858968,,[],NCBI_eUtils
rs7655259,MARCHF1,,4,163861363,,[],NCBI_eUtils
rs17044246,MARCHF1,,4,163869649,,[],NCBI_eUtils
rs12504215,MARCHF1,,4,163874377,,[],NCBI_eUtils
rs12645283,MARCHF1,,4,163875349,,[],NCBI_eUtils
rs1494284,MARCHF1,,4,163876234,,[],NCBI_eUtils
rs17474536,MARCHF1,,4,163876255,,[],NCBI_eUtils
rs17474585,MARCHF1,,4,163878186,,[],NCBI_eUtils
rs10030506,MARCHF1,,4,163883424,,[],NCBI_eUtils
rs6536757,MARCHF1,,4,163899091,,[],NCBI_eUtils
rs4334707,MARCHF1,,4,163905676,,[],NCBI_eUtils
rs4267695,MARCHF1,,4,163907952,,[],NCBI_eUtils
rs3890761,MARCHF1,,4,163908599,,[],NCBI_eUtils
rs6844489,MARCHF1,,4,163908962,,[],NCBI_eUtils
rs12501935,MARCHF1,,4,163910993,,[],NCBI_eUtils
rs10008162,INTERGENIC,,Unknown,Unknown,intergenic,[],Fallback
rs4691940,MARCHF1,,4,163934126,,[],NCBI_eUtils
rs11725690,MARCHF1,,4,163937584,,[],NCBI_eUtils
rs10857365,MARCHF1,,4,163944795,,[],NCBI_eUtils
rs4449375,MARCHF1,,4,163948977,,[],NCBI_eUtils
rs12505619,MARCHF1,,4,163951125,,[],NCBI_eUtils
rs4270550,MARCHF1,,4,163952091,,[],NCBI_eUtils
rs6536764,MARCHF1,,4,163954864,,[],NCBI_eUtils
rs3967462,MARCHF1,,4,163963586,,[],NCBI_eUtils
rs3967463,MARCHF1,,4,163963742,,[],NCBI_eUtils
rs7674531,MARCHF1,,4,163964908,,[],NCBI_eUtils
rs17044337,MARCHF1,,4,163967291,,[],NCBI_eUtils
rs17578295,MARCHF1,,4,163968220,,[],NCBI_eUtils
rs9308069,MARCHF1,,4,163968735,,[],NCBI_eUtils
rs17578337,MARCHF1,,4,163971122,,[],NCBI_eUtils
rs3792673,MARCHF1,,4,163984567,,[],NCBI_eUtils
rs12511868,MARCHF1,,4,164001380,,[],NCBI_eUtils
rs11736201,MARCHF1,,4,164001479,,[],NCBI_eUtils
rs7687757,MARCHF1,,4,164019908,,[],NCBI_eUtils
rs4533720,MARCHF1,,4,164038652,,[],NCBI_eUtils
rs4560357,MARCHF1,,4,164041723,,[],NCBI_eUtils
rs2001227,MARCHF1,,4,164047012,,[],NCBI_eUtils
rs10026455,MARCHF1,,4,164047394,,[],NCBI_eUtils
rs6536779,MARCHF1,,4,164051010,,[],NCBI_eUtils
rs6536780,MARCHF1,,4,164051104,,[],NCBI_eUtils
rs13123163,MARCHF1,,4,164051298,,[],NCBI_eUtils
rs17475275,MARCHF1,,4,164055528,,[],NCBI_eUtils
rs891577,MARCHF1,,4,164060905,,[],NCBI_eUtils
rs1430987,MARCHF1,,4,164070423,,[],NCBI_eUtils
rs971945,MARCHF1,,4,164070864,,[],NCBI_eUtils
rs2321210,MARCHF1,,4,164075576,,[],NCBI_eUtils
rs17044451,MARCHF1,,4,164075876,,[],NCBI_eUtils
rs17044453,MARCHF1,,4,164075956,,[],NCBI_eUtils
rs919574,MARCHF1,,4,164092413,,[],NCBI_eUtils
rs17675820,MARCHF1,,4,164114007,,[],NCBI_eUtils
rs4691956,MARCHF1,,4,164116401,,[],NCBI_eUtils
rs2321305,MARCHF1,,4,164125435,,[],NCBI_eUtils
rs7691235,MARCHF1,,4,164127964,,[],NCBI_eUtils
rs4691961,MARCHF1,,4,164131071,,[],NCBI_eUtils
rs17579243,MARCHF1,,4,164131152,,[],NCBI_eUtils
rs2195697,MARCHF1,,4,164135875,,[],NCBI_eUtils
rs982257,MARCHF1,,4,164139746,,[],NCBI_eUtils
rs1430997,MARCHF1,,4,164166223,,[],NCBI_eUtils
rs17044711,MARCHF1,,4,164172004,,[],NCBI_eUtils
rs1430976,MARCHF1,,4,164187823,,[],NCBI_eUtils
rs28710221,MARCHF1,,4,164188324,,[],NCBI_eUtils
rs17044732,MARCHF1,,4,164188992,,[],NCBI_eUtils
rs1835507,MARCHF1,,4,164190521,,[],NCBI_eUtils
rs1430974,MARCHF1,,4,164195857,,[],NCBI_eUtils
rs2288675,MARCHF1,,4,164197500,,[],NCBI_eUtils
rs7688298,MARCHF1,,4,164203107,,[],NCBI_eUtils
rs4502640,MARCHF1,,4,164208210,,[],NCBI_eUtils
rs6814420,MARCHF1,,4,164210198,,[],NCBI_eUtils
rs9968537,MARCHF1,,4,164218122,,[],NCBI_eUtils
rs7668234,MARCHF1,,4,164224276,,[],NCBI_eUtils
rs2321373,MARCHF1,,4,164232498,,[],NCBI_eUtils
rs17676292,MARCHF1,,4,164240117,,[],NCBI_eUtils
rs4561891,MARCHF1,,4,164247769,,[],NCBI_eUtils
rs4496540,MARCHF1,,4,164249256,,[],NCBI_eUtils
rs10222965,MARCHF1,,4,164252398,,[],NCBI_eUtils
rs1985065,MARCHF1,,4,164281267,,[],NCBI_eUtils
rs2321377,MARCHF1,,4,164281572,,[],NCBI_eUtils
rs2321376,MARCHF1,,4,164281630,,[],NCBI_eUtils
rs17614438,MARCHF1,,4,164288157,,[],NCBI_eUtils
rs11941402,MARCHF1,,4,164293497,,[],NCBI_eUtils
rs6829588,MARCHF1,,4,164300819,,[],NCBI_eUtils
rs6829484,MARCHF1,,4,164301031,,[],NCBI_eUtils
rs4234967,MARCHF1,,4,164303918,,[],NCBI_eUtils
rs10517805,MARCHF1,,4,164307080,,[],NCBI_eUtils
rs17044891,MARCHF1,,4,164307520,,[],NCBI_eUtils
rs17044895,MARCHF1,,4,164311121,,[],NCBI_eUtils
rs7675835,MARCHF1,,4,164313393,,[],NCBI_eUtils
rs7675571,MARCHF1,,4,164313526,,[],NCBI_eUtils
rs4434204,MARCHF1,,4,164315846,,[],NCBI_eUtils
rs4622958,MARCHF1,,4,164316055,,[],NCBI_eUtils
rs7680916,MARCHF1,,4,164317964,,[],NCBI_eUtils
rs7669453,MARCHF1,,4,164333600,,[],NCBI_eUtils
rs7662252,MARCHF1,,4,164341503,,[],NCBI_eUtils
rs4431170,MARCHF1,,4,164363422,,[],NCBI_eUtils
rs8181931,MAX,,14,65064198,,[],NCBI_eUtils
rs7152879,MAX,,14,65068471,,[],NCBI_eUtils
rs12433870,MAX,,14,65069344,,[],NCBI_eUtils
rs7156617,MAX,,14,65074663,,[],NCBI_eUtils
rs4902359,MAX,,14,65076072,,[],NCBI_eUtils
rs2277500,MAX,,14,65077732,,[],NCBI_eUtils
rs34286592,MAZ,,16,29809159,,[],NCBI_eUtils
rs34286592,LOC112268170,,16,29809159,,[],NCBI_eUtils
rs12929524,MAZ,,16,29809846,,[],NCBI_eUtils
rs12929524,LOC112268170,,16,29809846,,[],NCBI_eUtils
rs10929559,MBOAT2,,2,8858494,,[],NCBI_eUtils
rs1550253,MBOAT2,,2,8861362,,[],NCBI_eUtils
rs16866828,MBOAT2,,2,8861779,,[],NCBI_eUtils
rs7602744,MBOAT2,,2,8862708,,[],NCBI_eUtils
rs6431967,MBOAT2,,2,8863451,,[],NCBI_eUtils
rs16866835,MBOAT2,,2,8867588,,[],NCBI_eUtils
rs10194749,MBOAT2,,2,8868774,,[],NCBI_eUtils
rs16866839,MBOAT2,,2,8875774,,[],NCBI_eUtils
rs998967,MBOAT2,,2,8876904,,[],NCBI_eUtils
rs7592426,MBOAT2,,2,8885176,,[],NCBI_eUtils
rs7605431,MBOAT2,,2,8920089,,[],NCBI_eUtils
rs13415968,MBOAT2,,2,8924061,,[],NCBI_eUtils
rs10192594,MBOAT2,,2,8942693,,[],NCBI_eUtils
rs10170080,MBOAT2,,2,8945726,,[],NCBI_eUtils
rs6715965,MBOAT2,,2,8973909,,[],NCBI_eUtils
rs7585370,MBOAT2,,2,8978610,,[],NCBI_eUtils
rs7585370,LOC124906167,,2,8978610,,[],NCBI_eUtils
rs13006592,MBOAT2,,2,8987079,,[],NCBI_eUtils
rs1512290,MBOAT2,,2,8990053,,[],NCBI_eUtils
rs1242515,MED9,,17,17482676,,[],NCBI_eUtils
rs1056024,MESP1,,15,89749984,,[],NCBI_eUtils
rs12900413,MESP2,,15,89777808,,[],NCBI_eUtils
rs12900413,LOC124903550,,15,89777808,,[],NCBI_eUtils
rs6553483,MFAP3L,,4,169987294,,[],NCBI_eUtils
rs6835378,MFAP3L,,4,169988757,,[],NCBI_eUtils
rs3797044,MFAP3L,,4,169989052,,[],NCBI_eUtils
rs4320103,MFAP3L,,4,169989171,,[],NCBI_eUtils
rs4692779,MFAP3L,,4,169990154,,[],NCBI_eUtils
rs4692588,MFAP3L,,4,169990292,,[],NCBI_eUtils
rs7661337,MFAP3L,,4,169991127,,[],NCBI_eUtils
rs6553484,MFAP3L,,4,169998515,,[],NCBI_eUtils
rs17055385,MFAP3L,,4,170009974,,[],NCBI_eUtils
rs6842442,MFAP3L,,4,170012052,,[],NCBI_eUtils
rs6587082,MFAP4,,17,19384163,,[],NCBI_eUtils
rs7973133,MFSD5,,12,53254143,,[],NCBI_eUtils
rs9869047,MITF,,3,69742587,,[],NCBI_eUtils
rs9864251,MITF,,3,69744656,,[],NCBI_eUtils
rs1121878,MITF,,3,69748175,,[],NCBI_eUtils
rs4855447,MITF,,3,69754177,,[],NCBI_eUtils
rs13073599,MITF,,3,69759487,,[],NCBI_eUtils
rs10865653,MITF,,3,69785303,,[],NCBI_eUtils
rs11128143,MITF,,3,69785404,,[],NCBI_eUtils
rs6786207,MITF,,3,69789164,,[],NCBI_eUtils
rs6777363,MITF,,3,69794820,,[],NCBI_eUtils
rs6787022,MITF,,3,69797121,,[],NCBI_eUtils
rs6798971,MITF,,3,69798108,,[],NCBI_eUtils
rs9832459,MITF,,3,69800915,,[],NCBI_eUtils
rs1529585,MITF,,3,69821444,,[],NCBI_eUtils
rs1367370,MITF,,3,69838505,,[],NCBI_eUtils
rs1544978,MITF,,3,69850986,,[],NCBI_eUtils
rs13071701,MITF,,3,69853363,,[],NCBI_eUtils
rs7623486,MITF,,3,69859943,,[],NCBI_eUtils
rs2320172,MITF,,3,69867486,,[],NCBI_eUtils
rs1316735,MITF,,3,69869926,,[],NCBI_eUtils
rs17006578,MITF,,3,69885180,,[],NCBI_eUtils
rs17006579,MITF,,3,69885378,,[],NCBI_eUtils
rs9874322,MITF,,3,69919166,,[],NCBI_eUtils
rs7430957,MITF,,3,69929315,,[],NCBI_eUtils
rs7623610,MITF,,3,69956130,,[],NCBI_eUtils
rs576,MITF,,3,69967316,,[],NCBI_eUtils
rs704246,MITF,,3,69967753,,[],NCBI_eUtils
rs8074485,MLX,,17,42571083,,[],NCBI_eUtils
rs679,MLX,,17,42572258,,[],NCBI_eUtils
rs679,PSMC3IP,,17,42572258,,[],NCBI_eUtils
rs1540583,MNT,,17,2386318,,[],NCBI_eUtils
rs2429919,MNT,,17,2392339,,[],NCBI_eUtils
rs1381247,MNT,,17,2399093,,[],NCBI_eUtils
rs7216176,MPRIP,,17,17056683,,[],NCBI_eUtils
rs7223686,MPRIP,,17,17057597,,[],NCBI_eUtils
rs6502557,MPRIP,,17,17057664,,[],NCBI_eUtils
rs12452303,MPRIP,,17,17065356,,[],NCBI_eUtils
rs4985721,MPRIP,,17,17089230,,[],NCBI_eUtils
rs12603417,MPRIP,,17,17097977,,[],NCBI_eUtils
rs4985696,MPRIP,,17,17100122,,[],NCBI_eUtils
rs8069241,MPRIP,,17,17105050,,[],NCBI_eUtils
rs10852845,MPRIP,,17,17114270,,[],NCBI_eUtils
rs3744139,MPRIP,,17,17142419,,[],NCBI_eUtils
rs3744137,MPRIP,,17,17142710,,[],NCBI_eUtils
rs16961396,MPRIP,,17,17172445,,[],NCBI_eUtils
rs7223758,MPRIP,,17,17174281,,[],NCBI_eUtils
rs2292528,MPRIP,,17,17177261,,[],NCBI_eUtils
rs12450878,MPRIP,,17,17180955,,[],NCBI_eUtils
rs16961406,MPRIP,,17,17188591,,[],NCBI_eUtils
rs1342273,MXI1,,10,110213581,,[],NCBI_eUtils
rs1342273,LOC105378480,,10,110213581,,[],NCBI_eUtils
rs17127170,MXI1,,10,110232464,,[],NCBI_eUtils
rs1891375,MXI1,,10,110241251,,[],NCBI_eUtils
rs10509910,MXI1,,10,110242002,,[],NCBI_eUtils
rs716594,MXI1,,10,110246553,,[],NCBI_eUtils
rs11195047,MXI1,,10,110251072,,[],NCBI_eUtils
rs2010327,MXI1,,10,110251726,,[],NCBI_eUtils
rs1935465,MXI1,,10,110269542,,[],NCBI_eUtils
rs12357528,MXI1,,10,110271299,,[],NCBI_eUtils
rs11195062,MXI1,,10,110277217,,[],NCBI_eUtils
rs928929,MXI1,,10,110282693,,[],NCBI_eUtils
rs1133195,MXI1,,10,110285384,,[],NCBI_eUtils
rs17658,MXI1,,10,110286392,,[],NCBI_eUtils
rs1803997,MXI1,,10,110286442,,[],NCBI_eUtils
rs11154794,MYB,,6,135194310,,[],NCBI_eUtils
rs743589,MYB,,6,135201801,,[],NCBI_eUtils
rs743589,LOC105378011,,6,135201801,,[],NCBI_eUtils
rs3819409,MYB,,6,135204258,,[],NCBI_eUtils
rs3819409,LOC105378011,,6,135204258,,[],NCBI_eUtils
rs210942,MYB,,6,135214309,,[],NCBI_eUtils
rs210942,LOC105378011,,6,135214309,,[],NCBI_eUtils
rs210941,MYB,,6,135215358,,[],NCBI_eUtils
rs210941,LOC105378011,,6,135215358,,[],NCBI_eUtils
rs16932983,MYBL1,,8,66574662,,[],NCBI_eUtils
rs10504398,MYBL1,,8,66574680,,[],NCBI_eUtils
rs11990331,MYBL1,,8,66580456,,[],NCBI_eUtils
rs28707159,MYBL1,,8,66587090,,[],NCBI_eUtils
rs10088017,MYBL1,,8,66587758,,[],NCBI_eUtils
rs17310467,GSS,,20,34957813,,[],NCBI_eUtils
rs17310467,MYH7B,,20,34957813,,[],NCBI_eUtils
rs6088664,MYH7B,,20,34963297,,[],NCBI_eUtils
rs6579204,MYH7B,,20,34965874,,[],NCBI_eUtils
rs6120778,MYH7B,,20,34977366,,[],NCBI_eUtils
rs6060137,MYH7B,,20,34977677,,[],NCBI_eUtils
rs3746446,MYH7B,,20,34986962,,[],NCBI_eUtils
rs2425012,MYH7B,,20,34994152,,[],NCBI_eUtils
rs4911167,TRPC4AP,,20,35002293,,[],NCBI_eUtils
rs4911167,MYH7B,,20,35002293,,[],NCBI_eUtils
rs2955361,MYO15A,,17,18110246,,[],NCBI_eUtils
rs2955361,LOC105371566,,17,18110246,,[],NCBI_eUtils
rs854767,MYO15A,,17,18114949,,[],NCBI_eUtils
rs854767,LOC105371566,,17,18114949,,[],NCBI_eUtils
rs854786,MYO15A,,17,18132969,,[],NCBI_eUtils
rs854779,MYO15A,,17,18140956,,[],NCBI_eUtils
rs11658477,MYO15A,,17,18141579,,[],NCBI_eUtils
rs2072653,MYO15A,,17,18141784,,[],NCBI_eUtils
rs8065026,MYO15A,,17,18142976,,[],NCBI_eUtils
rs2272571,MYO15A,,17,18143875,,[],NCBI_eUtils
rs854774,MYO15A,,17,18148661,,[],NCBI_eUtils
rs16960959,MYO15A,,17,18150908,,[],NCBI_eUtils
rs16960959,LOC124903944,,17,18150908,,[],NCBI_eUtils
rs16960961,MYO15A,,17,18151139,,[],NCBI_eUtils
rs16960961,LOC124903944,,17,18151139,,[],NCBI_eUtils
rs11688048,NCOA1,,2,24584664,,[],NCBI_eUtils
rs995647,NCOA1,,2,24587386,,[],NCBI_eUtils
rs10204713,NCOA1,,2,24608665,,[],NCBI_eUtils
rs11894248,NCOA1,,2,24633890,,[],NCBI_eUtils
rs7561414,NCOA1,,2,24656580,,[],NCBI_eUtils
rs17046446,NCOA1,,2,24658797,,[],NCBI_eUtils
rs11693687,NCOA1,,2,24679203,,[],NCBI_eUtils
rs2119120,NCOA1,,2,24691256,,[],NCBI_eUtils
rs6749833,NCOA1,,2,24692473,,[],NCBI_eUtils
rs11125751,NCOA1,,2,24702425,,[],NCBI_eUtils
rs3731628,NCOA1,,2,24706982,,[],NCBI_eUtils
rs1049038,NCOA1,,2,24741941,,[],NCBI_eUtils
rs6063126,NCOA3,,20,47510776,,[],NCBI_eUtils
rs6094723,NCOA3,,20,47512735,,[],NCBI_eUtils
rs1206882,NCOA3,,20,47518822,,[],NCBI_eUtils
rs11700063,NCOA3,,20,47524404,,[],NCBI_eUtils
rs11906162,NCOA3,,20,47527355,,[],NCBI_eUtils
rs2425947,NCOA3,,20,47535055,,[],NCBI_eUtils
rs6012207,NCOA3,,20,47550789,,[],NCBI_eUtils
rs1569438,NCOA3,,20,47557827,,[],NCBI_eUtils
rs6122597,NCOA3,,20,47561657,,[],NCBI_eUtils
rs16992616,NCOA3,,20,47579550,,[],NCBI_eUtils
rs6125048,NCOA3,,20,47579861,,[],NCBI_eUtils
rs2143491,NCOA3,,20,47599923,,[],NCBI_eUtils
rs6066408,NCOA3,,20,47610877,,[],NCBI_eUtils
rs2284322,NCOA3,,20,47617281,,[],NCBI_eUtils
rs6094752,NCOA3,,20,47627680,,[],NCBI_eUtils
rs6018600,NCOA3,,20,47629833,,[],NCBI_eUtils
rs6094756,NCOA3,,20,47634188,,[],NCBI_eUtils
rs2230782,NCOA3,,20,47636144,,[],NCBI_eUtils
rs2076546,NCOA3,,20,47639749,,[],NCBI_eUtils
rs396221,NCOA3,,20,47645345,,[],NCBI_eUtils
rs6094766,NCOA3,,20,47653603,,[],NCBI_eUtils
rs11699879,NCOA3,,20,47654639,,[],NCBI_eUtils
rs12952466,NCOR1,,17,16030711,,[],NCBI_eUtils
rs12952466,TTC19,,17,16030711,,[],NCBI_eUtils
rs4792717,NCOR1,,17,16045116,,[],NCBI_eUtils
rs4792717,TTC19,,17,16045116,,[],NCBI_eUtils
rs1073093,NCOR1,,17,16059749,,[],NCBI_eUtils
rs2285583,NCOR1,,17,16064829,,[],NCBI_eUtils
rs3785628,NCOR1,,17,16067368,,[],NCBI_eUtils
rs9891379,NCOR1,,17,16073244,,[],NCBI_eUtils
rs4566208,NCOR1,,17,16107606,,[],NCBI_eUtils
rs4792723,NCOR1,,17,16128692,,[],NCBI_eUtils
rs7218945,NCOR1,,17,16133280,,[],NCBI_eUtils
rs16959542,NCOR1,,17,16154797,,[],NCBI_eUtils
rs16959542,SNORD163,,17,16154797,,[],NCBI_eUtils
rs16959544,NCOR1,,17,16155034,,[],NCBI_eUtils
rs16959544,SNORD163,,17,16155034,,[],NCBI_eUtils
rs3762382,NEK7,,1,198159729,,[],NCBI_eUtils
rs6671879,NEK7,,1,198171808,,[],NCBI_eUtils
rs10158410,NEK7,,1,198181366,,[],NCBI_eUtils
rs6670073,NEK7,,1,198186728,,[],NCBI_eUtils
rs9628685,NEK7,,1,198190299,,[],NCBI_eUtils
rs2359665,NEK7,,1,198192484,,[],NCBI_eUtils
rs6428437,NEK7,,1,198196249,,[],NCBI_eUtils
rs4600071,NEK7,,1,198232571,,[],NCBI_eUtils
rs12060034,NEK7,,1,198255122,,[],NCBI_eUtils
rs16842621,NEK7,,1,198256803,,[],NCBI_eUtils
rs1927252,NEK7,,1,198264777,,[],NCBI_eUtils
rs6668469,NEK7,,1,198280065,,[],NCBI_eUtils
rs12090377,NEK7,,1,198300286,,[],NCBI_eUtils
rs16842754,NEK7,,1,198308005,,[],NCBI_eUtils
rs7529192,NEK7,,1,198317710,,[],NCBI_eUtils
rs1061258,NEK7,,1,198318139,,[],NCBI_eUtils
rs9628687,NEK7,,1,198320932,,[],NCBI_eUtils
rs10238918,NEUROD6,,7,31337755,,[],NCBI_eUtils
rs6759443,NFE2L2,,2,177230617,,[],NCBI_eUtils
rs5031039,NFE2L2,,2,177234022,,[],NCBI_eUtils
rs1135118,NFE2L2,,2,177234103,,[],NCBI_eUtils
rs2001350,NFE2L2,,2,177235697,,[],NCBI_eUtils
rs6726395,NFE2L2,,2,177238501,,[],NCBI_eUtils
rs13402068,NFE2L2,,2,177245233,,[],NCBI_eUtils
rs1962142,NFE2L2,,2,177248756,,[],NCBI_eUtils
rs1806649,NFE2L2,,2,177253424,,[],NCBI_eUtils
rs13001694,NFE2L2,,2,177254262,,[],NCBI_eUtils
rs2364722,NFE2L2,,2,177260059,,[],NCBI_eUtils
rs484555,NFIB,,9,14085584,,[],NCBI_eUtils
rs7858,NFIB,,9,14087770,,[],NCBI_eUtils
rs548824,NFIB,,9,14088790,,[],NCBI_eUtils
rs7863561,NFIB,,9,14090543,,[],NCBI_eUtils
rs542733,NFIB,,9,14098868,,[],NCBI_eUtils
rs508940,NFIB,,9,14107097,,[],NCBI_eUtils
rs510970,NFIB,,9,14109457,,[],NCBI_eUtils
rs571693,NFIB,,9,14110243,,[],NCBI_eUtils
rs573057,NFIB,,9,14113904,,[],NCBI_eUtils
rs498010,NFIB,,9,14116485,,[],NCBI_eUtils
rs580501,NFIB,,9,14117222,,[],NCBI_eUtils
rs10810092,NFIB,,9,14119584,,[],NCBI_eUtils
rs2307079,NFIB,,9,14120804,,[],NCBI_eUtils
rs7031859,NFIB,,9,14124697,,[],NCBI_eUtils
rs7032297,NFIB,,9,14124749,,[],NCBI_eUtils
rs2382437,NFIB,,9,14139829,,[],NCBI_eUtils
rs7042365,NFIB,,9,14144822,,[],NCBI_eUtils
rs7031735,NFIB,,9,14145488,,[],NCBI_eUtils
rs10756531,NFIB,,9,14152437,,[],NCBI_eUtils
rs723968,NFIB,,9,14154232,,[],NCBI_eUtils
rs10810096,NFIB,,9,14154698,,[],NCBI_eUtils
rs7863447,NFIB,,9,14155419,,[],NCBI_eUtils
rs7044402,NFIB,,9,14157469,,[],NCBI_eUtils
rs2382443,NFIB,,9,14159461,,[],NCBI_eUtils
rs10810099,NFIB,,9,14161928,,[],NCBI_eUtils
rs10961399,NFIB,,9,14164251,,[],NCBI_eUtils
rs12377502,NFIB,,9,14171646,,[],NCBI_eUtils
rs6474821,NFIB,,9,14172049,,[],NCBI_eUtils
rs10810102,NFIB,,9,14180402,,[],NCBI_eUtils
rs2890982,NFIB,,9,14181654,,[],NCBI_eUtils
rs16931436,NFIB,,9,14185940,,[],NCBI_eUtils
rs4375095,NFIB,,9,14187524,,[],NCBI_eUtils
rs2382451,NFIB,,9,14189189,,[],NCBI_eUtils
rs10756538,NFIB,,9,14194857,,[],NCBI_eUtils
rs2382454,NFIB,,9,14196341,,[],NCBI_eUtils
rs10738355,NFIB,,9,14197499,,[],NCBI_eUtils
rs10810110,NFIB,,9,14199423,,[],NCBI_eUtils
rs10810113,NFIB,,9,14200006,,[],NCBI_eUtils
rs12551619,NFIB,,9,14205170,,[],NCBI_eUtils
rs12339675,NFIB,,9,14206836,,[],NCBI_eUtils
rs10961424,NFIB,,9,14208725,,[],NCBI_eUtils
rs12340584,NFIB,,9,14210654,,[],NCBI_eUtils
rs10961426,NFIB,,9,14211844,,[],NCBI_eUtils
rs12682686,NFIB,,9,14213975,,[],NCBI_eUtils
rs10511593,NFIB,,9,14215879,,[],NCBI_eUtils
rs7048086,NFIB,,9,14219692,,[],NCBI_eUtils
rs10961436,NFIB,,9,14229180,,[],NCBI_eUtils
rs10961439,NFIB,,9,14233160,,[],NCBI_eUtils
rs10961440,NFIB,,9,14234316,,[],NCBI_eUtils
rs7040053,NFIB,,9,14235003,,[],NCBI_eUtils
rs10961441,NFIB,,9,14236135,,[],NCBI_eUtils
rs10756542,NFIB,,9,14237650,,[],NCBI_eUtils
rs1322985,NFIB,,9,14238794,,[],NCBI_eUtils
rs1555553,NFIB,,9,14241818,,[],NCBI_eUtils
rs10810120,NFIB,,9,14244377,,[],NCBI_eUtils
rs1322986,NFIB,,9,14244414,,[],NCBI_eUtils
rs7030457,NFIB,,9,14245552,,[],NCBI_eUtils
rs10961450,NFIB,,9,14247489,,[],NCBI_eUtils
rs7866589,NFIB,,9,14247789,,[],NCBI_eUtils
rs7027899,NFIB,,9,14248935,,[],NCBI_eUtils
rs7874591,NFIB,,9,14249489,,[],NCBI_eUtils
rs3761668,NFIB,,9,14250286,,[],NCBI_eUtils
rs10435726,NFIB,,9,14251918,,[],NCBI_eUtils
rs4740564,NFIB,,9,14260685,,[],NCBI_eUtils
rs1322990,NFIB,,9,14262700,,[],NCBI_eUtils
rs10122910,NFIB,,9,14264718,,[],NCBI_eUtils
rs7846889,NFIB,,9,14267602,,[],NCBI_eUtils
rs10961455,NFIB,,9,14269257,,[],NCBI_eUtils
rs1061820,NFIB,,9,14269557,,[],NCBI_eUtils
rs1033837,NFIB,,9,14274951,,[],NCBI_eUtils
rs4740567,NFIB,,9,14281897,,[],NCBI_eUtils
rs6474827,NFIB,,9,14286127,,[],NCBI_eUtils
rs10810124,NFIB,,9,14290979,,[],NCBI_eUtils
rs10810126,NFIB,,9,14292208,,[],NCBI_eUtils
rs10124289,NFIB,,9,14292641,,[],NCBI_eUtils
rs10961466,NFIB,,9,14292881,,[],NCBI_eUtils
rs12685327,NFIB,,9,14293116,,[],NCBI_eUtils
rs10810127,NFIB,,9,14294351,,[],NCBI_eUtils
rs17213362,NFIB,,9,14294981,,[],NCBI_eUtils
rs10429540,NFIB,,9,14297979,,[],NCBI_eUtils
rs11999144,NFIB,,9,14300902,,[],NCBI_eUtils
rs2382468,NFIB,,9,14303062,,[],NCBI_eUtils
rs7021322,NFIB,,9,14303489,,[],NCBI_eUtils
rs10810130,NFIB,,9,14304974,,[],NCBI_eUtils
rs17213755,NFIB,,9,14309553,,[],NCBI_eUtils
rs10810131,NFIB,,9,14310505,,[],NCBI_eUtils
rs10961473,NFIB,,9,14312725,,[],NCBI_eUtils
rs2273933,NFIB,,9,14313713,,[],NCBI_eUtils
rs7874736,NFIB,,9,14316571,,[],NCBI_eUtils
rs7040685,NFIB,,9,14323347,,[],NCBI_eUtils
rs7048960,NFIB,,9,14334139,,[],NCBI_eUtils
rs10810132,NFIB,,9,14338471,,[],NCBI_eUtils
rs13295646,NFIB,,9,14342891,,[],NCBI_eUtils
rs598296,NFIB,,9,14343671,,[],NCBI_eUtils
rs877571,NFIB,,9,14347812,,[],NCBI_eUtils
rs877571,NFIB-AS1,,9,14347812,,[],NCBI_eUtils
rs877569,NFIB,,9,14348564,,[],NCBI_eUtils
rs877569,NFIB-AS1,,9,14348564,,[],NCBI_eUtils
rs13289800,NFIB,,9,14348828,,[],NCBI_eUtils
rs13289800,NFIB-AS1,,9,14348828,,[],NCBI_eUtils
rs10961483,NFIB,,9,14352458,,[],NCBI_eUtils
rs10961483,NFIB-AS1,,9,14352458,,[],NCBI_eUtils
rs7864996,NFIB,,9,14356796,,[],NCBI_eUtils
rs7864996,NFIB-AS1,,9,14356796,,[],NCBI_eUtils
rs13296301,NFIB,,9,14358682,,[],NCBI_eUtils
rs13296301,NFIB-AS1,,9,14358682,,[],NCBI_eUtils
rs10756546,NFIB,,9,14364591,,[],NCBI_eUtils
rs683474,NFIB,,9,14365270,,[],NCBI_eUtils
rs2021306,NFIB,,9,14365308,,[],NCBI_eUtils
rs471088,NFIB,,9,14367506,,[],NCBI_eUtils
rs10961490,NFIB,,9,14370173,,[],NCBI_eUtils
rs4741365,NFIB,,9,14376010,,[],NCBI_eUtils
rs4741366,NFIB,,9,14376039,,[],NCBI_eUtils
rs2382469,NFIB,,9,14378713,,[],NCBI_eUtils
rs509609,NFIB,,9,14378777,,[],NCBI_eUtils
rs1108676,NFIB,,9,14379105,,[],NCBI_eUtils
rs568008,NFIB,,9,14380529,,[],NCBI_eUtils
rs630973,NFIB,,9,14380946,,[],NCBI_eUtils
rs7867427,NFIB,,9,14383297,,[],NCBI_eUtils
rs17708974,NFIB,,9,14383317,,[],NCBI_eUtils
rs679613,NFIB,,9,14384951,,[],NCBI_eUtils
rs10810134,NFIB,,9,14384977,,[],NCBI_eUtils
rs717932,NFIB,,9,14389012,,[],NCBI_eUtils
rs2208919,NFIB,,9,14392786,,[],NCBI_eUtils
rs10810136,NFIB,,9,14393855,,[],NCBI_eUtils
rs2076872,NFIB,,9,14395036,,[],NCBI_eUtils
rs1807429,NFIB,,9,14395596,,[],NCBI_eUtils
rs10481545,NFIB,,9,14396834,,[],NCBI_eUtils
rs10810137,NFIB,,9,14398202,,[],NCBI_eUtils
rs4807453,NFIC,,19,3363567,,[],NCBI_eUtils
rs3810421,NFIC,,19,3365641,,[],NCBI_eUtils
rs740521,NFIC,,19,3367747,,[],NCBI_eUtils
rs718202,NFIC,,19,3374704,,[],NCBI_eUtils
rs10422402,NFIC,,19,3379048,,[],NCBI_eUtils
rs2074944,NFIC,,19,3382276,,[],NCBI_eUtils
rs11670339,NFIC,,19,3389273,,[],NCBI_eUtils
rs4806928,NFIC,,19,3397433,,[],NCBI_eUtils
rs3922397,NFIC,,19,3403233,,[],NCBI_eUtils
rs7255927,NFIC,,19,3409058,,[],NCBI_eUtils
rs12981408,NFIC,,19,3411648,,[],NCBI_eUtils
rs12975319,NFIC,,19,3414090,,[],NCBI_eUtils
rs10424563,NFIC,,19,3418558,,[],NCBI_eUtils
rs2074977,NFIC,,19,3434030,,[],NCBI_eUtils
rs2302219,NFIC,,19,3434226,,[],NCBI_eUtils
rs11085019,NFIC,,19,3440082,,[],NCBI_eUtils
rs11085020,NFIC,,19,3446109,,[],NCBI_eUtils
rs1060363,NFIC,,19,3452639,,[],NCBI_eUtils
rs10410814,NFIC,,19,3462576,,[],NCBI_eUtils
rs4807475,NFIC,,19,3468505,,[],NCBI_eUtils
rs11574845,NFKB2,,10,102396626,,[],NCBI_eUtils
rs7897947,NFKB2,,10,102397954,,[],NCBI_eUtils
rs2295587,NFKB2,,10,102398510,,[],NCBI_eUtils
rs11574849,NFKB2,,10,102399939,,[],NCBI_eUtils
rs11574851,NFKB2,,10,102401202,,[],NCBI_eUtils
rs11191279,NFKB2,,10,102401464,,[],NCBI_eUtils
rs7309185,NFYB,,12,104119054,,[],NCBI_eUtils
rs12427339,NFYB,,12,104131039,,[],NCBI_eUtils
rs7979713,NFYB,,12,104137028,,[],NCBI_eUtils
rs12552611,NIPSNAP3B,,9,104765549,,[],NCBI_eUtils
rs2487714,NIPSNAP3B,,9,104765635,,[],NCBI_eUtils
rs10991376,NIPSNAP3B,,9,104767408,,[],NCBI_eUtils
rs2472476,NIPSNAP3B,,9,104769675,,[],NCBI_eUtils
rs12064822,NMNAT1,,1,9948133,,[],NCBI_eUtils
rs1220421,NMNAT1,,1,9948163,,[],NCBI_eUtils
rs12062953,NMNAT1,,1,9949867,,[],NCBI_eUtils
rs7516611,NMNAT1,,1,9952956,,[],NCBI_eUtils
rs7516611,TMEM274P,,1,9952956,,[],NCBI_eUtils
rs2890358,NMNAT1,,1,9967482,,[],NCBI_eUtils
rs2890358,MIR5697,,1,9967482,,[],NCBI_eUtils
rs6683452,NMNAT1,,1,9969855,,[],NCBI_eUtils
rs11121507,NMNAT1,,1,9971248,,[],NCBI_eUtils
rs383319,NR2E1,,6,108168258,,[],NCBI_eUtils
rs217528,NR2E1,,6,108178741,,[],NCBI_eUtils
rs891205,NR2F6,,19,17243777,,[],NCBI_eUtils
rs6198,NR3C1,,5,143278056,,[],NCBI_eUtils
rs10482714,NR3C1,,5,143278339,,[],NCBI_eUtils
rs10482713,NR3C1,,5,143278616,,[],NCBI_eUtils
rs10482712,NR3C1,,5,143279117,,[],NCBI_eUtils
rs6187,NR3C1,,5,143280183,,[],NCBI_eUtils
rs10482709,NR3C1,,5,143281189,,[],NCBI_eUtils
rs13306585,NR3C1,,5,143281633,,[],NCBI_eUtils
rs6196,NR3C1,,5,143281925,,[],NCBI_eUtils
rs10482704,NR3C1,,5,143282198,,[],NCBI_eUtils
rs258750,NR3C1,,5,143282324,,[],NCBI_eUtils
rs258751,NR3C1,,5,143282715,,[],NCBI_eUtils
rs9324912,NR3C1,,5,143283358,,[],NCBI_eUtils
rs10482701,NR3C1,,5,143283851,,[],NCBI_eUtils
rs864082,NR3C1,,5,143284374,,[],NCBI_eUtils
rs2963146,NR3C1,,5,143284777,,[],NCBI_eUtils
rs10482697,NR3C1,,5,143286641,,[],NCBI_eUtils
rs10053963,NR3C1,,5,143290983,,[],NCBI_eUtils
rs10039663,NR3C1,,5,143291692,,[],NCBI_eUtils
rs17209258,NR3C1,,5,143293832,,[],NCBI_eUtils
rs10482695,NR3C1,,5,143294322,,[],NCBI_eUtils
rs10482694,NR3C1,,5,143294391,,[],NCBI_eUtils
rs10482691,NR3C1,,5,143294910,,[],NCBI_eUtils
rs258813,NR3C1,,5,143295125,,[],NCBI_eUtils
rs9324913,NR3C1,,5,143298137,,[],NCBI_eUtils
rs9324914,NR3C1,,5,143298215,,[],NCBI_eUtils
rs2918420,NR3C1,,5,143299434,,[],NCBI_eUtils
rs10482683,NR3C1,,5,143299783,,[],NCBI_eUtils
rs10482680,NR3C1,,5,143299869,,[],NCBI_eUtils
rs3776216,NR3C1,,5,143300364,,[],NCBI_eUtils
rs6188,NR3C1,,5,143300779,,[],NCBI_eUtils
rs10482677,NR3C1,,5,143301320,,[],NCBI_eUtils
rs13358709,NR3C1,,5,143305980,,[],NCBI_eUtils
rs13361442,NR3C1,,5,143306138,,[],NCBI_eUtils
rs13358784,NR3C1,,5,143306314,,[],NCBI_eUtils
rs852977,NR3C1,,5,143307929,,[],NCBI_eUtils
rs860457,NR3C1,,5,143308758,,[],NCBI_eUtils
rs3822376,NR3C1,,5,143310270,,[],NCBI_eUtils
rs10482672,NR3C1,,5,143312968,,[],NCBI_eUtils
rs13306587,NR3C1,,5,143313922,,[],NCBI_eUtils
rs4986593,NR3C1,,5,143314281,,[],NCBI_eUtils
rs10482666,NR3C1,,5,143314318,,[],NCBI_eUtils
rs10482664,NR3C1,,5,143315031,,[],NCBI_eUtils
rs33388,NR3C1,,5,143317730,,[],NCBI_eUtils
rs33389,NR3C1,,5,143320934,,[],NCBI_eUtils
rs10482661,NR3C1,,5,143321028,,[],NCBI_eUtils
rs10482658,NR3C1,,5,143322512,,[],NCBI_eUtils
rs13158118,NR3C1,,5,143324464,,[],NCBI_eUtils
rs852982,NR3C1,,5,143325856,,[],NCBI_eUtils
rs9324915,NR3C1,,5,143326034,,[],NCBI_eUtils
rs10482654,NR3C1,,5,143326705,,[],NCBI_eUtils
rs10482653,NR3C1,,5,143326833,,[],NCBI_eUtils
rs33383,NR3C1,,5,143330421,,[],NCBI_eUtils
rs10477205,NR3C1,,5,143333032,,[],NCBI_eUtils
rs7730946,NR3C1,,5,143335624,,[],NCBI_eUtils
rs10076037,NR3C1,,5,143335918,,[],NCBI_eUtils
rs10051482,NR3C1,,5,143336121,,[],NCBI_eUtils
rs13180461,NR3C1,,5,143336232,,[],NCBI_eUtils
rs11745958,NR3C1,,5,143336792,,[],NCBI_eUtils
rs17100236,NR3C1,,5,143341161,,[],NCBI_eUtils
rs17100237,NR3C1,,5,143342193,,[],NCBI_eUtils
rs2918419,NR3C1,,5,143342788,,[],NCBI_eUtils
rs6866890,NR3C1,,5,143343450,,[],NCBI_eUtils
rs9324917,NR3C1,,5,143343868,,[],NCBI_eUtils
rs4912650,NR3C1,,5,143344372,,[],NCBI_eUtils
rs2918417,NR3C1,,5,143346605,,[],NCBI_eUtils
rs10482646,NR3C1,,5,143347564,,[],NCBI_eUtils
rs6877893,NR3C1,,5,143347628,,[],NCBI_eUtils
rs10482644,NR3C1,,5,143347709,,[],NCBI_eUtils
rs10482642,NR3C1,,5,143348466,,[],NCBI_eUtils
rs10482640,NR3C1,,5,143348854,,[],NCBI_eUtils
rs13178847,NR3C1,,5,143350867,,[],NCBI_eUtils
rs13356889,NR3C1,,5,143350904,,[],NCBI_eUtils
rs2963151,NR3C1,,5,143354586,,[],NCBI_eUtils
rs10036734,NR3C1,,5,143355141,,[],NCBI_eUtils
rs10041074,NR3C1,,5,143356822,,[],NCBI_eUtils
rs10482639,NR3C1,,5,143357084,,[],NCBI_eUtils
rs10482637,NR3C1,,5,143357700,,[],NCBI_eUtils
rs10482635,NR3C1,,5,143358278,,[],NCBI_eUtils
rs10515521,NR3C1,,5,143360601,,[],NCBI_eUtils
rs10038827,NR3C1,,5,143361228,,[],NCBI_eUtils
rs2918416,NR3C1,,5,143361462,,[],NCBI_eUtils
rs2963154,NR3C1,,5,143362972,,[],NCBI_eUtils
rs2918415,NR3C1,,5,143365398,,[],NCBI_eUtils
rs6861962,NR3C1,,5,143370736,,[],NCBI_eUtils
rs10482634,NR3C1,,5,143370884,,[],NCBI_eUtils
rs10482633,NR3C1,,5,143370968,,[],NCBI_eUtils
rs10482632,NR3C1,,5,143371018,,[],NCBI_eUtils
rs13176292,NR3C1,,5,143372617,,[],NCBI_eUtils
rs13360865,NR3C1,,5,143372627,,[],NCBI_eUtils
rs13186482,NR3C1,,5,143374943,,[],NCBI_eUtils
rs2963155,NR3C1,,5,143376439,,[],NCBI_eUtils
rs10482631,NR3C1,,5,143377923,,[],NCBI_eUtils
rs10038464,NR3C1,,5,143378327,,[],NCBI_eUtils
rs10515522,NR3C1,,5,143378829,,[],NCBI_eUtils
rs2963156,NR3C1,,5,143378931,,[],NCBI_eUtils
rs10042644,NR3C1,,5,143379035,,[],NCBI_eUtils
rs13171962,NR3C1,,5,143380103,,[],NCBI_eUtils
rs10045381,NR3C1,,5,143380235,,[],NCBI_eUtils
rs13355103,NR3C1,,5,143383413,,[],NCBI_eUtils
rs13360160,NR3C1,,5,143383704,,[],NCBI_eUtils
rs9324918,NR3C1,,5,143387595,,[],NCBI_eUtils
rs4912907,NR3C1,,5,143388213,,[],NCBI_eUtils
rs10482625,NR3C1,,5,143388273,,[],NCBI_eUtils
rs12652915,NR3C1,,5,143390570,,[],NCBI_eUtils
rs11742942,NR3C1,,5,143395182,,[],NCBI_eUtils
rs10065326,NR3C1,,5,143395535,,[],NCBI_eUtils
rs10482623,NR3C1,,5,143399435,,[],NCBI_eUtils
rs13306589,NR3C1,,5,143399775,,[],NCBI_eUtils
rs6192,NR3C1,,5,143400647,,[],NCBI_eUtils
rs6190,NR3C1,,5,143400772,,[],NCBI_eUtils
rs10482621,NR3C1,,5,143400921,,[],NCBI_eUtils
rs10482619,NR3C1,,5,143401279,,[],NCBI_eUtils
rs10482617,NR3C1,,5,143401603,,[],NCBI_eUtils
rs10482616,NR3C1,,5,143402002,,[],NCBI_eUtils
rs9324922,NR3C1,,5,143402285,,[],NCBI_eUtils
rs10482612,NR3C1,,5,143403416,,[],NCBI_eUtils
rs10482604,NR3C1,,5,143404037,,[],NCBI_eUtils
rs10052957,NR3C1,,5,143407136,,[],NCBI_eUtils
rs9324924,NR3C1,,5,143412919,,[],NCBI_eUtils
rs7701443,NR3C1,,5,143413085,,[],NCBI_eUtils
rs6865292,NR3C1,,5,143413425,,[],NCBI_eUtils
rs4912909,NR3C1,,5,143414631,,[],NCBI_eUtils
rs4607376,NR3C1,,5,143416967,,[],NCBI_eUtils
rs13182800,NR3C1,,5,143421915,,[],NCBI_eUtils
rs13184611,NR3C1,,5,143422369,,[],NCBI_eUtils
rs11167810,NR3C1,,5,143425122,,[],NCBI_eUtils
rs10477211,NR3C1,,5,143426309,,[],NCBI_eUtils
rs4912910,NR3C1,,5,143427325,,[],NCBI_eUtils
rs4912912,NR3C1,,5,143427585,,[],NCBI_eUtils
rs2871,NR3C2,,4,148078873,,[],NCBI_eUtils
rs5536,NR3C2,,4,148079542,,[],NCBI_eUtils
rs9993133,NR3C2,,4,148095390,,[],NCBI_eUtils
rs6840127,NR3C2,,4,148097160,,[],NCBI_eUtils
rs13137823,NR3C2,,4,148101755,,[],NCBI_eUtils
rs17024387,NR3C2,,4,148103109,,[],NCBI_eUtils
rs11737660,NR3C2,,4,148103262,,[],NCBI_eUtils
rs13142954,NR3C2,,4,148108876,,[],NCBI_eUtils
rs1879829,NR3C2,,4,148114298,,[],NCBI_eUtils
rs17483391,NR3C2,,4,148119009,,[],NCBI_eUtils
rs1403142,NR3C2,,4,148121142,,[],NCBI_eUtils
rs1403143,NR3C2,,4,148121183,,[],NCBI_eUtils
rs6857011,NR3C2,,4,148134286,,[],NCBI_eUtils
rs17024404,NR3C2,,4,148139156,,[],NCBI_eUtils
rs11736161,NR3C2,,4,148142124,,[],NCBI_eUtils
rs2272089,NR3C2,,4,148152404,,[],NCBI_eUtils
rs6844155,NR3C2,,4,148160470,,[],NCBI_eUtils
rs17024437,NR3C2,,4,148160657,,[],NCBI_eUtils
rs6810951,NR3C2,,4,148162961,,[],NCBI_eUtils
rs6535584,NR3C2,,4,148168937,,[],NCBI_eUtils
rs4835490,NR3C2,,4,148169175,,[],NCBI_eUtils
rs10519942,NR3C2,,4,148177408,,[],NCBI_eUtils
rs17024456,NR3C2,,4,148179101,,[],NCBI_eUtils
rs11099681,NR3C2,,4,148182303,,[],NCBI_eUtils
rs3910054,NR3C2,,4,148195383,,[],NCBI_eUtils
rs3846302,NR3C2,,4,148196804,,[],NCBI_eUtils
rs6535594,NR3C2,,4,148211605,,[],NCBI_eUtils
rs7699349,NR3C2,,4,148213443,,[],NCBI_eUtils
rs10050229,NR3C2,,4,148214396,,[],NCBI_eUtils
rs17483979,NR3C2,,4,148215263,,[],NCBI_eUtils
rs3857080,NR3C2,,4,148215289,,[],NCBI_eUtils
rs13116347,NR3C2,,4,148217916,,[],NCBI_eUtils
rs13116347,LOC102724672,,4,148217916,,[],NCBI_eUtils
rs12641471,NR3C2,,4,148218613,,[],NCBI_eUtils
rs12641471,LOC102724672,,4,148218613,,[],NCBI_eUtils
rs3910044,NR3C2,,4,148226671,,[],NCBI_eUtils
rs3910044,LOC102724672,,4,148226671,,[],NCBI_eUtils
rs2883917,NR3C2,,4,148227426,,[],NCBI_eUtils
rs982076,NR3C2,,4,148235933,,[],NCBI_eUtils
rs3846313,NR3C2,,4,148237967,,[],NCBI_eUtils
rs3846317,NR3C2,,4,148244199,,[],NCBI_eUtils
rs3846318,NR3C2,,4,148244236,,[],NCBI_eUtils
rs3846321,NR3C2,,4,148245791,,[],NCBI_eUtils
rs3846322,NR3C2,,4,148252477,,[],NCBI_eUtils
rs6855341,NR3C2,,4,148262222,,[],NCBI_eUtils
rs6836191,NR3C2,,4,148267175,,[],NCBI_eUtils
rs6812904,NR3C2,,4,148275839,,[],NCBI_eUtils
rs17484357,NR3C2,,4,148277263,,[],NCBI_eUtils
rs10012553,NR3C2,,4,148277370,,[],NCBI_eUtils
rs3846323,NR3C2,,4,148282793,,[],NCBI_eUtils
rs17484454,NR3C2,,4,148287856,,[],NCBI_eUtils
rs3910047,NR3C2,,4,148289525,,[],NCBI_eUtils
rs13147775,NR3C2,,4,148294669,,[],NCBI_eUtils
rs2883929,NR3C2,,4,148299958,,[],NCBI_eUtils
rs3846329,NR3C2,,4,148308186,,[],NCBI_eUtils
rs10434128,NR3C2,,4,148324141,,[],NCBI_eUtils
rs6828378,NR3C2,,4,148325888,,[],NCBI_eUtils
rs6851669,NR3C2,,4,148330657,,[],NCBI_eUtils
rs6826213,NR3C2,,4,148330698,,[],NCBI_eUtils
rs3920217,NR3C2,,4,148333571,,[],NCBI_eUtils
rs1546531,NR3C2,,4,148343103,,[],NCBI_eUtils
rs1546529,NR3C2,,4,148343247,,[],NCBI_eUtils
rs17024631,NR3C2,,4,148343511,,[],NCBI_eUtils
rs2137335,NR3C2,,4,148344014,,[],NCBI_eUtils
rs10034789,NR3C2,,4,148344331,,[],NCBI_eUtils
rs17484671,NR3C2,,4,148346984,,[],NCBI_eUtils
rs17484678,NR3C2,,4,148346994,,[],NCBI_eUtils
rs992556,NR3C2,,4,148348484,,[],NCBI_eUtils
rs2063555,NR3C2,,4,148362928,,[],NCBI_eUtils
rs2137330,NR3C2,,4,148363273,,[],NCBI_eUtils
rs10434100,NR3C2,,4,148366655,,[],NCBI_eUtils
rs13109808,NR3C2,,4,148370380,,[],NCBI_eUtils
rs10519963,NR3C2,,4,148376523,,[],NCBI_eUtils
rs17581884,NR3C2,,4,148377919,,[],NCBI_eUtils
rs907620,NR3C2,,4,148381832,,[],NCBI_eUtils
rs878232,NR3C2,,4,148382351,,[],NCBI_eUtils
rs11725509,NR3C2,,4,148390576,,[],NCBI_eUtils
rs6825048,NR3C2,,4,148392086,,[],NCBI_eUtils
rs6831212,NR3C2,,4,148392726,,[],NCBI_eUtils
rs1490453,NR3C2,,4,148400194,,[],NCBI_eUtils
rs1913023,NR3C2,,4,148403419,,[],NCBI_eUtils
rs6834935,NR3C2,,4,148405445,,[],NCBI_eUtils
rs1512328,NR3C2,,4,148408866,,[],NCBI_eUtils
rs1994624,NR3C2,,4,148409770,,[],NCBI_eUtils
rs17024708,NR3C2,,4,148419384,,[],NCBI_eUtils
rs2048546,NR3C2,,4,148421335,,[],NCBI_eUtils
rs10026568,NR3C2,,4,148426702,,[],NCBI_eUtils
rs4635799,NR3C2,,4,148429375,,[],NCBI_eUtils
rs2172002,NR3C2,,4,148431810,,[],NCBI_eUtils
rs5529,NR3C2,,4,148435148,,[],NCBI_eUtils
rs5527,NR3C2,,4,148435200,,[],NCBI_eUtils
rs5522,NR3C2,,4,148436323,,[],NCBI_eUtils
rs7658048,NR3C2,,4,148441592,,[],NCBI_eUtils
rs16961516,NT5M,,17,17304918,,[],NCBI_eUtils
rs9912109,NT5M,,17,17312268,,[],NCBI_eUtils
rs6502579,NT5M,,17,17315545,,[],NCBI_eUtils
rs9905836,NT5M,,17,17320362,,[],NCBI_eUtils
rs7226068,NT5M,,17,17328117,,[],NCBI_eUtils
rs16961564,NT5M,,17,17328928,,[],NCBI_eUtils
rs1860553,NT5M,,17,17332223,,[],NCBI_eUtils
rs10468464,NT5M,,17,17342996,,[],NCBI_eUtils
rs16989519,PATZ1,,22,31329430,,[],NCBI_eUtils
rs713619,PATZ1,,22,31333191,,[],NCBI_eUtils
rs12620338,PAX3,,2,222200049,,[],NCBI_eUtils
rs1978859,PAX3,,2,222217612,,[],NCBI_eUtils
rs1978859,LOC107985991,,2,222217612,,[],NCBI_eUtils
rs1013262,PAX3,,2,222226060,,[],NCBI_eUtils
rs1549773,PAX3,,2,222231249,,[],NCBI_eUtils
rs2118666,PAX3,,2,222235804,,[],NCBI_eUtils
rs1367409,PAX3,,2,222238038,,[],NCBI_eUtils
rs13410020,PAX3,,2,222238218,,[],NCBI_eUtils
rs10498134,PAX3,,2,222240261,,[],NCBI_eUtils
rs1367413,PAX3,,2,222241299,,[],NCBI_eUtils
rs6436302,PAX3,,2,222241603,,[],NCBI_eUtils
rs12053273,PAX3,,2,222241807,,[],NCBI_eUtils
rs6436304,PAX3,,2,222243680,,[],NCBI_eUtils
rs1367415,PAX3,,2,222244283,,[],NCBI_eUtils
rs11695486,PAX3,,2,222244528,,[],NCBI_eUtils
rs12328631,PAX3,,2,222244588,,[],NCBI_eUtils
rs1430657,PAX3,,2,222249959,,[],NCBI_eUtils
rs17403188,PAX3,,2,222250396,,[],NCBI_eUtils
rs1430659,PAX3,,2,222256191,,[],NCBI_eUtils
rs7589708,PAX3,,2,222257846,,[],NCBI_eUtils
rs4674639,PAX3,,2,222259374,,[],NCBI_eUtils
rs10932949,PAX3,,2,222266906,,[],NCBI_eUtils
rs12995399,PAX3,,2,222272282,,[],NCBI_eUtils
rs930140,PAX3,,2,222283573,,[],NCBI_eUtils
rs6436309,PAX3,,2,222285884,,[],NCBI_eUtils
rs10174636,PAX3,,2,222288655,,[],NCBI_eUtils
rs7600206,PAX3,,2,222291868,,[],NCBI_eUtils
rs2276630,PAX3,,2,222293320,,[],NCBI_eUtils
rs13405641,PAX3,,2,222296887,,[],NCBI_eUtils
rs13405641,CCDC140,,2,222296887,,[],NCBI_eUtils
rs6754024,PAX3,,2,222297305,,[],NCBI_eUtils
rs6754024,CCDC140,,2,222297305,,[],NCBI_eUtils
rs3026401,ELP4,,11,31785976,,[],NCBI_eUtils
rs662702,ELP4,,11,31787522,,[],NCBI_eUtils
rs2071754,PAX6,,11,31791034,,[],NCBI_eUtils
rs3026354,PAX6,,11,31809109,,[],NCBI_eUtils
rs7942007,PAX6,,11,31813870,,[],NCBI_eUtils
rs4440995,PAX6,,11,31816580,,[],NCBI_eUtils
rs4440995,PAX6-AS1,,11,31816580,,[],NCBI_eUtils
rs895412,PAX8,,2,113216387,,[],NCBI_eUtils
rs1478,PAX8,,2,113217489,,[],NCBI_eUtils
rs4849179,PAX8,,2,113227593,,[],NCBI_eUtils
rs2863242,PAX8,,2,113231659,,[],NCBI_eUtils
rs7589901,PAX8,,2,113235767,,[],NCBI_eUtils
rs7589901,PAX8-AS1,,2,113235767,,[],NCBI_eUtils
rs1110839,PAX8,,2,113236840,,[],NCBI_eUtils
rs1110839,PAX8-AS1,,2,113236840,,[],NCBI_eUtils
rs2863244,PAX8,,2,113243289,,[],NCBI_eUtils
rs2863244,PAX8-AS1,,2,113243289,,[],NCBI_eUtils
rs3768768,PAX8,,2,113243786,,[],NCBI_eUtils
rs3768768,PAX8-AS1,,2,113243786,,[],NCBI_eUtils
rs11886472,PAX8,,2,113245660,,[],NCBI_eUtils
rs11886472,PAX8-AS1,,2,113245660,,[],NCBI_eUtils
rs4848320,PAX8,,2,113253214,,[],NCBI_eUtils
rs4848320,PAX8-AS1,,2,113253214,,[],NCBI_eUtils
rs1374163,PAX8,,2,113255891,,[],NCBI_eUtils
rs1374163,PAX8-AS1,,2,113255891,,[],NCBI_eUtils
rs6734610,PAX8,,2,113259452,,[],NCBI_eUtils
rs6734610,PAX8-AS1,,2,113259452,,[],NCBI_eUtils
rs11691437,PAX8,,2,113265279,,[],NCBI_eUtils
rs11691437,PAX8-AS1,,2,113265279,,[],NCBI_eUtils
rs895415,PAX8,,2,113265640,,[],NCBI_eUtils
rs895415,PAX8-AS1,,2,113265640,,[],NCBI_eUtils
rs708633,PAX8,,2,113266928,,[],NCBI_eUtils
rs708633,PAX8-AS1,,2,113266928,,[],NCBI_eUtils
rs4848323,PAX8,,2,113275190,,[],NCBI_eUtils
rs28986320,AGER,,6,32184775,,[],NCBI_eUtils
rs28986320,PBX2,,6,32184775,,[],NCBI_eUtils
rs2078167,PBX2,,6,32186351,,[],NCBI_eUtils
rs204995,PBX2,,6,32186508,,[],NCBI_eUtils
rs2853806,PBX2,,6,32187126,,[],NCBI_eUtils
rs2395100,PBX2,,6,32187671,,[],NCBI_eUtils
rs204993,PBX2,,6,32187804,,[],NCBI_eUtils
rs204992,PBX2,,6,32189131,,[],NCBI_eUtils
rs2555459,PBX2,,6,32189186,,[],NCBI_eUtils
rs2856437,PBX2,,6,32189587,,[],NCBI_eUtils
rs4646408,PEMT,,17,17507897,,[],NCBI_eUtils
rs3785499,PEMT,,17,17511903,,[],NCBI_eUtils
rs4244593,PEMT,,17,17516904,,[],NCBI_eUtils
rs3744120,PEMT,,17,17522203,,[],NCBI_eUtils
rs897453,PEMT,,17,17522317,,[],NCBI_eUtils
rs747770,PEMT,,17,17542789,,[],NCBI_eUtils
rs4646384,PEMT,,17,17551314,,[],NCBI_eUtils
rs4646383,PEMT,,17,17551569,,[],NCBI_eUtils
rs13342397,PEMT,,17,17557612,,[],NCBI_eUtils
rs4646365,PEMT,,17,17564469,,[],NCBI_eUtils
rs4646364,PEMT,,17,17564654,,[],NCBI_eUtils
rs8068641,PEMT,,17,17576873,,[],NCBI_eUtils
rs2124344,PEMT,,17,17576881,,[],NCBI_eUtils
rs2278952,PEMT,,17,17582270,,[],NCBI_eUtils
rs3760188,PEMT,,17,17584126,,[],NCBI_eUtils
rs4646344,PEMT,,17,17588746,,[],NCBI_eUtils
rs4646341,PEMT,,17,17590496,,[],NCBI_eUtils
rs8102140,PGLS,,19,17512530,,[],NCBI_eUtils
rs8102140,PGLS-DT,,19,17512530,,[],NCBI_eUtils
rs11086076,PGLS,,19,17513905,,[],NCBI_eUtils
rs6743,PGLS,,19,17517778,,[],NCBI_eUtils
rs8104468,PGLS,,19,17517928,,[],NCBI_eUtils
rs707542,PI16,,6,36956326,,[],NCBI_eUtils
rs707998,PI16,,6,36957998,,[],NCBI_eUtils
rs1046279,PI16,,6,36964795,,[],NCBI_eUtils
rs178791,PIGL,,17,16223892,,[],NCBI_eUtils
rs178787,PIGL,,17,16229730,,[],NCBI_eUtils
rs2014604,PIGL,,17,16273569,,[],NCBI_eUtils
rs7225649,PIGL,,17,16275464,,[],NCBI_eUtils
rs2109262,PIGL,,17,16281315,,[],NCBI_eUtils
rs2109262,MIR1288,,17,16281315,,[],NCBI_eUtils
rs3112512,PIGL,,17,16281808,,[],NCBI_eUtils
rs3112512,MIR1288,,17,16281808,,[],NCBI_eUtils
rs4792728,PIGL,,17,16283501,,[],NCBI_eUtils
rs8065649,PIGL,,17,16284488,,[],NCBI_eUtils
rs4791665,PIGL,,17,16292742,,[],NCBI_eUtils
rs11868284,PIGL,,17,16292961,,[],NCBI_eUtils
rs17779879,PIGL,,17,16293682,,[],NCBI_eUtils
rs3785623,PIGL,,17,16297846,,[],NCBI_eUtils
rs3112511,PIGL,,17,16304212,,[],NCBI_eUtils
rs1005380,PIGL,,17,16316478,,[],NCBI_eUtils
rs15739,PIGL,,17,16325918,,[],NCBI_eUtils
rs11782817,PLAG1,,8,56161674,,[],NCBI_eUtils
rs11993194,PLAG1,,8,56164862,,[],NCBI_eUtils
rs12676829,PLAG1,,8,56180177,,[],NCBI_eUtils
rs36077344,PLAG1,,8,56185691,,[],NCBI_eUtils
rs4985749,PLD6,,17,17202368,,[],NCBI_eUtils
rs9894565,PLD6,,17,17203870,,[],NCBI_eUtils
rs7538,PMP22,,17,15230340,,[],NCBI_eUtils
rs13422,PMP22,,17,15230858,,[],NCBI_eUtils
rs16951239,PMP22,,17,15234709,,[],NCBI_eUtils
rs3785653,PMP22,,17,15237284,,[],NCBI_eUtils
rs230950,PMP22,,17,15239694,,[],NCBI_eUtils
rs16951242,PMP22,,17,15244490,,[],NCBI_eUtils
rs230915,PMP22,,17,15244939,,[],NCBI_eUtils
rs3785646,PMP22,,17,15253439,,[],NCBI_eUtils
rs3785646,MIR4731,,17,15253439,,[],NCBI_eUtils
rs231024,PMP22,,17,15254655,,[],NCBI_eUtils
rs231023,PMP22,,17,15255458,,[],NCBI_eUtils
rs3490,POU6F1,,12,51189723,,[],NCBI_eUtils
rs12321105,POU6F1,,12,51189955,,[],NCBI_eUtils
rs12423352,POU6F1,,12,51190814,,[],NCBI_eUtils
rs11608364,POU6F1,,12,51191272,,[],NCBI_eUtils
rs10783419,POU6F1,,12,51191552,,[],NCBI_eUtils
rs11169761,POU6F1,,12,51201722,,[],NCBI_eUtils
rs6580809,POU6F1,,12,51215816,,[],NCBI_eUtils
rs7399018,POU6F1,,12,51216581,,[],NCBI_eUtils
rs17171509,POU6F2,,7,38987859,,[],NCBI_eUtils
rs17171509,POU6F2-AS2,,7,38987859,,[],NCBI_eUtils
rs17171511,POU6F2,,7,38990801,,[],NCBI_eUtils
rs17171511,POU6F2-AS2,,7,38990801,,[],NCBI_eUtils
rs17176375,POU6F2,,7,38996811,,[],NCBI_eUtils
rs17176375,POU6F2-AS2,,7,38996811,,[],NCBI_eUtils
rs17176480,POU6F2,,7,38997264,,[],NCBI_eUtils
rs17176480,POU6F2-AS2,,7,38997264,,[],NCBI_eUtils
rs1229014,POU6F2,,7,38999685,,[],NCBI_eUtils
rs1229014,POU6F2-AS2,,7,38999685,,[],NCBI_eUtils
rs859549,POU6F2,,7,39004860,,[],NCBI_eUtils
rs859549,POU6F2-AS2,,7,39004860,,[],NCBI_eUtils
rs940876,POU6F2,,7,39007168,,[],NCBI_eUtils
rs940876,POU6F2-AS2,,7,39007168,,[],NCBI_eUtils
rs1229057,POU6F2,,7,39014938,,[],NCBI_eUtils
rs1229057,POU6F2-AS2,,7,39014938,,[],NCBI_eUtils
rs35787066,POU6F2,,7,39017462,,[],NCBI_eUtils
rs859548,POU6F2,,7,39019157,,[],NCBI_eUtils
rs17255994,POU6F2,,7,39020667,,[],NCBI_eUtils
rs17171521,POU6F2,,7,39022282,,[],NCBI_eUtils
rs7801660,POU6F2,,7,39032873,,[],NCBI_eUtils
rs10085472,POU6F2,,7,39047269,,[],NCBI_eUtils
rs12531458,POU6F2,,7,39051098,,[],NCBI_eUtils
rs6462889,POU6F2,,7,39054180,,[],NCBI_eUtils
rs1949880,POU6F2,,7,39056788,,[],NCBI_eUtils
rs10230144,POU6F2,,7,39073520,,[],NCBI_eUtils
rs17171524,POU6F2,,7,39074798,,[],NCBI_eUtils
rs10258862,POU6F2,,7,39077198,,[],NCBI_eUtils
rs1534415,POU6F2,,7,39078642,,[],NCBI_eUtils
rs11761423,POU6F2,,7,39078714,,[],NCBI_eUtils
rs1527952,POU6F2,,7,39079720,,[],NCBI_eUtils
rs12535553,POU6F2,,7,39080463,,[],NCBI_eUtils
rs1404999,POU6F2,,7,39081865,,[],NCBI_eUtils
rs6959715,POU6F2,,7,39083565,,[],NCBI_eUtils
rs17171532,POU6F2,,7,39084826,,[],NCBI_eUtils
rs12672089,POU6F2,,7,39093216,,[],NCBI_eUtils
rs12216590,POU6F2,,7,39101621,,[],NCBI_eUtils
rs11763728,POU6F2,,7,39106262,,[],NCBI_eUtils
rs953874,POU6F2,,7,39108316,,[],NCBI_eUtils
rs10951595,POU6F2,,7,39111439,,[],NCBI_eUtils
rs2280667,POU6F2,,7,39132628,,[],NCBI_eUtils
rs17171543,POU6F2,,7,39145501,,[],NCBI_eUtils
rs12701698,POU6F2,,7,39146430,,[],NCBI_eUtils
rs10273694,POU6F2,,7,39154817,,[],NCBI_eUtils
rs10242528,POU6F2,,7,39157755,,[],NCBI_eUtils
rs6462895,POU6F2,,7,39159361,,[],NCBI_eUtils
rs17171546,POU6F2,,7,39171507,,[],NCBI_eUtils
rs4323393,POU6F2,,7,39200461,,[],NCBI_eUtils
rs4472423,POU6F2,,7,39202909,,[],NCBI_eUtils
rs12534084,POU6F2,,7,39203459,,[],NCBI_eUtils
rs12531437,POU6F2,,7,39203590,,[],NCBI_eUtils
rs7777684,POU6F2,,7,39205805,,[],NCBI_eUtils
rs3923506,POU6F2,,7,39221309,,[],NCBI_eUtils
rs4236356,POU6F2,,7,39228596,,[],NCBI_eUtils
rs11764181,POU6F2,,7,39236508,,[],NCBI_eUtils
rs11771925,POU6F2,,7,39237354,,[],NCBI_eUtils
rs6974806,POU6F2,,7,39239946,,[],NCBI_eUtils
rs11505525,POU6F2,,7,39241394,,[],NCBI_eUtils
rs4574755,POU6F2,,7,39242809,,[],NCBI_eUtils
rs4404830,POU6F2,,7,39242904,,[],NCBI_eUtils
rs4629763,POU6F2,,7,39246021,,[],NCBI_eUtils
rs11762823,POU6F2,,7,39247647,,[],NCBI_eUtils
rs10081326,POU6F2,,7,39247823,,[],NCBI_eUtils
rs9655034,POU6F2,,7,39252512,,[],NCBI_eUtils
rs6967316,POU6F2,,7,39258069,,[],NCBI_eUtils
rs4294089,POU6F2,,7,39258947,,[],NCBI_eUtils
rs12701705,POU6F2,,7,39262978,,[],NCBI_eUtils
rs10257516,POU6F2,,7,39263543,,[],NCBI_eUtils
rs4302750,POU6F2,,7,39264526,,[],NCBI_eUtils
rs3923295,POU6F2,,7,39268922,,[],NCBI_eUtils
rs4524676,POU6F2,,7,39269331,,[],NCBI_eUtils
rs4723834,POU6F2,,7,39269685,,[],NCBI_eUtils
rs4723836,POU6F2,,7,39278531,,[],NCBI_eUtils
rs4318977,POU6F2,,7,39284179,,[],NCBI_eUtils
rs13246263,POU6F2,,7,39284871,,[],NCBI_eUtils
rs6462901,POU6F2,,7,39285384,,[],NCBI_eUtils
rs4551241,POU6F2,,7,39287413,,[],NCBI_eUtils
rs12701716,POU6F2,,7,39291724,,[],NCBI_eUtils
rs4330591,POU6F2,,7,39292667,,[],NCBI_eUtils
rs4364548,POU6F2,,7,39293480,,[],NCBI_eUtils
rs4377848,POU6F2,,7,39301427,,[],NCBI_eUtils
rs6962816,POU6F2,,7,39306085,,[],NCBI_eUtils
rs6968121,POU6F2,,7,39309038,,[],NCBI_eUtils
rs13222559,POU6F2,,7,39315579,,[],NCBI_eUtils
rs10447664,POU6F2,,7,39316437,,[],NCBI_eUtils
rs4723858,POU6F2,,7,39325394,,[],NCBI_eUtils
rs4723859,POU6F2,,7,39327347,,[],NCBI_eUtils
rs4723859,LOC105375239,,7,39327347,,[],NCBI_eUtils
rs7786697,POU6F2,,7,39330940,,[],NCBI_eUtils
rs7786697,LOC105375239,,7,39330940,,[],NCBI_eUtils
rs7786697,SNORA20B,,7,39330940,,[],NCBI_eUtils
rs12701735,POU6F2,,7,39335224,,[],NCBI_eUtils
rs12701735,LOC105375239,,7,39335224,,[],NCBI_eUtils
rs12533451,POU6F2,,7,39336994,,[],NCBI_eUtils
rs12533451,LOC105375239,,7,39336994,,[],NCBI_eUtils
rs2237413,POU6F2,,7,39338550,,[],NCBI_eUtils
rs2237413,LOC105375239,,7,39338550,,[],NCBI_eUtils
rs2074937,POU6F2,,7,39339383,,[],NCBI_eUtils
rs2074937,LOC105375239,,7,39339383,,[],NCBI_eUtils
rs2329388,POU6F2,,7,39343491,,[],NCBI_eUtils
rs6962623,POU6F2,,7,39345231,,[],NCBI_eUtils
rs6946515,POU6F2,,7,39363252,,[],NCBI_eUtils
rs12672997,POU6F2,,7,39370301,,[],NCBI_eUtils
rs17686832,POU6F2,,7,39374811,,[],NCBI_eUtils
rs6462914,POU6F2,,7,39380184,,[],NCBI_eUtils
rs6942833,POU6F2,,7,39384954,,[],NCBI_eUtils
rs1990243,POU6F2,,7,39387697,,[],NCBI_eUtils
rs10256992,POU6F2,,7,39391716,,[],NCBI_eUtils
rs10227915,POU6F2,,7,39391989,,[],NCBI_eUtils
rs10951603,POU6F2,,7,39393376,,[],NCBI_eUtils
rs2190893,POU6F2,,7,39394713,,[],NCBI_eUtils
rs10248165,POU6F2,,7,39396495,,[],NCBI_eUtils
rs917400,POU6F2,,7,39398118,,[],NCBI_eUtils
rs7789243,POU6F2,,7,39401294,,[],NCBI_eUtils
rs10259786,POU6F2,,7,39404952,,[],NCBI_eUtils
rs10259786,POU6F2-AS1,,7,39404952,,[],NCBI_eUtils
rs2237400,POU6F2,,7,39410384,,[],NCBI_eUtils
rs2024101,POU6F2,,7,39415874,,[],NCBI_eUtils
rs2024101,LOC105375238,,7,39415874,,[],NCBI_eUtils
rs17619647,POU6F2,,7,39418115,,[],NCBI_eUtils
rs17619647,LOC105375238,,7,39418115,,[],NCBI_eUtils
rs3819426,POU6F2,,7,39422896,,[],NCBI_eUtils
rs3819426,LOC105375238,,7,39422896,,[],NCBI_eUtils
rs17712867,POU6F2,,7,39425133,,[],NCBI_eUtils
rs17712867,LOC105375238,,7,39425133,,[],NCBI_eUtils
rs2302123,POU6F2,,7,39433109,,[],NCBI_eUtils
rs2302123,LOC105375238,,7,39433109,,[],NCBI_eUtils
rs17171578,POU6F2,,7,39433761,,[],NCBI_eUtils
rs17171578,LOC105375238,,7,39433761,,[],NCBI_eUtils
rs1155269,POU6F2,,7,39448649,,[],NCBI_eUtils
rs1155269,LOC105375238,,7,39448649,,[],NCBI_eUtils
rs17619856,POU6F2,,7,39458491,,[],NCBI_eUtils
rs17619856,LOC105375238,,7,39458491,,[],NCBI_eUtils
rs12533673,POU6F2,,7,39463828,,[],NCBI_eUtils
rs12533673,LOC105375238,,7,39463828,,[],NCBI_eUtils
rs4253618,PPARA,,22,46152814,,[],NCBI_eUtils
rs4253782,PPARA,,22,46152815,,[],NCBI_eUtils
rs4253623,PPARA,,22,46154203,,[],NCBI_eUtils
rs4253624,PPARA,,22,46155064,,[],NCBI_eUtils
rs135552,PPARA,,22,46156920,,[],NCBI_eUtils
rs135551,PPARA,,22,46157126,,[],NCBI_eUtils
rs135549,PPARA,,22,46157413,,[],NCBI_eUtils
rs4253783,PPARA,,22,46159397,,[],NCBI_eUtils
rs4253636,PPARA,,22,46160112,,[],NCBI_eUtils
rs135542,PPARA,,22,46160138,,[],NCBI_eUtils
rs129600,PPARA,,22,46161262,,[],NCBI_eUtils
rs129600,LOC105373074,,22,46161262,,[],NCBI_eUtils
rs9627046,PPARA,,22,46165667,,[],NCBI_eUtils
rs9627046,LOC105373074,,22,46165667,,[],NCBI_eUtils
rs4253638,PPARA,,22,46167060,,[],NCBI_eUtils
rs4253638,LOC105373074,,22,46167060,,[],NCBI_eUtils
rs4253639,PPARA,,22,46167234,,[],NCBI_eUtils
rs4253639,LOC105373074,,22,46167234,,[],NCBI_eUtils
rs5769184,PPARA,,22,46169877,,[],NCBI_eUtils
rs5769184,LOC105373074,,22,46169877,,[],NCBI_eUtils
rs4253653,PPARA,,22,46173005,,[],NCBI_eUtils
rs4253653,LOC105373074,,22,46173005,,[],NCBI_eUtils
rs4253654,PPARA,,22,46173247,,[],NCBI_eUtils
rs4253654,LOC105373074,,22,46173247,,[],NCBI_eUtils
rs4253655,PPARA,,22,46173274,,[],NCBI_eUtils
rs4253655,LOC105373074,,22,46173274,,[],NCBI_eUtils
rs4253786,PPARA,,22,46173852,,[],NCBI_eUtils
rs4253786,LOC105373074,,22,46173852,,[],NCBI_eUtils
rs9626736,PPARA,,22,46174335,,[],NCBI_eUtils
rs9626737,PPARA,,22,46174445,,[],NCBI_eUtils
rs4253662,PPARA,,22,46176847,,[],NCBI_eUtils
rs4253679,PPARA,,22,46178118,,[],NCBI_eUtils
rs1555208,PPARA,,22,46181313,,[],NCBI_eUtils
rs4253682,PPARA,,22,46183800,,[],NCBI_eUtils
rs4253683,PPARA,,22,46184144,,[],NCBI_eUtils
rs4253685,PPARA,,22,46184531,,[],NCBI_eUtils
rs4253688,PPARA,,22,46184893,,[],NCBI_eUtils
rs4253691,PPARA,,22,46185172,,[],NCBI_eUtils
rs4253693,PPARA,,22,46185261,,[],NCBI_eUtils
rs4253694,PPARA,,22,46185608,,[],NCBI_eUtils
rs9627100,PPARA,,22,46186844,,[],NCBI_eUtils
rs7364220,PPARA,,22,46189087,,[],NCBI_eUtils
rs4253698,PPARA,,22,46189531,,[],NCBI_eUtils
rs4253699,PPARA,,22,46189543,,[],NCBI_eUtils
rs4253791,PPARA,,22,46190030,,[],NCBI_eUtils
rs4253701,PPARA,,22,46190213,,[],NCBI_eUtils
rs12330015,PPARA,,22,46194381,,[],NCBI_eUtils
rs4253711,PPARA,,22,46199136,,[],NCBI_eUtils
rs4253712,PPARA,,22,46199138,,[],NCBI_eUtils
rs4823613,PPARA,,22,46202410,,[],NCBI_eUtils
rs5766743,PPARA,,22,46211481,,[],NCBI_eUtils
rs4253721,PPARA,,22,46212338,,[],NCBI_eUtils
rs4253724,PPARA,,22,46212991,,[],NCBI_eUtils
rs4253725,PPARA,,22,46213021,,[],NCBI_eUtils
rs4253728,PPARA,,22,46214170,,[],NCBI_eUtils
rs4253747,PPARA,,22,46217340,,[],NCBI_eUtils
rs4253754,PPARA,,22,46219247,,[],NCBI_eUtils
rs4253755,PPARA,,22,46219479,,[],NCBI_eUtils
rs1800246,PPARA,,22,46219728,,[],NCBI_eUtils
rs1800234,PPARA,,22,46219983,,[],NCBI_eUtils
rs1800235,PPARA,,22,46220008,,[],NCBI_eUtils
rs4253756,PPARA,,22,46220161,,[],NCBI_eUtils
rs4253757,PPARA,,22,46220220,,[],NCBI_eUtils
rs6008197,PPARA,,22,46224519,,[],NCBI_eUtils
rs6007662,PPARA,,22,46225148,,[],NCBI_eUtils
rs4253765,PPARA,,22,46226991,,[],NCBI_eUtils
rs11090819,PPARA,,22,46230609,,[],NCBI_eUtils
rs4253772,PPARA,,22,46231706,,[],NCBI_eUtils
rs1042311,PPARA,,22,46231883,,[],NCBI_eUtils
rs4253773,PPARA,,22,46231983,,[],NCBI_eUtils
rs4253776,PPARA,,22,46233582,,[],NCBI_eUtils
rs4253780,PPARA,,22,46235790,,[],NCBI_eUtils
rs9615784,PPARA,,22,46240110,,[],NCBI_eUtils
rs7286168,PPARA,,22,46240573,,[],NCBI_eUtils
rs9626814,PPARA,,22,46241357,,[],NCBI_eUtils
rs1055659,PPARA,,22,46242401,,[],NCBI_eUtils
rs11704508,PPARA,,22,46242643,,[],NCBI_eUtils
rs666334,PRKCE,,2,45657074,,[],NCBI_eUtils
rs666214,PRKCE,,2,45660792,,[],NCBI_eUtils
rs17033965,PRKCE,,2,45671391,,[],NCBI_eUtils
rs585156,PRKCE,,2,45674616,,[],NCBI_eUtils
rs585156,PRKCE-AS1,,2,45674616,,[],NCBI_eUtils
rs556650,PRKCE,,2,45675315,,[],NCBI_eUtils
rs556650,PRKCE-AS1,,2,45675315,,[],NCBI_eUtils
rs3213438,PRKCE,,2,45675408,,[],NCBI_eUtils
rs3213438,PRKCE-AS1,,2,45675408,,[],NCBI_eUtils
rs12185636,PRKCE,,2,45681498,,[],NCBI_eUtils
rs2285024,PRKCE,,2,45683477,,[],NCBI_eUtils
rs506134,PRKCE,,2,45683811,,[],NCBI_eUtils
rs645565,PRKCE,,2,45691919,,[],NCBI_eUtils
rs542413,PRKCE,,2,45694892,,[],NCBI_eUtils
rs6720782,PRKCE,,2,45695331,,[],NCBI_eUtils
rs629772,PRKCE,,2,45698632,,[],NCBI_eUtils
rs656823,PRKCE,,2,45700251,,[],NCBI_eUtils
rs11674329,PRKCE,,2,45700947,,[],NCBI_eUtils
rs483404,PRKCE,,2,45702489,,[],NCBI_eUtils
rs6746467,PRKCE,,2,45703160,,[],NCBI_eUtils
rs11899394,PRKCE,,2,45704017,,[],NCBI_eUtils
rs642200,PRKCE,,2,45705710,,[],NCBI_eUtils
rs6709673,PRKCE,,2,45710274,,[],NCBI_eUtils
rs1464573,PRKCE,,2,45714776,,[],NCBI_eUtils
rs7606454,PRKCE,,2,45715224,,[],NCBI_eUtils
rs6725257,PRKCE,,2,45719661,,[],NCBI_eUtils
rs7577664,PRKCE,,2,45723131,,[],NCBI_eUtils
rs1464572,PRKCE,,2,45726771,,[],NCBI_eUtils
rs4557033,PRKCE,,2,45727185,,[],NCBI_eUtils
rs10201978,PRKCE,,2,45731112,,[],NCBI_eUtils
rs6740453,PRKCE,,2,45735862,,[],NCBI_eUtils
rs952331,PRKCE,,2,45738959,,[],NCBI_eUtils
rs2176347,PRKCE,,2,45741094,,[],NCBI_eUtils
rs1878383,PRKCE,,2,45741445,,[],NCBI_eUtils
rs1878384,PRKCE,,2,45741559,,[],NCBI_eUtils
rs7424090,PRKCE,,2,45741848,,[],NCBI_eUtils
rs6716268,PRKCE,,2,45746997,,[],NCBI_eUtils
rs11125030,PRKCE,,2,45749281,,[],NCBI_eUtils
rs4953245,PRKCE,,2,45749614,,[],NCBI_eUtils
rs6757543,PRKCE,,2,45750333,,[],NCBI_eUtils
rs7579246,PRKCE,,2,45750676,,[],NCBI_eUtils
rs1533476,PRKCE,,2,45753972,,[],NCBI_eUtils
rs940052,PRKCE,,2,45754003,,[],NCBI_eUtils
rs6716622,PRKCE,,2,45754287,,[],NCBI_eUtils
rs1468042,PRKCE,,2,45756379,,[],NCBI_eUtils
rs7582320,PRKCE,,2,45761884,,[],NCBI_eUtils
rs4953251,PRKCE,,2,45767447,,[],NCBI_eUtils
rs3924523,PRKCE,,2,45768211,,[],NCBI_eUtils
rs13401638,PRKCE,,2,45769518,,[],NCBI_eUtils
rs13404751,PRKCE,,2,45770070,,[],NCBI_eUtils
rs13404973,PRKCE,,2,45770272,,[],NCBI_eUtils
rs4446102,PRKCE,,2,45770728,,[],NCBI_eUtils
rs4952771,PRKCE,,2,45771977,,[],NCBI_eUtils
rs6758953,PRKCE,,2,45773269,,[],NCBI_eUtils
rs13002562,PRKCE,,2,45773644,,[],NCBI_eUtils
rs13017423,PRKCE,,2,45775638,,[],NCBI_eUtils
rs4264601,PRKCE,,2,45781946,,[],NCBI_eUtils
rs6707046,PRKCE,,2,45783167,,[],NCBI_eUtils
rs10191412,PRKCE,,2,45784806,,[],NCBI_eUtils
rs10170073,PRKCE,,2,45790463,,[],NCBI_eUtils
rs11898209,PRKCE,,2,45791394,,[],NCBI_eUtils
rs4952775,PRKCE,,2,45794467,,[],NCBI_eUtils
rs6544852,PRKCE,,2,45796232,,[],NCBI_eUtils
rs6720975,PRKCE,,2,45797073,,[],NCBI_eUtils
rs6743144,PRKCE,,2,45799762,,[],NCBI_eUtils
rs10164633,PRKCE,,2,45800968,,[],NCBI_eUtils
rs4296473,PRKCE,,2,45811662,,[],NCBI_eUtils
rs7593800,PRKCE,,2,45812008,,[],NCBI_eUtils
rs4953262,PRKCE,,2,45813654,,[],NCBI_eUtils
rs3886870,PRKCE,,2,45815339,,[],NCBI_eUtils
rs7596891,PRKCE,,2,45818444,,[],NCBI_eUtils
rs935672,PRKCE,,2,45818820,,[],NCBI_eUtils
rs11125034,PRKCE,,2,45822306,,[],NCBI_eUtils
rs7559522,PRKCE,,2,45822897,,[],NCBI_eUtils
rs6747706,PRKCE,,2,45825358,,[],NCBI_eUtils
rs10175198,PRKCE,,2,45826975,,[],NCBI_eUtils
rs4952779,PRKCE,,2,45833236,,[],NCBI_eUtils
rs6738409,PRKCE,,2,45835411,,[],NCBI_eUtils
rs7591351,PRKCE,,2,45836267,,[],NCBI_eUtils
rs6732900,PRKCE,,2,45839097,,[],NCBI_eUtils
rs6761327,PRKCE,,2,45839122,,[],NCBI_eUtils
rs3896679,PRKCE,,2,45841768,,[],NCBI_eUtils
rs6719779,PRKCE,,2,45846578,,[],NCBI_eUtils
rs10166692,PRKCE,,2,45849899,,[],NCBI_eUtils
rs6756452,PRKCE,,2,45850364,,[],NCBI_eUtils
rs6760363,PRKCE,,2,45851324,,[],NCBI_eUtils
rs7581914,PRKCE,,2,45851825,,[],NCBI_eUtils
rs7558378,PRKCE,,2,45852074,,[],NCBI_eUtils
rs4953274,PRKCE,,2,45855856,,[],NCBI_eUtils
rs4953276,PRKCE,,2,45856703,,[],NCBI_eUtils
rs1947195,PRKCE,,2,45858186,,[],NCBI_eUtils
rs4953277,PRKCE,,2,45860117,,[],NCBI_eUtils
rs12465045,PRKCE,,2,45860766,,[],NCBI_eUtils
rs935653,PRKCE,,2,45861405,,[],NCBI_eUtils
rs10460535,PRKCE,,2,45861550,,[],NCBI_eUtils
rs3911797,PRKCE,,2,45862308,,[],NCBI_eUtils
rs10179520,PRKCE,,2,45863921,,[],NCBI_eUtils
rs10181963,PRKCE,,2,45864140,,[],NCBI_eUtils
rs10189339,PRKCE,,2,45866621,,[],NCBI_eUtils
rs4952787,PRKCE,,2,45867334,,[],NCBI_eUtils
rs11889501,PRKCE,,2,45868033,,[],NCBI_eUtils
rs11125038,PRKCE,,2,45869317,,[],NCBI_eUtils
rs11125039,PRKCE,,2,45869545,,[],NCBI_eUtils
rs1966813,PRKCE,,2,45870758,,[],NCBI_eUtils
rs7585985,PRKCE,,2,45871469,,[],NCBI_eUtils
rs2122110,PRKCE,,2,45873115,,[],NCBI_eUtils
rs4245804,PRKCE,,2,45875207,,[],NCBI_eUtils
rs13384667,PRKCE,,2,45875672,,[],NCBI_eUtils
rs13400225,PRKCE,,2,45876738,,[],NCBI_eUtils
rs10185201,PRKCE,,2,45895025,,[],NCBI_eUtils
rs10201568,PRKCE,,2,45898726,,[],NCBI_eUtils
rs1375341,PRKCE,,2,45902128,,[],NCBI_eUtils
rs13010241,PRKCE,,2,45913665,,[],NCBI_eUtils
rs13011605,PRKCE,,2,45931206,,[],NCBI_eUtils
rs6720958,PRKCE,,2,45931384,,[],NCBI_eUtils
rs13036100,PRKCE,,2,45931551,,[],NCBI_eUtils
rs12999695,PRKCE,,2,45933266,,[],NCBI_eUtils
rs7577540,PRKCE,,2,45937961,,[],NCBI_eUtils
rs10206343,PRKCE,,2,45938833,,[],NCBI_eUtils
rs7578578,PRKCE,,2,45938924,,[],NCBI_eUtils
rs12712955,PRKCE,,2,45939182,,[],NCBI_eUtils
rs2595192,PRKCE,,2,45940229,,[],NCBI_eUtils
rs2711292,PRKCE,,2,45941790,,[],NCBI_eUtils
rs2711299,PRKCE,,2,45943978,,[],NCBI_eUtils
rs12466402,PRKCE,,2,45946898,,[],NCBI_eUtils
rs6750700,PRKCE,,2,45949264,,[],NCBI_eUtils
rs6751349,PRKCE,,2,45949823,,[],NCBI_eUtils
rs2711293,PRKCE,,2,45953854,,[],NCBI_eUtils
rs1463162,PRKCE,,2,45954184,,[],NCBI_eUtils
rs2711305,PRKCE,,2,45956285,,[],NCBI_eUtils
rs4953292,PRKCE,,2,45964844,,[],NCBI_eUtils
rs4953292,LOC124907761,,2,45964844,,[],NCBI_eUtils
rs2595202,PRKCE,,2,45964878,,[],NCBI_eUtils
rs2595202,LOC124907761,,2,45964878,,[],NCBI_eUtils
rs2595203,PRKCE,,2,45965052,,[],NCBI_eUtils
rs2595203,LOC124907761,,2,45965052,,[],NCBI_eUtils
rs6715568,PRKCE,,2,45965092,,[],NCBI_eUtils
rs6715568,LOC124907761,,2,45965092,,[],NCBI_eUtils
rs6706140,PRKCE,,2,45966208,,[],NCBI_eUtils
rs6706140,LOC124907761,,2,45966208,,[],NCBI_eUtils
rs7607360,PRKCE,,2,45967195,,[],NCBI_eUtils
rs2711303,PRKCE,,2,45968735,,[],NCBI_eUtils
rs1562653,PRKCE,,2,45969793,,[],NCBI_eUtils
rs6751933,PRKCE,,2,45972747,,[],NCBI_eUtils
rs753572,PRKCE,,2,45975199,,[],NCBI_eUtils
rs12464563,PRKCE,,2,45978181,,[],NCBI_eUtils
rs7594827,PRKCE,,2,45983624,,[],NCBI_eUtils
rs4953294,PRKCE,,2,45984519,,[],NCBI_eUtils
rs2245633,PRKCE,,2,45990192,,[],NCBI_eUtils
rs2595214,PRKCE,,2,45990531,,[],NCBI_eUtils
rs2711302,PRKCE,,2,45993749,,[],NCBI_eUtils
rs12622193,PRKCE,,2,45994616,,[],NCBI_eUtils
rs2122113,PRKCE,,2,45998639,,[],NCBI_eUtils
rs2595218,PRKCE,,2,45998826,,[],NCBI_eUtils
rs6755308,PRKCE,,2,46003128,,[],NCBI_eUtils
rs2595221,PRKCE,,2,46003244,,[],NCBI_eUtils
rs2255094,PRKCE,,2,46004903,,[],NCBI_eUtils
rs1987070,PRKCE,,2,46010307,,[],NCBI_eUtils
rs3738901,PRKCE,,2,46013101,,[],NCBI_eUtils
rs13402503,PRKCE,,2,46025422,,[],NCBI_eUtils
rs7581295,PRKCE,,2,46027667,,[],NCBI_eUtils
rs10167883,PRKCE,,2,46029260,,[],NCBI_eUtils
rs6544868,PRKCE,,2,46029527,,[],NCBI_eUtils
rs13024806,PRKCE,,2,46030741,,[],NCBI_eUtils
rs7600159,PRKCE,,2,46032668,,[],NCBI_eUtils
rs1009399,PRKCE,,2,46040131,,[],NCBI_eUtils
rs1470598,PRKCE,,2,46042428,,[],NCBI_eUtils
rs13420874,PRKCE,,2,46044345,,[],NCBI_eUtils
rs13024907,PRKCE,,2,46058385,,[],NCBI_eUtils
rs6751805,PRKCE,,2,46060604,,[],NCBI_eUtils
rs921183,PRKCE,,2,46063277,,[],NCBI_eUtils
rs12994911,PRKCE,,2,46064767,,[],NCBI_eUtils
rs13405039,PRKCE,,2,46066306,,[],NCBI_eUtils
rs12712962,PRKCE,,2,46067672,,[],NCBI_eUtils
rs12712963,PRKCE,,2,46067842,,[],NCBI_eUtils
rs6742625,PRKCE,,2,46070703,,[],NCBI_eUtils
rs6742737,PRKCE,,2,46070775,,[],NCBI_eUtils
rs12467673,PRKCE,,2,46081590,,[],NCBI_eUtils
rs6712557,PRKCE,,2,46082686,,[],NCBI_eUtils
rs11125048,PRKCE,,2,46084162,,[],NCBI_eUtils
rs17034455,PRKCE,,2,46086342,,[],NCBI_eUtils
rs1124787,PRKCE,,2,46087796,,[],NCBI_eUtils
rs1868271,PRKCE,,2,46090209,,[],NCBI_eUtils
rs3768761,PRKCE,,2,46090691,,[],NCBI_eUtils
rs3768760,PRKCE,,2,46091985,,[],NCBI_eUtils
rs2345955,PRKCE,,2,46093741,,[],NCBI_eUtils
rs10167555,PRKCE,,2,46093967,,[],NCBI_eUtils
rs12993373,PRKCE,,2,46094180,,[],NCBI_eUtils
rs13024886,PRKCE,,2,46095812,,[],NCBI_eUtils
rs3768757,PRKCE,,2,46097727,,[],NCBI_eUtils
rs3754573,PRKCE,,2,46099604,,[],NCBI_eUtils
rs12712970,PRKCE,,2,46106555,,[],NCBI_eUtils
rs10865212,PRKCE,,2,46109835,,[],NCBI_eUtils
rs1597158,PRKCE,,2,46111397,,[],NCBI_eUtils
rs1375055,PRKCE,,2,46113239,,[],NCBI_eUtils
rs3768753,PRKCE,,2,46115640,,[],NCBI_eUtils
rs12616328,PRKCE,,2,46118206,,[],NCBI_eUtils
rs3768751,PRKCE,,2,46119577,,[],NCBI_eUtils
rs12623399,PRKCE,,2,46122132,,[],NCBI_eUtils
rs3754569,PRKCE,,2,46125314,,[],NCBI_eUtils
rs10495927,PRKCE,,2,46125360,,[],NCBI_eUtils
rs10495928,PRKCE,,2,46126027,,[],NCBI_eUtils
rs4952801,PRKCE,,2,46127106,,[],NCBI_eUtils
rs4953318,PRKCE,,2,46127912,,[],NCBI_eUtils
rs13406773,PRKCE,,2,46135729,,[],NCBI_eUtils
rs6724315,PRKCE,,2,46136560,,[],NCBI_eUtils
rs4952803,PRKCE,,2,46141157,,[],NCBI_eUtils
rs2053797,PRKCE,,2,46143753,,[],NCBI_eUtils
rs3754568,PRKCE,,2,46144075,,[],NCBI_eUtils
rs10495930,PRKCE,,2,46145536,,[],NCBI_eUtils
rs7604415,PRKCE,,2,46146390,,[],NCBI_eUtils
rs4953320,PRKCE,,2,46147390,,[],NCBI_eUtils
rs4952805,PRKCE,,2,46151485,,[],NCBI_eUtils
rs10205024,PRKCE,,2,46158200,,[],NCBI_eUtils
rs2034360,PRKCE,,2,46159159,,[],NCBI_eUtils
rs2278775,PRKCE,,2,46160482,,[],NCBI_eUtils
rs3820729,PRKCE,,2,46165636,,[],NCBI_eUtils
rs11125055,PRKCE,,2,46166676,,[],NCBI_eUtils
rs951012,PRKCE,,2,46170492,,[],NCBI_eUtils
rs281477,PRKCE,,2,46173338,,[],NCBI_eUtils
rs281476,PRKCE,,2,46173465,,[],NCBI_eUtils
rs7601785,PRKCE,,2,46173797,,[],NCBI_eUtils
rs281472,PRKCE,,2,46176698,,[],NCBI_eUtils
rs281467,PRKCE,,2,46180555,,[],NCBI_eUtils
rs2594489,PRKCE,,2,46180932,,[],NCBI_eUtils
rs2594494,PRKCE,,2,46182273,,[],NCBI_eUtils
rs2592156,PRKCE,,2,46183004,,[],NCBI_eUtils
rs281508,PRKCE,,2,46184068,,[],NCBI_eUtils
rs281507,PRKCE,,2,46184281,,[],NCBI_eUtils
rs2278774,PRKCE,,2,46185149,,[],NCBI_eUtils
rs3738894,PRKCE,,2,46187030,,[],NCBI_eUtils
rs3738893,PRKCE,,2,46187295,,[],NCBI_eUtils
rs14138,PRKCE,,2,46187307,,[],NCBI_eUtils
rs8066385,PRPSAP2,,17,18857820,,[],NCBI_eUtils
rs1037037,PRPSAP2,,17,18861708,,[],NCBI_eUtils
rs4393623,PRPSAP2,,17,18872587,,[],NCBI_eUtils
rs11078421,PRPSAP2,,17,18901072,,[],NCBI_eUtils
rs7223173,PRPSAP2,,17,18902574,,[],NCBI_eUtils
rs12936834,PRPSAP2,,17,18903765,,[],NCBI_eUtils
rs9899848,PRPSAP2,,17,18912234,,[],NCBI_eUtils
rs9914901,PRPSAP2,,17,18915734,,[],NCBI_eUtils
rs8070707,PRPSAP2,,17,18917144,,[],NCBI_eUtils
rs2469862,PRPSAP2,,17,18918512,,[],NCBI_eUtils
rs11657284,PRPSAP2,,17,18926810,,[],NCBI_eUtils
rs1634411,PRPSAP2,,17,18930497,,[],NCBI_eUtils
rs6846,PRPSAP2,,17,18930945,,[],NCBI_eUtils
rs9890929,RAI1,,17,17684236,,[],NCBI_eUtils
rs6502615,RAI1,,17,17708709,,[],NCBI_eUtils
rs6502615,LOC124903943,,17,17708709,,[],NCBI_eUtils
rs11654526,RAI1,,17,17713995,,[],NCBI_eUtils
rs11654526,LOC124903943,,17,17713995,,[],NCBI_eUtils
rs4244601,RAI1,,17,17722004,,[],NCBI_eUtils
rs4244601,LOC124903943,,17,17722004,,[],NCBI_eUtils
rs11078396,RAI1,,17,17744082,,[],NCBI_eUtils
rs4925108,RAI1,,17,17746109,,[],NCBI_eUtils
rs4925109,RAI1,,17,17758488,,[],NCBI_eUtils
rs16961993,RAI1,,17,17768088,,[],NCBI_eUtils
rs16961993,RAI1-AS1,,17,17768088,,[],NCBI_eUtils
rs4924815,RAI1,,17,17771964,,[],NCBI_eUtils
rs8066159,RAI1,,17,17777405,,[],NCBI_eUtils
rs8066159,SMCR5,,17,17777405,,[],NCBI_eUtils
rs8066159,LOC124903942,,17,17777405,,[],NCBI_eUtils
rs4925111,RAI1,,17,17778223,,[],NCBI_eUtils
rs4925111,SMCR5,,17,17778223,,[],NCBI_eUtils
rs4925111,LOC124903942,,17,17778223,,[],NCBI_eUtils
rs1006656,RAI1,,17,17779170,,[],NCBI_eUtils
rs1006656,SMCR5,,17,17779170,,[],NCBI_eUtils
rs1006656,LOC124903942,,17,17779170,,[],NCBI_eUtils
rs3818717,RAI1,,17,17803791,,[],NCBI_eUtils
rs16962003,RAI1,,17,17804416,,[],NCBI_eUtils
rs9904270,RARA,,17,40323579,,[],NCBI_eUtils
rs2715554,RARA,,17,40332918,,[],NCBI_eUtils
rs2715553,RARA,,17,40340068,,[],NCBI_eUtils
rs11653720,RARA,,17,40346124,,[],NCBI_eUtils
rs482284,RARA,,17,40347989,,[],NCBI_eUtils
rs9894845,RARA,,17,40350205,,[],NCBI_eUtils
rs2246292,RARA,,17,40351009,,[],NCBI_eUtils
rs755661,RARB,,3,25430549,,[],NCBI_eUtils
rs7613553,RARB,,3,25435921,,[],NCBI_eUtils
rs4416353,RARB,,3,25438287,,[],NCBI_eUtils
rs9284856,RARB,,3,25438492,,[],NCBI_eUtils
rs9284857,RARB,,3,25438617,,[],NCBI_eUtils
rs6800566,RARB,,3,25439153,,[],NCBI_eUtils
rs12631063,RARB,,3,25444265,,[],NCBI_eUtils
rs4681063,RARB,,3,25447827,,[],NCBI_eUtils
rs6793694,RARB,,3,25450477,,[],NCBI_eUtils
rs13070407,RARB,,3,25451687,,[],NCBI_eUtils
rs13314219,RARB,,3,25454146,,[],NCBI_eUtils
rs957950,RARB,,3,25455183,,[],NCBI_eUtils
rs7629902,RARB,,3,25459390,,[],NCBI_eUtils
rs6778350,RARB,,3,25465539,,[],NCBI_eUtils
rs7616467,RARB,,3,25466937,,[],NCBI_eUtils
rs4393871,RARB,,3,25471718,,[],NCBI_eUtils
rs7629478,RARB,,3,25472137,,[],NCBI_eUtils
rs4607073,RARB,,3,25472785,,[],NCBI_eUtils
rs6775425,RARB,,3,25473870,,[],NCBI_eUtils
rs13087022,RARB,,3,25476155,,[],NCBI_eUtils
rs1529672,RARB,,3,25479091,,[],NCBI_eUtils
rs2364120,RARB,,3,25480212,,[],NCBI_eUtils
rs13314209,RARB,,3,25484054,,[],NCBI_eUtils
rs1286661,RARB,,3,25486872,,[],NCBI_eUtils
rs1286664,RARB,,3,25487789,,[],NCBI_eUtils
rs7616278,RARB,,3,25488016,,[],NCBI_eUtils
rs1286654,RARB,,3,25489774,,[],NCBI_eUtils
rs11916491,RARB,,3,25490934,,[],NCBI_eUtils
rs1286648,RARB,,3,25496012,,[],NCBI_eUtils
rs2568875,RARB,,3,25497392,,[],NCBI_eUtils
rs1406575,RARB,,3,25499880,,[],NCBI_eUtils
rs1406575,LOC124909356,,3,25499880,,[],NCBI_eUtils
rs1286644,RARB,,3,25506714,,[],NCBI_eUtils
rs1560633,RARB,,3,25507064,,[],NCBI_eUtils
rs1286646,RARB,,3,25507240,,[],NCBI_eUtils
rs6767543,RARB,,3,25508932,,[],NCBI_eUtils
rs1153589,RARB,,3,25512872,,[],NCBI_eUtils
rs6781783,RARB,,3,25516200,,[],NCBI_eUtils
rs1153594,RARB,,3,25518437,,[],NCBI_eUtils
rs1435703,RARB,,3,25518740,,[],NCBI_eUtils
rs1153596,RARB,,3,25519997,,[],NCBI_eUtils
rs6805350,RARB,,3,25523438,,[],NCBI_eUtils
rs7615754,RARB,,3,25524555,,[],NCBI_eUtils
rs1286754,RARB,,3,25524704,,[],NCBI_eUtils
rs1286757,RARB,,3,25526321,,[],NCBI_eUtils
rs1435705,RARB,,3,25527380,,[],NCBI_eUtils
rs17525900,RARB,,3,25528390,,[],NCBI_eUtils
rs1153603,RARB,,3,25530234,,[],NCBI_eUtils
rs1286760,RARB,,3,25531518,,[],NCBI_eUtils
rs1153606,RARB,,3,25532695,,[],NCBI_eUtils
rs1286665,RARB,,3,25534184,,[],NCBI_eUtils
rs1992005,RARB,,3,25535374,,[],NCBI_eUtils
rs1881703,RARB,,3,25537061,,[],NCBI_eUtils
rs7616062,RARB,,3,25537401,,[],NCBI_eUtils
rs7631979,RARB,,3,25537447,,[],NCBI_eUtils
rs11707637,RARB,,3,25538424,,[],NCBI_eUtils
rs1286771,RARB,,3,25540021,,[],NCBI_eUtils
rs1865613,RARB,,3,25541103,,[],NCBI_eUtils
rs4681027,RARB,,3,25542867,,[],NCBI_eUtils
rs1286769,RARB,,3,25543675,,[],NCBI_eUtils
rs17016718,RARB,,3,25544615,,[],NCBI_eUtils
rs1286762,RARB,,3,25557418,,[],NCBI_eUtils
rs17016738,RARB,,3,25559155,,[],NCBI_eUtils
rs17016773,RARB,,3,25563108,,[],NCBI_eUtils
rs17526839,RARB,,3,25563610,,[],NCBI_eUtils
rs1286729,RARB,,3,25567085,,[],NCBI_eUtils
rs6795340,RARB,,3,25567520,,[],NCBI_eUtils
rs4081949,RARB,,3,25569661,,[],NCBI_eUtils
rs3773445,RARB,,3,25571074,,[],NCBI_eUtils
rs1286733,RARB,,3,25571881,,[],NCBI_eUtils
rs1286738,RARB,,3,25573041,,[],NCBI_eUtils
rs17526942,RARB,,3,25575912,,[],NCBI_eUtils
rs3773439,RARB,,3,25576284,,[],NCBI_eUtils
rs1656463,RARB,,3,25576668,,[],NCBI_eUtils
rs3821629,RARB,,3,25578641,,[],NCBI_eUtils
rs7634326,RARB,,3,25579811,,[],NCBI_eUtils
rs868368,RARB,,3,25582249,,[],NCBI_eUtils
rs11917304,RARB,,3,25583143,,[],NCBI_eUtils
rs4681028,RARB,,3,25587258,,[],NCBI_eUtils
rs6782425,RARB,,3,25588575,,[],NCBI_eUtils
rs2164360,RARB,,3,25591403,,[],NCBI_eUtils
rs1975250,RARB,,3,25592194,,[],NCBI_eUtils
rs1058378,RARB,,3,25597903,,[],NCBI_eUtils
rs1058378,TOP2B,,3,25597903,,[],NCBI_eUtils
rs3741434,RARG,,12,53211560,,[],NCBI_eUtils
rs2229774,RARG,,12,53211761,,[],NCBI_eUtils
rs1465057,RARG,,12,53219097,,[],NCBI_eUtils
rs941138,RARG,,12,53220565,,[],NCBI_eUtils
rs1465058,RARG,,12,53221209,,[],NCBI_eUtils
rs6580936,RARG,,12,53224045,,[],NCBI_eUtils
rs11170486,RARG,,12,53224985,,[],NCBI_eUtils
rs10082919,RARG,,12,53225680,,[],NCBI_eUtils
rs10082776,RARG,,12,53227927,,[],NCBI_eUtils
rs17173608,RARRES2,,7,150339575,,[],NCBI_eUtils
rs10275627,RARRES2,,7,150341589,,[],NCBI_eUtils
rs10275627,LOC107986858,,7,150341589,,[],NCBI_eUtils
rs1713985,REST,,4,56920284,,[],NCBI_eUtils
rs6847086,REST,,4,56925698,,[],NCBI_eUtils
rs1050483,BORCS8-MEF2B,,19,19192993,,[],NCBI_eUtils
rs1050483,RFXANK,,19,19192993,,[],NCBI_eUtils
rs1050483,BORCS8,,19,19192993,,[],NCBI_eUtils
rs10419684,BORCS8-MEF2B,,19,19193746,,[],NCBI_eUtils
rs10419684,RFXANK,,19,19193746,,[],NCBI_eUtils
rs10419684,BORCS8,,19,19193746,,[],NCBI_eUtils
rs10401713,RFXANK,,19,19195338,,[],NCBI_eUtils
rs1802498,RFXANK,,19,19201687,,[],NCBI_eUtils
rs1802498,NR2C2AP,,19,19201687,,[],NCBI_eUtils
rs9547679,RFXAP,,13,36828303,,[],NCBI_eUtils
rs10976,RFXAP,,13,36829006,,[],NCBI_eUtils
rs13345720,RNASEH2A,,19,12806872,,[],NCBI_eUtils
rs7247284,RNASEH2A,,19,12810372,,[],NCBI_eUtils
rs739830,RNF112,,17,19411298,,[],NCBI_eUtils
rs1295330,RNF112,,17,19414718,,[],NCBI_eUtils
rs2072121,RNF112,,17,19416745,,[],NCBI_eUtils
rs2072120,RNF112,,17,19416809,,[],NCBI_eUtils
rs2072119,RNF112,,17,19416841,,[],NCBI_eUtils
rs852441,RNF216,,7,5621055,,[],NCBI_eUtils
rs852456,RNF216,,7,5627783,,[],NCBI_eUtils
rs13236790,RNF216,,7,5641369,,[],NCBI_eUtils
rs7780518,RNF216,,7,5647111,,[],NCBI_eUtils
rs3779091,RNF216,,7,5650229,,[],NCBI_eUtils
rs6971289,RNF216,,7,5656704,,[],NCBI_eUtils
rs852517,RNF216,,7,5657948,,[],NCBI_eUtils
rs6953970,RNF216,,7,5658171,,[],NCBI_eUtils
rs13247447,RNF216,,7,5659333,,[],NCBI_eUtils
rs4415230,RNF216,,7,5670796,,[],NCBI_eUtils
rs4415230,RNF216-IT1,,7,5670796,,[],NCBI_eUtils
rs3779092,RNF216,,7,5672969,,[],NCBI_eUtils
rs3779092,RNF216-IT1,,7,5672969,,[],NCBI_eUtils
rs3807583,RNF216,,7,5676832,,[],NCBI_eUtils
rs3807583,RNF216-IT1,,7,5676832,,[],NCBI_eUtils
rs852403,RNF216,,7,5677218,,[],NCBI_eUtils
rs852403,RNF216-IT1,,7,5677218,,[],NCBI_eUtils
rs852397,RNF216,,7,5679926,,[],NCBI_eUtils
rs852397,RNF216-IT1,,7,5679926,,[],NCBI_eUtils
rs852396,RNF216,,7,5680108,,[],NCBI_eUtils
rs852396,RNF216-IT1,,7,5680108,,[],NCBI_eUtils
rs852394,RNF216,,7,5681817,,[],NCBI_eUtils
rs852394,RNF216-IT1,,7,5681817,,[],NCBI_eUtils
rs4724712,RNF216,,7,5686391,,[],NCBI_eUtils
rs3801009,RNF216,,7,5692591,,[],NCBI_eUtils
rs3801012,RNF216,,7,5696759,,[],NCBI_eUtils
rs10242141,RNF216,,7,5711701,,[],NCBI_eUtils
rs10242141,MIR6874,,7,5711701,,[],NCBI_eUtils
rs2287592,RNF216,,7,5715600,,[],NCBI_eUtils
rs2302907,RNF216,,7,5721229,,[],NCBI_eUtils
rs2345864,RNF216,,7,5732920,,[],NCBI_eUtils
rs4724718,RNF216,,7,5745455,,[],NCBI_eUtils
rs10951960,RNF216,,7,5746094,,[],NCBI_eUtils
rs17135724,RNF216,,7,5746368,,[],NCBI_eUtils
rs6463513,RNF216,,7,5753114,,[],NCBI_eUtils
rs11980653,RNF216,,7,5753265,,[],NCBI_eUtils
rs6972718,RNF216,,7,5767975,,[],NCBI_eUtils
rs6944358,RNF216,,7,5774547,,[],NCBI_eUtils
rs12538870,RNF216,,7,5775058,,[],NCBI_eUtils
rs2008415,RNF216,,7,5780719,,[],NCBI_eUtils
rs36009719,RNF216,,7,5780752,,[],NCBI_eUtils
rs1130609,RRM2,,2,10122793,,[],NCBI_eUtils
rs6759180,RRM2,,2,10126436,,[],NCBI_eUtils
rs4668664,RRM2,,2,10128671,,[],NCBI_eUtils
rs1138729,RRM2,,2,10131069,,[],NCBI_eUtils
rs7855881,RXRA,,9,134328697,,[],NCBI_eUtils
rs872298,RXRA,,9,134330291,,[],NCBI_eUtils
rs4917354,RXRA,,9,134345815,,[],NCBI_eUtils
rs914853,RXRA,,9,134347317,,[],NCBI_eUtils
rs11185659,RXRA,,9,134351537,,[],NCBI_eUtils
rs12348547,RXRA,,9,134354416,,[],NCBI_eUtils
rs7853934,RXRA,,9,134360914,,[],NCBI_eUtils
rs7048602,RXRA,,9,134361601,,[],NCBI_eUtils
rs10881582,RXRA,,9,134364232,,[],NCBI_eUtils
rs7039190,RXRA,,9,134374858,,[],NCBI_eUtils
rs34312136,RXRA,,9,134377610,,[],NCBI_eUtils
rs34312136,MIR4669,,9,134377610,,[],NCBI_eUtils
rs35079168,RXRA,,9,134389093,,[],NCBI_eUtils
rs4501664,RXRA,,9,134393077,,[],NCBI_eUtils
rs11103473,RXRA,,9,134395783,,[],NCBI_eUtils
rs11103633,RXRA,,9,134398922,,[],NCBI_eUtils
rs6537998,RXRA,,9,134400659,,[],NCBI_eUtils
rs7869783,RXRA,,9,134400927,,[],NCBI_eUtils
rs11789076,RXRA,,9,134411093,,[],NCBI_eUtils
rs731516,RXRA,,9,134416454,,[],NCBI_eUtils
rs3118536,RXRA,,9,134416616,,[],NCBI_eUtils
rs4240705,RXRA,,9,134419554,,[],NCBI_eUtils
rs11103462,RXRA,,9,134419726,,[],NCBI_eUtils
rs12349076,RXRA,,9,134423447,,[],NCBI_eUtils
rs3118571,RXRA,,9,134426332,,[],NCBI_eUtils
rs1536475,RXRA,,9,134429310,,[],NCBI_eUtils
rs35315770,RXRA,,9,134432529,,[],NCBI_eUtils
rs1805343,RXRA,,9,134436440,,[],NCBI_eUtils
rs1805342,RXRA,,9,134436854,,[],NCBI_eUtils
rs1368442,SAMD4B,,19,39344529,,[],NCBI_eUtils
rs8102889,SAMD4B,,19,39348555,,[],NCBI_eUtils
rs30453,SAMD4B,,19,39354904,,[],NCBI_eUtils
rs11669586,SAMD4B,,19,39356492,,[],NCBI_eUtils
rs685125,SAMD4B,,19,39359462,,[],NCBI_eUtils
rs1375910,SAMD4B,,19,39360342,,[],NCBI_eUtils
rs10424274,SAMD4B,,19,39361346,,[],NCBI_eUtils
rs11666780,SAMD4B,,19,39362887,,[],NCBI_eUtils
rs36264,SAMD4B,,19,39370874,,[],NCBI_eUtils
rs36268,SAMD4B,,19,39379163,,[],NCBI_eUtils
rs36270,SAMD4B,,19,39384305,,[],NCBI_eUtils
rs12402578,SCAMP3,,1,155258645,,[],NCBI_eUtils
rs1046188,SCAMP3,,1,155262283,,[],NCBI_eUtils
rs35694954,SCAND1,,20,35954438,,[],NCBI_eUtils
rs35694954,CNBD2,,20,35954438,,[],NCBI_eUtils
rs2214565,SCPEP1,,17,56978993,,[],NCBI_eUtils
rs3095492,SCPEP1,,17,56983496,,[],NCBI_eUtils
rs2287001,SCPEP1,,17,56985461,,[],NCBI_eUtils
rs3760160,SCPEP1,,17,56991455,,[],NCBI_eUtils
rs8074066,SCPEP1,,17,56993831,,[],NCBI_eUtils
rs17833633,SCPEP1,,17,56999399,,[],NCBI_eUtils
rs8066415,SCPEP1,,17,57001332,,[],NCBI_eUtils
rs12940187,SCPEP1,,17,57002110,,[],NCBI_eUtils
rs12451254,SCPEP1,,17,57002968,,[],NCBI_eUtils
rs16942803,SDSL,,12,113429683,,[],NCBI_eUtils
rs11831330,SDSL,,12,113434639,,[],NCBI_eUtils
rs4704610,SERINC5,,5,80115425,,[],NCBI_eUtils
rs11950944,SERINC5,,5,80127170,,[],NCBI_eUtils
rs10057542,SERINC5,,5,80127524,,[],NCBI_eUtils
rs2164993,SERINC5,,5,80131523,,[],NCBI_eUtils
rs10072008,SERINC5,,5,80139860,,[],NCBI_eUtils
rs4704618,SERINC5,,5,80141506,,[],NCBI_eUtils
rs4703803,SERINC5,,5,80142882,,[],NCBI_eUtils
rs7707754,SERINC5,,5,80143103,,[],NCBI_eUtils
rs1132801,SERINC5,,5,80165287,,[],NCBI_eUtils
rs11959429,SERINC5,,5,80173706,,[],NCBI_eUtils
rs13186313,SERINC5,,5,80174208,,[],NCBI_eUtils
rs10050980,SERINC5,,5,80175560,,[],NCBI_eUtils
rs4447967,SERINC5,,5,80176891,,[],NCBI_eUtils
rs6890275,SERINC5,,5,80177464,,[],NCBI_eUtils
rs4704624,SERINC5,,5,80184798,,[],NCBI_eUtils
rs4704627,SERINC5,,5,80192370,,[],NCBI_eUtils
rs6876176,SERINC5,,5,80199636,,[],NCBI_eUtils
rs4704633,SERINC5,,5,80201119,,[],NCBI_eUtils
rs4704634,SERINC5,,5,80201241,,[],NCBI_eUtils
rs10075871,SERINC5,,5,80201596,,[],NCBI_eUtils
rs6868932,SERINC5,,5,80203676,,[],NCBI_eUtils
rs6880905,SERINC5,,5,80205996,,[],NCBI_eUtils
rs10058567,SERINC5,,5,80208050,,[],NCBI_eUtils
rs13188069,SERINC5,,5,80208870,,[],NCBI_eUtils
rs10514178,SERINC5,,5,80210177,,[],NCBI_eUtils
rs17259420,SERINC5,,5,80210238,,[],NCBI_eUtils
rs6872447,SERINC5,,5,80211375,,[],NCBI_eUtils
rs10068511,SERINC5,,5,80213476,,[],NCBI_eUtils
rs10036776,SERINC5,,5,80214155,,[],NCBI_eUtils
rs11960254,SERINC5,,5,80218203,,[],NCBI_eUtils
rs6895353,SERINC5,,5,80218856,,[],NCBI_eUtils
rs7711197,SERINC5,,5,80221107,,[],NCBI_eUtils
rs13355369,SERINC5,,5,80222459,,[],NCBI_eUtils
rs7726099,SERINC5,,5,80225885,,[],NCBI_eUtils
rs13355153,SERINC5,,5,80226786,,[],NCBI_eUtils
rs10041917,SERINC5,,5,80229486,,[],NCBI_eUtils
rs16877647,SERINC5,,5,80234487,,[],NCBI_eUtils
rs17200856,SERINC5,,5,80236425,,[],NCBI_eUtils
rs12189352,SERINC5,,5,80239282,,[],NCBI_eUtils
rs12189352,LOC124901201,,5,80239282,,[],NCBI_eUtils
rs1010809,SERINC5,,5,80247305,,[],NCBI_eUtils
rs16877662,SERINC5,,5,80252455,,[],NCBI_eUtils
rs881708,SERINC5,,5,80253865,,[],NCBI_eUtils
rs930205,SH3TC2,,5,148985671,,[],NCBI_eUtils
rs4705303,SH3TC2,,5,148988080,,[],NCBI_eUtils
rs13359285,SH3TC2,,5,148992859,,[],NCBI_eUtils
rs13166730,SH3TC2,,5,148993743,,[],NCBI_eUtils
rs3763022,SH3TC2,,5,149001515,,[],NCBI_eUtils
rs10050933,SH3TC2,,5,149003992,,[],NCBI_eUtils
rs10477401,SH3TC2,,5,149009862,,[],NCBI_eUtils
rs1025476,SH3TC2,,5,149010200,,[],NCBI_eUtils
rs1549907,SH3TC2,,5,149013002,,[],NCBI_eUtils
rs10075404,SH3TC2,,5,149026469,,[],NCBI_eUtils
rs17795193,SH3TC2,,5,149027410,,[],NCBI_eUtils
rs6875902,SH3TC2,,5,149028330,,[],NCBI_eUtils
rs17722227,SH3TC2,,5,149028382,,[],NCBI_eUtils
rs2304034,SH3TC2,,5,149031357,,[],NCBI_eUtils
rs17109268,SH3TC2,,5,149036542,,[],NCBI_eUtils
rs17795259,SH3TC2,,5,149037389,,[],NCBI_eUtils
rs36067,SH3TC2,,5,149037990,,[],NCBI_eUtils
rs17722293,SH3TC2,,5,149042711,,[],NCBI_eUtils
rs10066882,SH3TC2,,5,149052220,,[],NCBI_eUtils
rs36077,SH3TC2,,5,149052401,,[],NCBI_eUtils
rs36044,SH3TC2,,5,149061565,,[],NCBI_eUtils
rs36044,SH3TC2-DT,,5,149061565,,[],NCBI_eUtils
rs36047,SH3TC2,,5,149061758,,[],NCBI_eUtils
rs36047,SH3TC2-DT,,5,149061758,,[],NCBI_eUtils
rs1981,SMAD2,,18,47834620,,[],NCBI_eUtils
rs8098413,SMAD2,,18,47836350,,[],NCBI_eUtils
rs8085335,SMAD2,,18,47836918,,[],NCBI_eUtils
rs1792689,SMAD2,,18,47842216,,[],NCBI_eUtils
rs17813908,SMAD2,,18,47843965,,[],NCBI_eUtils
rs9956201,SMAD2,,18,47845315,,[],NCBI_eUtils
rs1792658,SMAD2,,18,47856234,,[],NCBI_eUtils
rs16958543,SMAD2,,18,47856673,,[],NCBI_eUtils
rs1792675,SMAD2,,18,47862050,,[],NCBI_eUtils
rs16958553,SMAD2,,18,47863183,,[],NCBI_eUtils
rs1631576,SMAD2,,18,47877112,,[],NCBI_eUtils
rs1792670,SMAD2,,18,47883776,,[],NCBI_eUtils
rs6507788,SMAD2,,18,47886967,,[],NCBI_eUtils
rs1539872,SMAD2,,18,47899107,,[],NCBI_eUtils
rs12968107,SMAD2,,18,47906222,,[],NCBI_eUtils
rs7232994,SMAD2,,18,47907624,,[],NCBI_eUtils
rs3813068,SMAD2,,18,47911695,,[],NCBI_eUtils
rs3764465,SMAD4,,18,51045002,,[],NCBI_eUtils
rs12455792,SMAD4,,18,51046270,,[],NCBI_eUtils
rs16952779,SMAD4,,18,51047510,,[],NCBI_eUtils
rs8084630,SMAD4,,18,51050721,,[],NCBI_eUtils
rs948588,SMAD4,,18,51059974,,[],NCBI_eUtils
rs11875522,SMAD4,,18,51065392,,[],NCBI_eUtils
rs11663402,SMAD4,,18,51078478,,[],NCBI_eUtils
rs12456284,SMAD4,,18,51083598,,[],NCBI_eUtils
rs3809569,SMAD6,,15,66707490,,[],NCBI_eUtils
rs12915166,SMAD6,,15,66708989,,[],NCBI_eUtils
rs2278602,SMAD6,,15,66711996,,[],NCBI_eUtils
rs2278603,SMAD6,,15,66716370,,[],NCBI_eUtils
rs2119261,SMAD6,,15,66719642,,[],NCBI_eUtils
rs2469116,SMAD6,,15,66722040,,[],NCBI_eUtils
rs893902,SMAD6,,15,66722404,,[],NCBI_eUtils
rs16953584,SMAD6,,15,66723322,,[],NCBI_eUtils
rs2469095,SMAD6,,15,66726736,,[],NCBI_eUtils
rs8024238,SMAD6,,15,66729270,,[],NCBI_eUtils
rs11636457,SMAD6,,15,66729658,,[],NCBI_eUtils
rs11636413,SMAD6,,15,66736969,,[],NCBI_eUtils
rs11630260,SMAD6,,15,66737693,,[],NCBI_eUtils
rs755451,SMAD6,,15,66742613,,[],NCBI_eUtils
rs1440374,SMAD6,,15,66743724,,[],NCBI_eUtils
rs7179372,SMAD6,,15,66744103,,[],NCBI_eUtils
rs12913356,SMAD6,,15,66749027,,[],NCBI_eUtils
rs8028202,SMAD6,,15,66750869,,[],NCBI_eUtils
rs12906898,SMAD6,,15,66754458,,[],NCBI_eUtils
rs2414912,SMAD6,,15,66756020,,[],NCBI_eUtils
rs4467023,SMAD6,,15,66762743,,[],NCBI_eUtils
rs7173030,SMAD6,,15,66764233,,[],NCBI_eUtils
rs16950210,SMAD6,,15,66764722,,[],NCBI_eUtils
rs12913975,SMAD6,,15,66764823,,[],NCBI_eUtils
rs12906270,SMAD6,,15,66768518,,[],NCBI_eUtils
rs3934907,SMAD6,,15,66769097,,[],NCBI_eUtils
rs11858577,SMAD6,,15,66774225,,[],NCBI_eUtils
rs16950113,SMAD7,,18,48920219,,[],NCBI_eUtils
rs8088297,SMAD7,,18,48920470,,[],NCBI_eUtils
rs17186485,SMAD7,,18,48922662,,[],NCBI_eUtils
rs4939827,SMAD7,,18,48927093,,[],NCBI_eUtils
rs12953717,SMAD7,,18,48927559,,[],NCBI_eUtils
rs4464148,SMAD7,,18,48932662,,[],NCBI_eUtils
rs7351039,SMAD7,,18,48934286,,[],NCBI_eUtils
rs12967477,SMAD7,,18,48934335,,[],NCBI_eUtils
rs7238442,SMAD7,,18,48935416,,[],NCBI_eUtils
rs4939832,SMAD7,,18,48939295,,[],NCBI_eUtils
rs1873191,SMAD7,,18,48941881,,[],NCBI_eUtils
rs4939834,SMAD7,,18,48942941,,[],NCBI_eUtils
rs1316447,SMAD7,,18,48946306,,[],NCBI_eUtils
rs3736242,SMAD7,,18,48948376,,[],NCBI_eUtils
rs514501,SMAD9,,13,36848039,,[],NCBI_eUtils
rs17054567,SMAD9,,13,36848119,,[],NCBI_eUtils
rs683296,SMAD9,,13,36848280,,[],NCBI_eUtils
rs511674,SMAD9,,13,36848378,,[],NCBI_eUtils
rs489646,SMAD9,,13,36848476,,[],NCBI_eUtils
rs2762140,SMAD9,,13,36848629,,[],NCBI_eUtils
rs681350,SMAD9,,13,36855753,,[],NCBI_eUtils
rs12855930,SMAD9,,13,36855904,,[],NCBI_eUtils
rs6563502,SMAD9,,13,36855961,,[],NCBI_eUtils
rs1199881,SMAD9,,13,36860179,,[],NCBI_eUtils
rs516144,SMAD9,,13,36864860,,[],NCBI_eUtils
rs3748305,SMAD9,,13,36865827,,[],NCBI_eUtils
rs485033,SMAD9,,13,36865924,,[],NCBI_eUtils
rs678037,SMAD9,,13,36865932,,[],NCBI_eUtils
rs1536654,SMAD9,,13,36866009,,[],NCBI_eUtils
rs9531987,SMAD9,,13,36869918,,[],NCBI_eUtils
rs622085,SMAD9,,13,36871971,,[],NCBI_eUtils
rs2762137,SMAD9,,13,36875096,,[],NCBI_eUtils
rs477432,SMAD9,,13,36879911,,[],NCBI_eUtils
rs9576129,SMAD9,,13,36881254,,[],NCBI_eUtils
rs648206,SMAD9,,13,36882104,,[],NCBI_eUtils
rs527929,SMAD9,,13,36904369,,[],NCBI_eUtils
rs678428,SMAD9,,13,36909889,,[],NCBI_eUtils
rs1571317,SMAD9,,13,36910556,,[],NCBI_eUtils
rs7986120,SMAD9,,13,36912528,,[],NCBI_eUtils
rs484524,SOHLH1,,9,135694463,,[],NCBI_eUtils
rs558113,SOHLH1,,9,135699384,,[],NCBI_eUtils
rs17695156,SP1,,12,53412871,,[],NCBI_eUtils
rs3741666,SP1,,12,53413812,,[],NCBI_eUtils
rs16949270,SP2,,17,47905107,,[],NCBI_eUtils
rs16949270,SP2-AS1,,17,47905107,,[],NCBI_eUtils
rs7207225,SP2,,17,47908048,,[],NCBI_eUtils
rs7207225,SP2-AS1,,17,47908048,,[],NCBI_eUtils
rs2228251,SP2,,17,47916728,,[],NCBI_eUtils
rs2228251,SP2-AS1,,17,47916728,,[],NCBI_eUtils
rs2229358,SP2,,17,47916788,,[],NCBI_eUtils
rs2229358,SP2-AS1,,17,47916788,,[],NCBI_eUtils
rs6711060,SP3,,2,173910925,,[],NCBI_eUtils
rs10173522,SP3,,2,173922768,,[],NCBI_eUtils
rs4325816,SP3,,2,173944171,,[],NCBI_eUtils
rs1047640,SP3,,2,173956022,,[],NCBI_eUtils
rs39304,SP4,,7,21430895,,[],NCBI_eUtils
rs7795411,SP4,,7,21434962,,[],NCBI_eUtils
rs2282888,SP4,,7,21436514,,[],NCBI_eUtils
rs2282889,SP4,,7,21436570,,[],NCBI_eUtils
rs2237303,SP4,,7,21443987,,[],NCBI_eUtils
rs2107448,SP4,,7,21445484,,[],NCBI_eUtils
rs2390536,SP4,,7,21445779,,[],NCBI_eUtils
rs10464213,SP4,,7,21446898,,[],NCBI_eUtils
rs2107449,SP4,,7,21449311,,[],NCBI_eUtils
rs2158414,SP4,,7,21451403,,[],NCBI_eUtils
rs6461565,SP4,,7,21456847,,[],NCBI_eUtils
rs6461566,SP4,,7,21456878,,[],NCBI_eUtils
rs6958382,SP4,,7,21459084,,[],NCBI_eUtils
rs2282893,SP4,,7,21462455,,[],NCBI_eUtils
rs17144460,SP4,,7,21463501,,[],NCBI_eUtils
rs17144483,SP4,,7,21470127,,[],NCBI_eUtils
rs17144483,MIR1183,,7,21470127,,[],NCBI_eUtils
rs2282896,SP4,,7,21473104,,[],NCBI_eUtils
rs17144497,SP4,,7,21483112,,[],NCBI_eUtils
rs10241028,SP4,,7,21483519,,[],NCBI_eUtils
rs7811417,SP4,,7,21494534,,[],NCBI_eUtils
rs6461569,SP4,,7,21496158,,[],NCBI_eUtils
rs7811539,SP4,,7,21496353,,[],NCBI_eUtils
rs10238881,SP4,,7,21496959,,[],NCBI_eUtils
rs2282901,SP4,,7,21501067,,[],NCBI_eUtils
rs11508471,SP4,,7,21501354,,[],NCBI_eUtils
rs2390538,SP4,,7,21503273,,[],NCBI_eUtils
rs17144546,SP4,,7,21508761,,[],NCBI_eUtils
rs1018954,SP4,,7,21510273,,[],NCBI_eUtils
rs3735440,SP4,,7,21511452,,[],NCBI_eUtils
rs2285941,SP4,,7,21514003,,[],NCBI_eUtils
rs7212099,SP6,,17,47848524,,[],NCBI_eUtils
rs16948835,SP6,,17,47855799,,[],NCBI_eUtils
rs10747667,SP7,,12,53329584,,[],NCBI_eUtils
rs2016266,SP7,,12,53334171,,[],NCBI_eUtils
rs10783573,SP7,,12,53334585,,[],NCBI_eUtils
rs3856434,SP9,,2,174335167,,[],NCBI_eUtils
rs3856434,LOC102724194,,2,174335167,,[],NCBI_eUtils
rs6719211,SRBD1,,2,45389962,,[],NCBI_eUtils
rs3770241,SRBD1,,2,45394488,,[],NCBI_eUtils
rs7581815,SRBD1,,2,45402561,,[],NCBI_eUtils
rs7557300,SRBD1,,2,45408174,,[],NCBI_eUtils
rs3755072,SRBD1,,2,45413195,,[],NCBI_eUtils
rs3770248,SRBD1,,2,45434447,,[],NCBI_eUtils
rs3770249,SRBD1,,2,45434448,,[],NCBI_eUtils
rs7593154,SRBD1,,2,45435744,,[],NCBI_eUtils
rs3755076,SRBD1,,2,45442210,,[],NCBI_eUtils
rs6738398,SRBD1,,2,45446755,,[],NCBI_eUtils
rs2193836,SRBD1,,2,45448545,,[],NCBI_eUtils
rs3770266,SRBD1,,2,45461082,,[],NCBI_eUtils
rs13400867,SRBD1,,2,45467936,,[],NCBI_eUtils
rs17033715,SRBD1,,2,45472931,,[],NCBI_eUtils
rs3770272,SRBD1,,2,45487416,,[],NCBI_eUtils
rs3770273,SRBD1,,2,45490022,,[],NCBI_eUtils
rs17033745,SRBD1,,2,45493519,,[],NCBI_eUtils
rs17322370,SRBD1,,2,45511906,,[],NCBI_eUtils
rs12712944,SRBD1,,2,45513769,,[],NCBI_eUtils
rs4140775,SRBD1,,2,45518592,,[],NCBI_eUtils
rs7573215,SRBD1,,2,45525001,,[],NCBI_eUtils
rs2112040,SRBD1,,2,45525075,,[],NCBI_eUtils
rs3770283,SRBD1,,2,45530350,,[],NCBI_eUtils
rs13430952,SRBD1,,2,45538018,,[],NCBI_eUtils
rs755652,SRBD1,,2,45542832,,[],NCBI_eUtils
rs3770292,SRBD1,,2,45543593,,[],NCBI_eUtils
rs2217870,SRBD1,,2,45569342,,[],NCBI_eUtils
rs6544836,SRBD1,,2,45588852,,[],NCBI_eUtils
rs718731,SRBD1,,2,45604398,,[],NCBI_eUtils
rs7591446,SRBD1,,2,45606937,,[],NCBI_eUtils
rs7599740,SRBD1,,2,45609642,,[],NCBI_eUtils
rs11884064,SRBD1,,2,45609914,,[],NCBI_eUtils
rs12953299,SREBF1,,17,17823334,,[],NCBI_eUtils
rs9899634,SREBF1,,17,17824629,,[],NCBI_eUtils
rs9902941,SREBF1,,17,17830446,,[],NCBI_eUtils
rs1889018,SREBF1,,17,17831426,,[],NCBI_eUtils
rs11652861,SREBF1,,17,17836034,,[],NCBI_eUtils
rs1053005,STAT3,,17,42313892,,[],NCBI_eUtils
rs3744483,STAT3,,17,42314420,,[],NCBI_eUtils
rs34460718,STAT3,,17,42326118,,[],NCBI_eUtils
rs10153241,STAT3,,17,42341319,,[],NCBI_eUtils
rs8069645,STAT3,,17,42342884,,[],NCBI_eUtils
rs3816769,STAT3,,17,42346255,,[],NCBI_eUtils
rs6503695,STAT3,,17,42347515,,[],NCBI_eUtils
rs744166,STAT3,,17,42362183,,[],NCBI_eUtils
rs1026916,STAT3,,17,42377817,,[],NCBI_eUtils
rs4796791,STAT3,,17,42378745,,[],NCBI_eUtils
rs8067443,STAT5A,,17,42289801,,[],NCBI_eUtils
rs8067443,STAT5B,,17,42289801,,[],NCBI_eUtils
rs7217728,STAT5A,,17,42295383,,[],NCBI_eUtils
rs7217884,STAT5A,,17,42295482,,[],NCBI_eUtils
rs2293158,STAT5A,,17,42295540,,[],NCBI_eUtils
rs12453256,STAT5A,,17,42297344,,[],NCBI_eUtils
rs8072785,STAT5A,,17,42299625,,[],NCBI_eUtils
rs9906989,STAT5A,,17,42303828,,[],NCBI_eUtils
rs2293154,STAT5A,,17,42308985,,[],NCBI_eUtils
rs12601982,STAT5A,,17,42309656,,[],NCBI_eUtils
rs3198502,STAT5A,,17,42310976,,[],NCBI_eUtils
rs3745486,TBC1D17,,19,49880379,,[],NCBI_eUtils
rs746738,TBC1D17,,19,49883083,,[],NCBI_eUtils
rs746738,LOC124904743,,19,49883083,,[],NCBI_eUtils
rs34814003,TBC1D17,,19,49888505,,[],NCBI_eUtils
rs34814003,MIR4750,,19,49888505,,[],NCBI_eUtils
rs34814003,LOC124904743,,19,49888505,,[],NCBI_eUtils
rs11264176,TFAP2E,,1,35573398,,[],NCBI_eUtils
rs11264176,TFAP2E-AS1,,1,35573398,,[],NCBI_eUtils
rs728598,TFAP2E,,1,35594892,,[],NCBI_eUtils
rs12011849,TFE3,,X,49037029,,[],NCBI_eUtils
rs17241507,TFEC,,7,115938050,,[],NCBI_eUtils
rs10229962,TFEC,,7,115938070,,[],NCBI_eUtils
rs17241584,TFEC,,7,115938387,,[],NCBI_eUtils
rs10281257,TFEC,,7,115960902,,[],NCBI_eUtils
rs11767053,TFEC,,7,115979244,,[],NCBI_eUtils
rs13222870,TFEC,,7,115982507,,[],NCBI_eUtils
rs10238185,TFEC,,7,115997972,,[],NCBI_eUtils
rs17138238,TFEC,,7,116013944,,[],NCBI_eUtils
rs6946453,TFEC,,7,116015632,,[],NCBI_eUtils
rs1554630,TFEC,,7,116015924,,[],NCBI_eUtils
rs10258989,TFEC,,7,116025634,,[],NCBI_eUtils
rs6972100,TFEC,,7,116025879,,[],NCBI_eUtils
rs7793323,TFEC,,7,116027173,,[],NCBI_eUtils
rs7229546,TGIF1,,18,3414010,,[],NCBI_eUtils
rs12457997,TGIF1,,18,3415833,,[],NCBI_eUtils
rs8082866,TGIF1,,18,3425213,,[],NCBI_eUtils
rs8082964,TGIF1,,18,3426589,,[],NCBI_eUtils
rs1020301,TGIF1,,18,3426726,,[],NCBI_eUtils
rs1962914,TGIF1,,18,3426900,,[],NCBI_eUtils
rs7230159,TGIF1,,18,3438350,,[],NCBI_eUtils
rs4798094,TGIF1,,18,3438825,,[],NCBI_eUtils
rs16973789,TGIF1,,18,3445828,,[],NCBI_eUtils
rs2020436,TGIF1,,18,3448764,,[],NCBI_eUtils
rs2020436,LOC124904237,,18,3448764,,[],NCBI_eUtils
rs238135,TGIF1,,18,3448981,,[],NCBI_eUtils
rs238135,LOC124904237,,18,3448981,,[],NCBI_eUtils
rs881835,TGIF1,,18,3449312,,[],NCBI_eUtils
rs881835,LOC124904237,,18,3449312,,[],NCBI_eUtils
rs238533,TGIF1,,18,3451764,,[],NCBI_eUtils
rs238533,LOC124904237,,18,3451764,,[],NCBI_eUtils
rs2238536,TGIF1,,18,3452980,,[],NCBI_eUtils
rs11571512,TGIF1,,18,3457599,,[],NCBI_eUtils
rs2229333,TGIF1,,18,3457609,,[],NCBI_eUtils
rs11906692,TGIF2,,20,36577955,,[],NCBI_eUtils
rs11906692,TGIF2-RAB5IF,,20,36577955,,[],NCBI_eUtils
rs2234085,TGIF2,,20,36578696,,[],NCBI_eUtils
rs2234085,TGIF2-RAB5IF,,20,36578696,,[],NCBI_eUtils
rs6016004,TGIF2,,20,36592755,,[],NCBI_eUtils
rs6016004,TGIF2-RAB5IF,,20,36592755,,[],NCBI_eUtils
rs12127219,THAP3,,1,6625791,,[],NCBI_eUtils
rs11122109,THAP3,,1,6628298,,[],NCBI_eUtils
rs12079872,THAP3,,1,6629764,,[],NCBI_eUtils
rs12075860,THAP3,,1,6633353,,[],NCBI_eUtils
rs12727844,DNAJC11,,1,6634147,,[],NCBI_eUtils
rs12727844,THAP3,,1,6634147,,[],NCBI_eUtils
rs1043681,DNAJC11,,1,6635063,,[],NCBI_eUtils
rs1043681,THAP3,,1,6635063,,[],NCBI_eUtils
rs10523,DNAJC11,,1,6635184,,[],NCBI_eUtils
rs10523,THAP3,,1,6635184,,[],NCBI_eUtils
rs3810449,THAP8,,19,36040011,,[],NCBI_eUtils
rs3810449,LOC101927572,,19,36040011,,[],NCBI_eUtils
rs1009381,THAP8,,19,36047057,,[],NCBI_eUtils
rs1009381,LOC101927572,,19,36047057,,[],NCBI_eUtils
rs7245415,THAP8,,19,36049736,,[],NCBI_eUtils
rs7245415,LOC101927572,,19,36049736,,[],NCBI_eUtils
rs16941775,TMEM116,,12,111931530,,[],NCBI_eUtils
rs3752630,TMEM116,,12,111938186,,[],NCBI_eUtils
rs11066119,TMEM116,,12,111996700,,[],NCBI_eUtils
rs7307862,TMEM116,,12,111999710,,[],NCBI_eUtils
rs16941804,TMEM116,,12,112003194,,[],NCBI_eUtils
rs9915248,TOM1L2,,17,17844200,,[],NCBI_eUtils
rs1052299,TOM1L2,,17,17847105,,[],NCBI_eUtils
rs7501812,TOM1L2,,17,17847593,,[],NCBI_eUtils
rs8079321,TOM1L2,,17,17857475,,[],NCBI_eUtils
rs11078401,TOM1L2,,17,17866138,,[],NCBI_eUtils
rs9907246,TOM1L2,,17,17867651,,[],NCBI_eUtils
rs950966,TOM1L2,,17,17880434,,[],NCBI_eUtils
rs2274893,TOM1L2,,17,17885030,,[],NCBI_eUtils
rs16960751,TOM1L2,,17,17899689,,[],NCBI_eUtils
rs11078406,TOM1L2,,17,17937509,,[],NCBI_eUtils
rs16960767,TOM1L2,,17,17940758,,[],NCBI_eUtils
rs4257260,TOM1L2,,17,17953689,,[],NCBI_eUtils
rs10048206,TOM1L2,,17,17963583,,[],NCBI_eUtils
rs6502629,TOM1L2,,17,17966328,,[],NCBI_eUtils
rs9909732,TOP3A,,17,18278278,,[],NCBI_eUtils
rs4925159,TOP3A,,17,18282196,,[],NCBI_eUtils
rs2294914,TOP3A,,17,18285570,,[],NCBI_eUtils
rs7207123,TOP3A,,17,18305230,,[],NCBI_eUtils
rs7636839,TP63,,3,189639152,,[],NCBI_eUtils
rs9830662,TP63,,3,189657905,,[],NCBI_eUtils
rs1920273,TP63,,3,189661704,,[],NCBI_eUtils
rs10937405,TP63,,3,189665394,,[],NCBI_eUtils
rs4600802,TP63,,3,189665641,,[],NCBI_eUtils
rs1920280,TP63,,3,189671837,,[],NCBI_eUtils
rs9812619,TP63,,3,189674034,,[],NCBI_eUtils
rs7649341,TP63,,3,189676583,,[],NCBI_eUtils
rs13097576,TP63,,3,189677891,,[],NCBI_eUtils
rs2378510,TP63,,3,189682493,,[],NCBI_eUtils
rs2889918,TP63,,3,189691407,,[],NCBI_eUtils
rs7618742,TP63,,3,189691552,,[],NCBI_eUtils
rs17445954,TP63,,3,189694041,,[],NCBI_eUtils
rs1920238,TP63,,3,189698326,,[],NCBI_eUtils
rs10513840,TP63,,3,189699419,,[],NCBI_eUtils
rs4575879,TP63,,3,189703530,,[],NCBI_eUtils
rs9839197,TP63,,3,189706845,,[],NCBI_eUtils
rs11915751,TP63,,3,189714643,,[],NCBI_eUtils
rs13095039,TP63,,3,189717410,,[],NCBI_eUtils
rs9815203,TP63,,3,189720005,,[],NCBI_eUtils
rs4687090,TP63,,3,189721190,,[],NCBI_eUtils
rs11711203,TP63,,3,189723453,,[],NCBI_eUtils
rs9942139,TP63,,3,189725773,,[],NCBI_eUtils
rs4687091,TP63,,3,189730756,,[],NCBI_eUtils
rs4607088,TP63,,3,189733501,,[],NCBI_eUtils
rs6777607,TP63,,3,189735693,,[],NCBI_eUtils
rs6800495,TP63,,3,189739885,,[],NCBI_eUtils
rs6779677,TP63,,3,189741315,,[],NCBI_eUtils
rs6444395,TP63,,3,189744803,,[],NCBI_eUtils
rs6794551,TP63,,3,189753850,,[],NCBI_eUtils
rs9851375,TP63,,3,189756440,,[],NCBI_eUtils
rs6797860,TP63,,3,189763775,,[],NCBI_eUtils
rs9871604,TP63,,3,189765860,,[],NCBI_eUtils
rs11708278,TP63,,3,189766719,,[],NCBI_eUtils
rs9824061,TP63,,3,189772061,,[],NCBI_eUtils
rs9830137,TP63,,3,189773587,,[],NCBI_eUtils
rs12630584,TP63,,3,189781020,,[],NCBI_eUtils
rs17505775,TP63,,3,189781039,,[],NCBI_eUtils
rs7650285,TP63,,3,189782278,,[],NCBI_eUtils
rs9849766,TP63,,3,189782524,,[],NCBI_eUtils
rs13321831,TP63,,3,189786702,,[],NCBI_eUtils
rs1464117,TP63,,3,189788742,,[],NCBI_eUtils
rs9854771,TP63,,3,189790682,,[],NCBI_eUtils
rs1515495,TP63,,3,189796258,,[],NCBI_eUtils
rs10513843,TP63,,3,189797714,,[],NCBI_eUtils
rs7619549,TP63,,3,189804469,,[],NCBI_eUtils
rs7624774,TP63,,3,189809388,,[],NCBI_eUtils
rs4687094,TP63,,3,189811063,,[],NCBI_eUtils
rs16864809,TP63,,3,189812180,,[],NCBI_eUtils
rs16864811,TP63,,3,189812945,,[],NCBI_eUtils
rs13075375,TP63,,3,189816794,,[],NCBI_eUtils
rs11720810,TP63,,3,189816832,,[],NCBI_eUtils
rs9881595,TP63,,3,189818871,,[],NCBI_eUtils
rs9879356,TP63,,3,189821531,,[],NCBI_eUtils
rs17447411,TP63,,3,189830672,,[],NCBI_eUtils
rs2037128,TP63,,3,189831073,,[],NCBI_eUtils
rs17447439,TP63,,3,189831634,,[],NCBI_eUtils
rs7616437,TP63,,3,189833631,,[],NCBI_eUtils
rs7619556,TP63,,3,189834582,,[],NCBI_eUtils
rs17447607,TP63,,3,189835498,,[],NCBI_eUtils
rs2138244,TP63,,3,189841968,,[],NCBI_eUtils
rs13326685,TP63,,3,189842828,,[],NCBI_eUtils
rs9817981,TP63,,3,189845741,,[],NCBI_eUtils
rs7624251,TP63,,3,189847900,,[],NCBI_eUtils
rs11719667,TP63,,3,189854879,,[],NCBI_eUtils
rs16864857,TP63,,3,189860764,,[],NCBI_eUtils
rs17448036,TP63,,3,189861722,,[],NCBI_eUtils
rs6790791,TP63,,3,189862631,,[],NCBI_eUtils
rs3773926,TP63,,3,189865509,,[],NCBI_eUtils
rs3773928,TP63,,3,189865916,,[],NCBI_eUtils
rs1399773,TP63,,3,189868241,,[],NCBI_eUtils
rs6789961,TP63,,3,189869302,,[],NCBI_eUtils
rs6790167,TP63,,3,189869485,,[],NCBI_eUtils
rs1515489,TP63,,3,189870587,,[],NCBI_eUtils
rs9812089,TP63,,3,189874413,,[],NCBI_eUtils
rs9290907,TP63,,3,189878270,,[],NCBI_eUtils
rs12107036,TP63,,3,189882371,,[],NCBI_eUtils
rs1554131,TP63,,3,189886360,,[],NCBI_eUtils
rs9681004,TP63,,3,189893405,,[],NCBI_eUtils
rs3813769,TRPV2,,17,16415618,,[],NCBI_eUtils
rs8079271,TRPV2,,17,16419050,,[],NCBI_eUtils
rs8121,TRPV2,,17,16422654,,[],NCBI_eUtils
rs4792742,TRPV2,,17,16428506,,[],NCBI_eUtils
rs139999,TXN2,,22,36467328,,[],NCBI_eUtils
rs12159290,TXN2,,22,36469557,,[],NCBI_eUtils
rs9622400,TXN2,,22,36472841,,[],NCBI_eUtils
rs5756202,TXN2,,22,36474798,,[],NCBI_eUtils
rs2281082,TXN2,,22,36476703,,[],NCBI_eUtils
rs11543359,UBXN1,,11,62678549,,[],NCBI_eUtils
rs118943,ULK2,,17,19773378,,[],NCBI_eUtils
rs205107,ULK2,,17,19775162,,[],NCBI_eUtils
rs17794370,ULK2,,17,19794663,,[],NCBI_eUtils
rs157386,ULK2,,17,19795808,,[],NCBI_eUtils
rs157395,ULK2,,17,19820842,,[],NCBI_eUtils
rs9914597,ULK2,,17,19850236,,[],NCBI_eUtils
rs3737787,USF1,,1,161039733,,[],NCBI_eUtils
rs3737787,TSTD1,,1,161039733,,[],NCBI_eUtils
rs2073658,USF1,,1,161040972,,[],NCBI_eUtils
rs2073653,USF1,,1,161042970,,[],NCBI_eUtils
rs2516837,USF1,,1,161044937,,[],NCBI_eUtils
rs17181981,USF1,,1,161045478,,[],NCBI_eUtils
rs12070248,USF1,,1,161045921,,[],NCBI_eUtils
rs10405246,USF2,,19,35278046,,[],NCBI_eUtils
rs1044414,USP22,,17,21001138,,[],NCBI_eUtils
rs9911289,USP22,,17,21005732,,[],NCBI_eUtils
rs4985959,USP22,,17,21007521,,[],NCBI_eUtils
rs11541311,USP22,,17,21007891,,[],NCBI_eUtils
rs11867648,USP22,,17,21008597,,[],NCBI_eUtils
rs9909279,USP22,,17,21010843,,[],NCBI_eUtils
rs716959,USP22,,17,21013277,,[],NCBI_eUtils
rs719094,USP22,,17,21013484,,[],NCBI_eUtils
rs984007,USP22,,17,21018955,,[],NCBI_eUtils
rs2291037,USP22,,17,21021210,,[],NCBI_eUtils
rs3771403,VAX2,,2,70903264,,[],NCBI_eUtils
rs3771395,VAX2,,2,70905884,,[],NCBI_eUtils
rs6758537,VAX2,,2,70908903,,[],NCBI_eUtils
rs17006519,VAX2,,2,70911146,,[],NCBI_eUtils
rs11681519,VAX2,,2,70911555,,[],NCBI_eUtils
rs7584322,VAX2,,2,70913830,,[],NCBI_eUtils
rs3771391,VAX2,,2,70918513,,[],NCBI_eUtils
rs6748268,VAX2,,2,70925720,,[],NCBI_eUtils
rs3771389,VAX2,,2,70926024,,[],NCBI_eUtils
rs2234500,VAX2,,2,70933092,,[],NCBI_eUtils
rs1476892,YKT6,,7,44204354,,[],NCBI_eUtils
rs2072439,YKT6,,7,44211227,,[],NCBI_eUtils
rs11214860,ZBTB16,,11,114065744,,[],NCBI_eUtils
rs2852789,ZBTB16,,11,114066392,,[],NCBI_eUtils
rs1784684,ZBTB16,,11,114068817,,[],NCBI_eUtils
rs3018331,ZBTB16,,11,114069747,,[],NCBI_eUtils
rs1672692,ZBTB16,,11,114074887,,[],NCBI_eUtils
rs7113940,ZBTB16,,11,114078409,,[],NCBI_eUtils
rs1784692,ZBTB16,,11,114078510,,[],NCBI_eUtils
rs10891628,ZBTB16,,11,114080928,,[],NCBI_eUtils
rs11214863,ZBTB16,,11,114081266,,[],NCBI_eUtils
rs2735201,ZBTB16,,11,114082115,,[],NCBI_eUtils
rs1791807,ZBTB16,,11,114083512,,[],NCBI_eUtils
rs2846630,ZBTB16,,11,114086475,,[],NCBI_eUtils
rs12290032,ZBTB16,,11,114089908,,[],NCBI_eUtils
rs238940,ZBTB16,,11,114092901,,[],NCBI_eUtils
rs7930788,ZBTB16,,11,114096295,,[],NCBI_eUtils
rs238930,ZBTB16,,11,114101626,,[],NCBI_eUtils
rs238929,ZBTB16,,11,114101717,,[],NCBI_eUtils
rs238928,ZBTB16,,11,114102462,,[],NCBI_eUtils
rs2852792,ZBTB16,,11,114103378,,[],NCBI_eUtils
rs238925,ZBTB16,,11,114104625,,[],NCBI_eUtils
rs238920,ZBTB16,,11,114107777,,[],NCBI_eUtils
rs17116384,ZBTB16,,11,114110519,,[],NCBI_eUtils
rs2073846,ZBTB16,,11,114113595,,[],NCBI_eUtils
rs238913,ZBTB16,,11,114113767,,[],NCBI_eUtils
rs2073844,ZBTB16,,11,114114253,,[],NCBI_eUtils
rs238911,ZBTB16,,11,114115440,,[],NCBI_eUtils
rs1630468,ZBTB16,,11,114116534,,[],NCBI_eUtils
rs238896,ZBTB16,,11,114123783,,[],NCBI_eUtils
rs2735207,ZBTB16,,11,114126953,,[],NCBI_eUtils
rs7116229,ZBTB16,,11,114127685,,[],NCBI_eUtils
rs17116453,ZBTB16,,11,114129635,,[],NCBI_eUtils
rs17116456,ZBTB16,,11,114129747,,[],NCBI_eUtils
rs926075,ZBTB16,,11,114130005,,[],NCBI_eUtils
rs909168,ZBTB16,,11,114134491,,[],NCBI_eUtils
rs717676,ZBTB16,,11,114136991,,[],NCBI_eUtils
rs2250728,ZBTB16,,11,114138101,,[],NCBI_eUtils
rs2250721,ZBTB16,,11,114138212,,[],NCBI_eUtils
rs4936290,ZBTB16,,11,114138533,,[],NCBI_eUtils
rs10488695,ZBTB16,,11,114142369,,[],NCBI_eUtils
rs595641,ZBTB16,,11,114147031,,[],NCBI_eUtils
rs7950485,ZBTB16,,11,114152014,,[],NCBI_eUtils
rs12293744,ZBTB16,,11,114152294,,[],NCBI_eUtils
rs485550,ZBTB16,,11,114153142,,[],NCBI_eUtils
rs681200,ZBTB16,,11,114154026,,[],NCBI_eUtils
rs511571,ZBTB16,,11,114155467,,[],NCBI_eUtils
rs17116545,ZBTB16,,11,114156555,,[],NCBI_eUtils
rs665731,ZBTB16,,11,114161762,,[],NCBI_eUtils
rs7929883,ZBTB16,,11,114163016,,[],NCBI_eUtils
rs1184748,ZBTB16,,11,114166339,,[],NCBI_eUtils
rs12275428,ZBTB16,,11,114166848,,[],NCBI_eUtils
rs660800,ZBTB16,,11,114169788,,[],NCBI_eUtils
rs585287,ZBTB16,,11,114173717,,[],NCBI_eUtils
rs500629,ZBTB16,,11,114174838,,[],NCBI_eUtils
rs661223,ZBTB16,,11,114175018,,[],NCBI_eUtils
rs545884,ZBTB16,,11,114180311,,[],NCBI_eUtils
rs2073848,ZBTB16,,11,114181182,,[],NCBI_eUtils
rs2852796,ZBTB16,,11,114183046,,[],NCBI_eUtils
rs620095,ZBTB16,,11,114190504,,[],NCBI_eUtils
rs589916,ZBTB16,,11,114192640,,[],NCBI_eUtils
rs670728,ZBTB16,,11,114194011,,[],NCBI_eUtils
rs7106340,ZBTB16,,11,114195778,,[],NCBI_eUtils
rs526497,ZBTB16,,11,114200565,,[],NCBI_eUtils
rs655988,ZBTB16,,11,114201643,,[],NCBI_eUtils
rs3782000,ZBTB16,,11,114202153,,[],NCBI_eUtils
rs627858,ZBTB16,,11,114203309,,[],NCBI_eUtils
rs583647,ZBTB16,,11,114203959,,[],NCBI_eUtils
rs583200,ZBTB16,,11,114204034,,[],NCBI_eUtils
rs12273315,ZBTB16,,11,114206213,,[],NCBI_eUtils
rs677379,ZBTB16,,11,114207091,,[],NCBI_eUtils
rs527392,ZBTB16,,11,114207218,,[],NCBI_eUtils
rs656269,ZBTB16,,11,114208991,,[],NCBI_eUtils
rs405388,ZBTB16,,11,114210549,,[],NCBI_eUtils
rs549427,ZBTB16,,11,114214137,,[],NCBI_eUtils
rs495248,ZBTB16,,11,114215695,,[],NCBI_eUtils
rs672455,ZBTB16,,11,114216225,,[],NCBI_eUtils
rs545638,ZBTB16,,11,114216631,,[],NCBI_eUtils
rs397461,ZBTB16,,11,114216745,,[],NCBI_eUtils
rs3781998,ZBTB16,,11,114218509,,[],NCBI_eUtils
rs404426,ZBTB16,,11,114221239,,[],NCBI_eUtils
rs398055,ZBTB16,,11,114221819,,[],NCBI_eUtils
rs573264,ZBTB16,,11,114221860,,[],NCBI_eUtils
rs400920,ZBTB16,,11,114222153,,[],NCBI_eUtils
rs403104,ZBTB16,,11,114223661,,[],NCBI_eUtils
rs503834,ZBTB16,,11,114224892,,[],NCBI_eUtils
rs394800,ZBTB16,,11,114228080,,[],NCBI_eUtils
rs575707,ZBTB16,,11,114229577,,[],NCBI_eUtils
rs370634,ZBTB16,,11,114230987,,[],NCBI_eUtils
rs595168,ZBTB16,,11,114231443,,[],NCBI_eUtils
rs3825043,ZBTB16,,11,114234269,,[],NCBI_eUtils
rs402311,ZBTB16,,11,114234905,,[],NCBI_eUtils
rs630998,ZBTB16,,11,114235994,,[],NCBI_eUtils
rs646721,ZBTB16,,11,114236451,,[],NCBI_eUtils
rs420234,ZBTB16,,11,114237244,,[],NCBI_eUtils
rs387301,ZBTB16,,11,114241291,,[],NCBI_eUtils
rs10128580,ZBTB16,,11,114244576,,[],NCBI_eUtils
rs2856244,ZBTB16,,11,114244919,,[],NCBI_eUtils
rs530532,ZBTB16,,11,114250052,,[],NCBI_eUtils
rs10985820,ZBTB6,,9,122909691,,[],NCBI_eUtils
rs16912318,ZBTB6,,9,122910047,,[],NCBI_eUtils
rs2239539,ZBTB6,,9,122913280,,[],NCBI_eUtils
rs1147322,ZBTB6,,9,122913322,,[],NCBI_eUtils
rs10412825,ZBTB7A,,19,4045964,,[],NCBI_eUtils
rs10221509,ZBTB7A,,19,4049552,,[],NCBI_eUtils
rs895331,ZBTB7A,,19,4060224,,[],NCBI_eUtils
rs10271373,ZC3HAV1,,7,139045049,,[],NCBI_eUtils
rs10271373,MIR10399,,7,139045049,,[],NCBI_eUtils
rs1044551,ZC3HAV1,,7,139045279,,[],NCBI_eUtils
rs1044551,MIR10399,,7,139045279,,[],NCBI_eUtils
rs7803490,ZC3HAV1,,7,139045615,,[],NCBI_eUtils
rs7803490,MIR10399,,7,139045615,,[],NCBI_eUtils
rs3187141,ZC3HAV1,,7,139046597,,[],NCBI_eUtils
rs5022943,ZC3HAV1,,7,139047361,,[],NCBI_eUtils
rs3735008,ZC3HAV1,,7,139047711,,[],NCBI_eUtils
rs10273974,ZC3HAV1,,7,139050766,,[],NCBI_eUtils
rs17133444,ZC3HAV1,,7,139058029,,[],NCBI_eUtils
rs17133451,ZC3HAV1,,7,139058235,,[],NCBI_eUtils
rs7779972,ZC3HAV1,,7,139062006,,[],NCBI_eUtils
rs10245660,ZC3HAV1,,7,139072518,,[],NCBI_eUtils
rs12672266,ZC3HAV1,,7,139074246,,[],NCBI_eUtils
rs2236423,ZC3HAV1,,7,139078908,,[],NCBI_eUtils
rs2236426,ZC3HAV1,,7,139079487,,[],NCBI_eUtils
rs9690859,ZC3HAV1,,7,139085669,,[],NCBI_eUtils
rs12535022,ZC3HAV1,,7,139087159,,[],NCBI_eUtils
rs6467822,ZC3HAV1,,7,139088265,,[],NCBI_eUtils
rs7801123,ZC3HAV1,,7,139093858,,[],NCBI_eUtils
rs4728461,ZC3HAV1,,7,139096676,,[],NCBI_eUtils
rs4732354,ZC3HAV1,,7,139107793,,[],NCBI_eUtils
rs4732356,ZC3HAV1,,7,139108381,,[],NCBI_eUtils
rs3825065,ZDHHC24,,11,66543540,,[],NCBI_eUtils
rs11227527,ACTN3,,11,66545555,,[],NCBI_eUtils
rs11227527,ZDHHC24,,11,66545555,,[],NCBI_eUtils
rs2520330,ZFX,,X,24161289,,[],NCBI_eUtils
rs2704845,ZFX,,X,24167568,,[],NCBI_eUtils
rs5949209,ZFX,,X,24170533,,[],NCBI_eUtils
rs2520325,ZFX,,X,24171905,,[],NCBI_eUtils
rs2704824,ZFX,,X,24190892,,[],NCBI_eUtils
rs16982914,ZFX,,X,24192474,,[],NCBI_eUtils
rs2238927,ZFX,,X,24201921,,[],NCBI_eUtils
rs5949242,ZFX,,X,24213641,,[],NCBI_eUtils
rs5990039,ZFX,,X,24215242,,[],NCBI_eUtils
rs5949212,ZFX,,X,24215372,,[],NCBI_eUtils
rs12387258,ZIC3,,X,137570111,,[],NCBI_eUtils
rs4679372,ZNF148,,3,125229708,,[],NCBI_eUtils
rs1053738,ZNF148,,3,125232977,,[],NCBI_eUtils
rs2011442,ZNF148,,3,125240990,,[],NCBI_eUtils
rs9858110,ZNF148,,3,125245070,,[],NCBI_eUtils
rs11709450,ZNF148,,3,125248469,,[],NCBI_eUtils
rs9862499,ZNF148,,3,125260560,,[],NCBI_eUtils
rs17264366,ZNF148,,3,125260941,,[],NCBI_eUtils
rs7638240,ZNF148,,3,125270550,,[],NCBI_eUtils
rs10512647,ZNF148,,3,125335525,,[],NCBI_eUtils
rs4508729,ZNF148,,3,125351901,,[],NCBI_eUtils
rs7609684,ZNF148,,3,125356169,,[],NCBI_eUtils
rs13074986,ZNF148,,3,125360677,,[],NCBI_eUtils
rs16959820,ZNF287,,17,16550593,,[],NCBI_eUtils
rs10491106,ZNF287,,17,16551597,,[],NCBI_eUtils
rs7224723,ZNF287,,17,16553300,,[],NCBI_eUtils
rs7214389,ZNF287,,17,16557655,,[],NCBI_eUtils
rs7212777,ZNF287,,17,16561461,,[],NCBI_eUtils
rs8013446,ZNF410,,14,73892791,,[],NCBI_eUtils
rs2302136,ZNF410,,14,73909253,,[],NCBI_eUtils
rs7157730,ZNF410,,14,73911499,,[],NCBI_eUtils
rs3177095,ZNF410,,14,73922205,,[],NCBI_eUtils
rs3177095,FAM161B,,14,73922205,,[],NCBI_eUtils
rs9906261,ZNF624,,17,16621615,,[],NCBI_eUtils
rs8065506,ZNF624,,17,16624481,,[],NCBI_eUtils
rs6502516,ZNF624,,17,16627825,,[],NCBI_eUtils
rs16959888,ZNF624,,17,16633893,,[],NCBI_eUtils
rs9911677,ZNF624,,17,16634083,,[],NCBI_eUtils
rs11871369,ZNF624,,17,16638902,,[],NCBI_eUtils
rs7218241,ZNF624,,17,16647503,,[],NCBI_eUtils
rs3814777,CSAD,,12,53181775,,[],NCBI_eUtils
rs3814777,ZNF740,,12,53181775,,[],NCBI_eUtils
rs11170457,CSAD,,12,53183103,,[],NCBI_eUtils
rs11170457,ZNF740,,12,53183103,,[],NCBI_eUtils
rs12819299,ZNF740,,12,53185781,,[],NCBI_eUtils
rs2272298,ZNF740,,12,53188711,,[],NCBI_eUtils
rs10491104,ZSWIM7,,17,15981247,,[],NCBI_eUtils
rs8070859,ZSWIM7,,17,15984475,,[],NCBI_eUtils
rs7211756,ZSWIM7,,17,15996361,,[],NCBI_eUtils
