rs_ID,M0110,M0119,M0150,M0175,M0262,M0264,M0320,M0681,M0745,M0663,M0761,M0109,M0317,M0466
rs2878960,TT,TC,TT,TC,TC,TC,TC,TT,CC,TT,TT,TC,TC,CC
rs2300461,CC,CC,CC,CC,CC,CC,CC,CC,CC,CC,CC,TC,TC,TC
rs7315465,AA,AA,AA,AG,AG,AA,AG,AA,AG,AA,AA,AA,AA,AG
rs2430683,TT,TT,TT,TG,TG,TT,TG,TT,TG,TT,TT,TT,TT,TG
rs2268405,AA,AA,AA,AA,AA,AA,AA,AA,AA,AA,AA,AG,AG,AG
rs34266,TC,TC,CC,CC,CC,TC,CC,CC,TC,TC,CC,TC,TC,TC
rs16934132,TC,TC,TT,TC,TC,TC,TC,TT,CC,TC,TT,TC,TC,CC
rs7966218,GG,AG,GG,AG,AG,AG,AG,GG,AG,GG,GG,GG,GG,AG
rs7976552,AG,AG,GG,AG,AG,AG,AG,GG,AG,AG,GG,AG,AG,AA
rs34271,GG,GG,GG,AG,AG,AG,AG,AG,AA,GG,GG,AG,AG,AA
rs34274,CC,CC,CC,TC,TC,TC,TC,CC,TT,CC,CC,CC,CC,TC
rs34279,TT,TT,TT,TC,TC,TC,TC,TT,CC,TT,TT,TT,TT,TC
rs34286,CC,CC,CC,TC,TC,TC,TC,CC,TC,CC,CC,CC,CC,TC
rs246092,GG,GG,GG,AG,AG,AG,AG,GG,AA,GG,GG,GG,GG,AG
rs12298635,CC,CC,CC,CC,CC,CC,CC,CC,CC,CC,CC,CC,CC,CC
rs16940029,AA,AA,AA,AA,AA,AA,AA,AA,AG,AA,AA,AA,AA,AA
rs11065772,TC,CC,CC,TC,TC,TC,TC,CC,TC,TC,CC,CC,CC,TC
rs12302686,AG,AA,AA,AA,AA,AA,AA,AA,AA,AG,AA,AA,AA,AA
rs7135947,TC,TT,TC,TC,TT,TC,TT,TC,CC,TC,TC,TC,TC,CC
rs12824299,AA,AA,AA,AA,AA,AA,AA,AC,AA,AA,AA,AC,AC,AC
rs4300440,TC,CC,TC,TC,CC,CC,CC,TC,TC,TC,TC,TC,TC,TT
rs2268393,AG,GG,AG,AG,GG,GG,GG,AG,AG,AG,AG,AG,AG,AA
rs10849926,GG,GG,GG,TG,GG,GG,GG,GG,TG,GG,GG,GG,GG,TG
rs2284691,GG,GG,GG,GG,GG,AG,GG,GG,GG,GG,GG,GG,GG,GG
rs7976245,AG,GG,AG,AG,GG,GG,GG,AG,AG,AG,AG,AG,AG,AA
rs2268389,AA,AA,AA,AA,AA,AA,AG,AA,AA,AA,AA,AA,AA,AA
rs2268388,GG,GG,AG,GG,GG,GG,GG,GG,GG,GG,AG,GG,AG,AG
rs2268387,AG,AG,AG,AG,AG,AG,AA,AG,AA,AG,AG,AG,AG,AA
rs12818314,AG,GG,AG,GG,AG,GG,GG,GG,AG,GG,AG,AG,AG,AA
rs11613784,AG,GG,AG,GG,AG,GG,GG,GG,GG,GG,GG,AG,AG,AA
rs2300453,TT,TG,TG,TT,TG,TT,TT,TT,TT,TT,TT,TG,TG,GG
rs2075258,TC,TC,TC,TT,TC,TT,TC,TT,TT,TT,TT,TC,TC,CC
rs4766584,AG,AG,AA,AA,AG,AG,AA,AA,AA,AA,AG,AG,AG,GG
rs3742027,CC,CC,CC,CC,TC,CC,TC,CC,TC,CC,CC,CC,CC,CC
rs7963249,GG,GG,AA,AG,GG,AA,AG,AG,GG,AG,GG,GG,GG,GG
rs2241220,CC,CC,CC,TC,TC,CC,TC,CC,TT,CC,CC,TC,CC,CC
rs2075259,GG,AG,GG,GG,AG,AG,AG,GG,AG,AG,GG,GG,AG,GG
rs3742023,CC,TC,TT,TC,TC,TC,TC,TT,CC,CC,TC,TC,TC,TT
rs10849968,AC,CC,CC,CC,CC,CC,CC,CC,CC,AC,AC,CC,CC,CC
rs2075263,TT,TC,TT,TT,TC,TC,TC,TT,TC,TC,TT,TT,TC,TT
rs12451481,AA,AA,AA,AA,AA,AA,AA,AA,AA,AA,AA,AA,AA,AA
rs7208859,TT,TT,TT,TT,TT,TT,TT,TT,TT,TC,TT,TC,TT,TC
rs6505219,TT,TT,TT,TT,TT,TT,TT,TT,TT,TG,TT,TG,TT,TG
rs6505222,CC,CC,CC,CC,CC,CC,CC,CC,CC,TC,CC,TC,CC,CC
rs9915181,TC,TC,TC,CC,CC,CC,CC,CC,CC,CC,CC,CC,CC,CC
rs1134142,GG,GG,GG,GG,GG,GG,GG,GG,GG,AG,GG,AG,GG,GG
rs6923091,AA,AA,AA,AA,AA,AA,AA,AA,AA,AA,AA,AA,AA,AA
rs9458136,AG,GG,GG,GG,GG,GG,GG,GG,GG,GG,GG,GG,GG,GG
rs7750650,TT,TT,TT,TT,TT,TT,TT,TT,TT,TT,TT,TT,TT,TT
rs10945713,CC,CC,TC,TC,CC,TC,TC,TC,TC,CC,TC,TT,TC,TT
rs3798225,GG,GG,AG,AG,AG,AA,AG,AG,AA,GG,AG,AA,AG,AA
rs7768457,AG,AG,AA,AG,AG,AA,AA,AG,AA,GG,AG,AA,AG,AA
rs2314190,GG,AG,AG,AA,AA,AA,AG,AA,AA,AA,AA,AA,AA,AA
rs1807426,TG,GG,GG,GG,GG,GG,GG,GG,GG,GG,GG,GG,GG,GG
rs10945718,TC,CC,CC,CC,CC,CC,CC,CC,CC,CC,CC,CC,CC,CC
rs12191615,TC,TC,TC,TT,TT,TT,TC,TT,TT,TT,TT,TT,TT,TT
rs1880367,GG,TG,TG,TT,TT,TT,TG,TT,TT,TT,TT,TT,TT,TT
rs6455707,TC,TC,TC,TT,TT,TT,TC,TT,TT,TT,TT,TT,TT,TT
rs2277091,GG,GG,AG,AG,GG,AG,AG,AG,AG,GG,AG,AA,AG,AA
rs16892215,GG,GG,GG,GG,GG,GG,GG,GG,GG,GG,GG,GG,GG,GG
rs1001421,TC,TC,TC,CC,CC,CC,TC,CC,CC,CC,CC,CC,CC,CC
rs11965825,TC,TC,TC,TT,TT,TT,TC,TT,TT,TT,TT,TT,TT,TT
rs3798920,TC,TT,TT,TT,TT,TT,TT,TC,TT,TT,TT,TT,TT,TT
rs6934457,CC,TC,TC,TT,TT,TT,TC,TC,TT,TT,TT,TT,TT,TT
rs12199314,CC,TC,TC,CC,CC,CC,TC,CC,CC,CC,CC,CC,CC,CC
rs729986,CC,CC,CC,CC,TC,TC,CC,CC,CC,CC,CC,CC,CC,CC
rs7754843,TC,TC,TC,CC,CC,CC,TC,TT,CC,CC,CC,CC,CC,CC
rs12208953,TC,TC,TC,CC,CC,CC,TC,CC,CC,CC,CC,CC,CC,CC
rs1125640,TT,TT,TT,TT,TC,TT,TT,TT,TT,TT,TT,TT,TT,TT
rs3798925,AA,AA,AA,AA,AA,AA,AA,GG,AA,AA,AA,AA,AA,AA
rs12203149,AG,AG,AG,GG,GG,GG,AG,GG,GG,GG,GG,GG,GG,GG
rs746731,AA,AA,AA,AG,AG,AA,AA,AA,AA,AA,AA,AA,AA,AA
rs11756131,AG,AG,GG,GG,AG,GG,AG,AA,AG,AG,AG,GG,AG,GG
rs7769321,AA,AA,AA,AG,AG,AA,AA,AA,AA,AA,AA,AA,AA,AA
rs7770491,CC,CC,CC,CC,CC,CC,CC,CC,CC,CC,CC,CC,CC,CC
rs12204872,TC,TC,TC,CC,CC,CC,CC,CC,CC,TC,CC,CC,CC,CC
rs4709501,AA,AG,AG,GG,AA,AG,AG,AG,GG,AG,GG,GG,GG,GG
rs9456641,TT,TC,TT,TT,TT,TT,TT,TC,TC,TC,TC,TT,TC,TT
rs16892317,CC,CC,CC,CC,CC,CC,CC,CC,CC,CC,CC,CC,CC,CC
rs3778228,TC,CC,CC,CC,CC,TC,CC,TC,CC,CC,CC,CC,CC,CC
rs9458157,AA,AG,AA,AA,AA,AA,AA,AA,AG,AG,AG,AA,AG,AA
rs3778229,TC,TT,TC,CC,TC,TC,TC,CC,TC,TC,TC,CC,TC,CC
rs3798936,GG,GG,GG,GG,GG,GG,GG,GG,GG,GG,GG,GG,AG,GG
rs3798937,AG,AA,AG,AA,AG,AA,AA,AA,AG,AA,AA,AA,AG,AA
rs7738367,TC,TT,TC,CC,TC,TC,TC,CC,TC,TC,TC,CC,TC,CC
rs3798939,GG,AA,GG,GG,GG,AG,AG,GG,GG,AG,AG,GG,GG,GG
rs6455713,AG,AA,AG,AA,AG,AA,AA,AA,AG,AA,AA,AA,AA,AA
rs3757025,GG,GG,GG,GG,AG,GG,GG,GG,AG,GG,GG,GG,AG,GG
rs3798943,TC,CC,CC,TC,TT,CC,TC,TC,TC,TC,CC,CC,TC,CC
rs6911180,TT,TC,CC,CC,TC,TC,TC,CC,TC,TC,TC,CC,TC,CC
rs3757030,GG,AG,AA,AA,AG,AG,AG,AA,AG,AG,AG,AA,AG,AA
rs3757031,TC,TC,CC,CC,TC,TC,TC,CC,TC,TC,TC,CC,TC,CC
rs9458173,AA,AA,AA,AA,AC,AA,AA,AA,AC,AA,AA,AA,AA,AA
rs12662114,CC,CC,CC,CC,TC,CC,CC,CC,TC,CC,CC,CC,CC,CC
rs3823058,AG,GG,GG,GG,GG,GG,GG,GG,GG,GG,GG,GG,GG,GG
rs6926382,TT,TG,GG,GG,TG,TG,TG,GG,TG,TG,TG,GG,TG,GG
rs3798955,GG,GG,GG,GG,AG,GG,GG,GG,AG,GG,GG,GG,GG,GG
rs747866,GG,AG,AA,AA,AG,AG,AG,AA,GG,AG,AG,AA,AG,AG
rs7079,GG,GG,TG,GG,TG,GG,TG,TG,TG,TG,TG,TG,TG,TG
rs5044,AA,AA,AA,AA,AA,AA,AA,AA,AA,AA,AA,AA,AA,AA
rs2478522,CC,CC,CC,CC,CC,CC,CC,CC,CC,CC,CC,CC,CC,CC
rs2478545,AG,AG,AG,AG,GG,AG,GG,GG,AG,AG,GG,AG,GG,AG
rs6687360,TC,TT,TC,TT,TC,TC,CC,CC,TC,TC,TC,TC,CC,TC
rs699,AG,GG,AG,GG,AG,AG,AA,AA,AG,AG,AG,AG,AA,AG
rs11122576,TT,TC,TT,TT,TC,TT,TT,TT,TT,TT,TT,TT,TT,TT
rs2004776,CC,TC,TC,TC,TC,CC,CC,CC,CC,CC,TC,CC,CC,CC
rs3889728,TC,TT,TC,TC,TC,TC,CC,CC,TC,TC,CC,TC,CC,TC
rs2493134,TC,CC,TC,CC,TC,TC,TT,TT,TC,TC,TC,TC,TT,TC
rs2148582,AG,GG,AG,GG,AG,AG,AA,AA,AG,AG,AG,AG,AA,AG
rs11568020,CC,CC,TC,CC,CC,CC,CC,CC,CC,CC,CC,CC,CC,CC
rs203467,CC,CC,CC,CC,CC,TT,CC,CC,TT,CC,TT,CC,CC,CC
rs203462,TT,TT,CC,TT,TT,CC,TT,CC,CC,TT,CC,TT,TT,CC
rs11870360,GG,GG,GG,GG,GG,GG,GG,GG,GG,GG,GG,GG,GG,GG
rs1638526,TT,TT,TT,TT,TT,CC,TT,TT,CC,TT,CC,TT,TT,TT
rs2108978,CC,CC,TT,CC,CC,TT,CC,TT,TT,CC,TT,CC,CC,TT
rs854803,CC,AA,CC,CC,CC,CC,CC,CC,CC,CC,AA,AA,AA,CC
rs4925145,GG,GG,GG,GG,GG,GG,GG,GG,GG,AA,GG,GG,GG,GG
rs4924839,GG,AA,GG,GG,GG,GG,GG,GG,GG,AA,AA,AA,AA,GG
rs17732024,CC,CC,CC,CC,CC,CC,CC,CC,TT,CC,CC,CC,CC,TT
rs1563371,CC,CC,CC,CC,CC,CC,CC,CC,TT,CC,CC,CC,CC,TT
rs1378602,AA,GG,AA,AA,AA,AA,AA,AA,AA,GG,GG,GG,GG,AA
rs3088233,CC,CC,CC,CC,CC,CC,CC,CC,TT,CC,CC,CC,CC,TT
rs4950830,AA,AA,AA,AA,AA,AA,AA,AA,AA,AA,AA,AA,AA,AA
rs16912563,CC,CC,CC,CC,CC,CC,CC,CC,CC,CC,CC,CC,CC,CC
rs7123257,CC,CC,TC,CC,CC,CC,TC,CC,CC,CC,CC,CC,CC,CC
rs7107287,TG,TG,GG,TG,GG,TG,TG,TT,GG,TG,TG,GG,TG,GG
rs10741615,AA,AA,AG,AA,AA,AA,AG,AA,AA,AA,AA,AA,AA,AA
rs12290622,AG,AG,AG,AG,AA,AG,GG,GG,AA,AG,AG,AA,AG,AA
rs7950226,AA,AG,AG,AG,AG,AG,AG,AG,GG,AA,AG,AA,AG,AG
rs7949336,AG,AG,AA,AG,AA,AG,AA,GG,AA,AG,AG,AA,AG,AA
rs4757144,GG,AG,AG,AG,AA,GG,AG,GG,AA,AG,AG,GG,GG,AA
rs4757145,AA,AG,AG,AG,GG,AA,GG,AA,GG,AG,AG,AA,AA,GG
rs10741616,AA,AG,AG,AG,GG,AA,GG,AA,GG,AG,AG,AA,AA,GG
rs7131131,CC,CC,CC,CC,CC,CC,CC,CC,CC,CC,CC,CC,CC,CC
rs7126796,TC,TT,TC,TT,TT,TC,TT,TT,TT,TT,TT,CC,TC,TT
rs895685,CC,CC,CC,CC,CC,CC,CC,CC,CC,CC,CC,CC,CC,CC
rs10766077,AA,AG,AG,AG,GG,AA,GG,AA,GG,AG,AG,AA,AG,GG
rs7924734,AG,AA,AA,AG,AA,AG,AA,GG,AA,AG,AG,AA,AG,AA
rs6486121,CC,TT,CC,TC,TC,CC,TC,CC,TC,TC,TC,TC,TC,TC
rs10832027,GG,AA,GG,AG,AG,GG,AG,GG,AG,AG,AG,AG,AG,AA
rs16912751,TT,TT,TT,TT,TT,TT,TT,TT,TT,TT,TT,TT,TT,TC
rs7937060,CC,TT,CC,TC,TC,CC,TC,CC,TC,CC,TC,TC,TC,TC
rs1562438,TT,CC,TC,TC,CC,TC,TC,TT,TC,TT,TC,TC,TC,CC
rs1562437,CC,CC,TC,CC,TC,TC,CC,CC,CC,CC,CC,CC,CC,CC
rs1026071,GG,AA,AG,AG,AA,AG,AG,GG,AG,GG,AG,AG,AG,AA
rs11022775,CC,CC,CC,CC,CC,CC,CC,CC,TC,CC,CC,TC,TC,TC
rs2290037,TT,TC,TT,TT,TT,TT,TT,TT,TC,TT,TT,TC,TT,TC
rs1868049,CC,CC,CC,CC,CC,CC,CC,TC,CC,CC,CC,CC,CC,CC
rs3789327,GG,AG,AG,AG,AG,GG,GG,AG,AG,GG,AG,AG,GG,GG
rs11022778,TG,TT,TG,TT,TG,TG,GG,TG,TT,TG,TG,TG,TG,TG
rs4757151,GG,GG,GG,AG,AG,GG,GG,AG,AG,GG,AG,GG,GG,GG
rs11600996,TC,TC,TC,TT,TC,TT,TT,TT,TT,TC,TC,TC,CC,TT
rs11022780,TC,TC,TC,CC,TC,CC,CC,CC,CC,TC,TC,TC,TT,CC
rs10832030,GG,GG,GG,GG,GG,GG,GG,AG,AG,GG,GG,GG,GG,GG
rs11022781,AG,GG,AG,AG,AG,AA,AA,AA,AA,AG,AG,AG,GG,AA
rs11022783,GG,GG,GG,AG,GG,GG,GG,AG,AG,GG,GG,GG,GG,GG
rs11652819,CC,CC,CC,CC,CC,CC,CC,CC,CC,CC,TT,TT,CC,CC
rs2955378,GG,GG,GG,AA,GG,GG,GG,GG,AA,AA,GG,GG,AA,AA
rs2955383,AA,AA,AA,GG,AA,AA,AA,AA,GG,GG,AA,AA,GG,GG
rs11652712,AA,AA,AA,AA,AA,AA,AA,AA,AA,AA,AA,AA,AA,AA
rs3886478,AA,AA,AA,AA,AA,AA,AA,AA,GG,AA,AA,AA,AA,AA
rs6587074,CC,CC,CC,CC,CC,CC,CC,CC,CC,CC,CC,CC,CC,CC
rs2048230,AA,AA,GG,GG,GG,AA,GG,GG,GG,GG,GG,GG,GG,GG
rs17513276,TT,TT,TT,TT,TT,TT,TT,TT,TT,TT,TT,TC,TT,TT
rs1065272,TG,TT,TG,TG,TT,TT,TT,TG,GG,TT,TT,TG,GG,TG
rs1055403,GG,AG,AG,GG,GG,GG,AG,GG,GG,AG,AG,GG,GG,GG
rs2289577,CC,CC,CC,TC,CC,CC,CC,CC,TC,CC,CC,TC,CC,CC
rs10455512,TC,TT,TT,TT,TT,TT,TT,TC,TC,TT,TT,TT,TC,TT
rs17765013,TT,TT,TT,TC,TC,TT,TT,TT,TC,TT,TT,TC,TT,TT
rs292258,AC,AA,AA,AC,AC,AA,AA,CC,AC,AA,AC,AC,AA,AA
rs292257,TT,TC,CC,TT,TT,TT,TC,TT,TC,TC,TC,TT,CC,CC
rs292255,TC,CC,CC,TC,TC,CC,CC,TT,TC,CC,TC,TC,CC,CC
rs9359876,CC,TC,CC,CC,CC,CC,CC,CC,CC,CC,TC,CC,CC,TC
rs7739280,GG,GG,GG,GG,GG,GG,GG,GG,GG,GG,GG,GG,GG,GG
rs292251,AG,AA,AA,AA,AA,AA,AA,AG,AA,AA,AG,AA,AA,AA
rs4706353,TC,TT,TT,TT,TT,TT,TT,TC,TT,TT,TC,TT,TT,TT
rs3734662,TC,TC,TT,TT,TT,TT,TT,TC,TT,TT,CC,TT,TT,TC
rs9362704,TT,TC,CC,TT,TT,TT,TC,TC,TC,TC,CC,TT,CC,CC
rs3966851,TT,TT,TT,TT,TT,TT,TT,TT,TT,TT,TT,TT,TT,TT
rs9351230,CC,TC,TT,CC,CC,CC,TC,TC,TC,TC,TT,CC,TT,TT
rs210059,AA,GG,GG,GG,AG,AG,AG,GG,GG,GG,GG,GG,GG,GG
rs9451298,TT,TC,TT,TT,TT,TT,TT,TC,TT,TT,CC,TT,TT,TC
rs11965525,CC,CC,CC,CC,CC,CC,CC,CC,CC,CC,CC,CC,CC,CC
rs17708991,GG,GG,GG,AG,AG,GG,GG,GG,AG,GG,GG,AG,GG,GG
rs12213272,TT,TT,TC,TT,TT,TT,TT,TC,TT,TT,TT,TT,TT,TT
rs12208074,CC,CC,TC,CC,CC,CC,CC,TC,CC,CC,CC,CC,CC,CC
rs10806414,GG,GG,AG,GG,GG,GG,GG,AG,GG,GG,GG,GG,GG,GG
rs9362708,GG,AG,GG,GG,GG,AG,GG,GG,GG,GG,AG,GG,GG,AG
rs176713,TC,TT,TT,TC,TC,TC,TC,TT,TT,TT,TC,TT,TT,TT
rs12213197,AC,AC,AC,CC,CC,AC,CC,AC,CC,CC,AC,CC,CC,AC
rs16882302,CC,CC,CC,CC,CC,CC,CC,CC,CC,CC,CC,CC,CC,CC
rs12525504,TT,TT,TT,TC,TT,TT,TT,TC,TT,TT,TT,TT,TT,TT
rs6911941,AG,AA,AG,AG,AG,AG,GG,GG,GG,GG,AA,AA,GG,AG
rs6454789,TC,TC,TT,CC,CC,TC,TC,TC,TT,TT,TT,TC,TT,TT
rs6941452,TG,TG,GG,TG,TT,TG,TG,GG,GG,GG,GG,TG,GG,GG
rs11969265,CC,TC,TC,CC,TT,TT,TT,TC,TT,TT,TC,TC,TT,TC
rs6910129,TT,TT,TT,TT,TC,TC,TT,TT,TT,TT,TT,TT,TT,TT
rs6936055,CC,TC,CC,CC,TC,TT,CC,CC,CC,CC,TC,CC,CC,TC
rs6454792,GG,AG,GG,AG,AA,AA,AA,GG,AA,AA,AG,GG,AA,AG
rs10806415,AG,AG,AG,AG,AG,GG,AA,AG,AG,AA,AG,AA,AA,AG
rs6908310,TT,TT,TT,TG,TT,TT,TT,TT,TT,TT,TT,TT,TT,TT
rs7761142,TG,TG,TG,TT,TT,TG,TT,TG,TT,TT,TG,TT,TT,TG
rs6926007,AG,AG,AG,AG,AG,AG,AG,AG,AA,AG,AG,AG,GG,GG
rs4707585,AG,AG,AG,AG,AG,AG,AG,AG,AA,AG,AG,AG,GG,GG
rs4707586,CC,TC,CC,CC,TC,TC,CC,TC,CC,CC,TC,TC,TC,TC
rs6454796,TT,TC,TC,TC,TC,TC,TT,TT,TC,TT,TT,TT,TT,TT
rs9444725,GG,AG,AG,AG,AG,AG,GG,GG,AG,GG,GG,GG,GG,GG
rs12661174,TT,TC,TT,TC,TT,TT,TT,TT,TT,TT,TT,TT,TT,TT
rs13206749,CC,CC,CC,CC,TC,TC,CC,CC,CC,CC,TC,TC,CC,TC
rs3857496,TC,CC,TC,CC,TT,TT,TC,TT,TT,TC,TT,TT,TC,TC
rs9451316,CC,TC,TC,TC,TC,TC,TC,CC,TC,TC,CC,CC,CC,CC
rs9444729,GG,GG,GG,GG,GG,GG,AG,GG,GG,AG,GG,GG,GG,GG
rs12663434,CC,AC,CC,AC,CC,CC,AC,CC,CC,AC,CC,CC,CC,CC
rs4053616,AG,AG,GG,AG,GG,GG,AA,AG,AG,AA,AG,AG,GG,AG
rs16882364,AA,AG,AA,AG,AA,AA,AA,AA,AA,AA,AA,AA,AA,AA
rs6931936,AG,AA,AA,AA,AG,AA,AG,AA,AG,AG,AA,AA,AA,GG
rs3857498,GG,AG,AG,AG,AG,GG,AG,AG,GG,AG,GG,AG,GG,GG
rs9362711,CC,CC,CC,TC,CC,TC,CC,CC,CC,CC,CC,CC,CC,CC
rs12110476,TT,TT,TT,TT,TT,TT,TT,TT,TT,TT,TT,TT,TT,TT
rs9342217,CC,CC,TC,TC,TC,TC,CC,TC,TC,CC,CC,CC,CC,CC
rs9342219,CC,CC,TC,TC,TC,TC,CC,TC,TC,CC,CC,CC,CC,CC
rs6923030,CC,CC,TC,TC,TC,TC,CC,TC,TC,CC,CC,CC,CC,CC
rs4053606,AA,AA,AA,AA,AA,AC,AA,AA,AA,AA,AA,AA,AA,AA
rs6932747,CC,TC,TC,CC,CC,CC,TC,TC,TC,CC,CC,TC,TC,CC
rs13199026,GG,GG,AG,GG,AG,GG,GG,AG,AG,GG,GG,GG,GG,GG
rs4053608,CC,CC,TC,TC,TC,TC,CC,CC,TC,CC,CC,CC,CC,CC
rs9451347,CC,CC,CC,CC,CC,CC,CC,CC,CC,CC,CC,CC,CC,CC
rs6919937,GG,GG,GG,AG,GG,GG,GG,GG,GG,GG,GG,GG,GG,GG
rs4707594,AA,AA,AG,AA,AG,AG,AA,AA,AG,AA,AA,AA,AA,AA
rs6901683,GG,GG,GG,GG,GG,GG,GG,GG,GG,GG,GG,GG,GG,GG
rs990482,GG,GG,TG,TG,TG,TT,GG,GG,TG,GG,GG,GG,GG,GG
rs6454802,CC,TC,TC,CC,CC,TC,TT,TT,TT,TC,TC,CC,TC,TC
rs207264,AA,GG,AG,AG,AA,AG,GG,GG,GG,AG,AG,AA,AG,AG
rs207269,TC,CC,TC,TC,TT,TC,CC,CC,CC,TC,TC,TC,TC,TC
rs2501726,AA,AA,AA,AA,AA,AA,AA,AA,AA,AA,AA,AG,AA,AA
rs2208039,TT,TT,TT,TT,TT,TT,TT,TT,TT,TT,TT,TT,TT,TT
rs7748973,CC,CC,CC,CC,CC,CC,CC,CC,CC,CC,CC,CC,CC,CC
rs16882480,TT,TT,TT,TT,TT,TT,TT,TT,TT,TT,TT,TT,TT,TT
rs2501718,GG,AG,GG,AG,GG,GG,GG,GG,GG,GG,GG,AG,GG,GG
rs9344992,CC,CC,TC,TC,CC,CC,CC,CC,CC,TC,CC,TC,TC,CC
rs2501720,GG,AG,AA,AA,GG,GG,GG,GG,GG,AG,GG,AA,AG,AG
rs12209546,CC,TT,TC,TC,CC,TC,TT,TT,TT,TT,TC,TT,TT,TC
rs3734660,TT,CC,TT,TT,TT,TC,CC,CC,CC,TC,TC,TC,TC,TC
rs2325261,TT,CC,TT,TT,TT,TC,CC,CC,CC,TC,TC,TC,TC,TC
rs370409,CC,AA,AA,AA,CC,AC,AA,AA,AA,AA,AC,AA,AA,AA
rs10806425,CC,AA,CC,CC,CC,AC,AA,AA,AA,AC,AC,AC,AC,AC
rs206916,TC,CC,CC,CC,TT,TC,CC,CC,CC,CC,TC,CC,CC,CC
rs9344996,TT,TT,TC,TC,TT,TT,TT,TT,TT,TC,TT,TC,TC,TT
rs12205059,GG,GG,AG,GG,GG,GG,GG,GG,GG,GG,GG,GG,GG,AG
rs206913,CC,AC,AA,AA,CC,AC,AA,AA,AA,AA,AC,AC,AA,AA
rs206912,AA,AA,AA,AA,AA,AC,AA,AA,AA,AA,AA,AA,AA,AA
rs11757155,CC,TC,CC,CC,CC,TC,TT,TT,TT,TC,TC,CC,TC,TC
rs4707609,TT,TC,TT,TT,TT,TC,CC,CC,CC,TC,TC,TT,TC,TC
rs3757247,CC,TC,TC,TC,CC,TC,TT,TT,TT,TT,TC,TC,TT,TC
rs1847472,CC,AC,CC,CC,CC,AC,AA,AA,AA,AC,AC,CC,AC,AC
rs661713,AG,AG,AA,AA,GG,AG,AA,AA,AA,AA,AG,AG,AA,AA
rs2174281,TC,TC,TC,TT,TT,TC,CC,CC,CC,TC,TC,TT,TC,CC
rs597325,AG,AG,GG,GG,AA,AG,GG,GG,GG,GG,AG,AG,GG,GG
rs175722,TG,TT,TT,TG,TT,TT,TT,TT,TG,TT,TT,TT,TT,TT
rs1024774,TC,CC,CC,TT,TC,CC,CC,CC,TC,CC,CC,CC,CC,TC
rs2080254,AA,AA,AA,AC,AC,AA,AA,AA,AA,AA,AA,AA,AA,AC
rs2300603,TT,TC,TT,TT,TT,TC,TT,TC,TT,TC,TT,TC,TT,TT
rs7147148,AA,AA,AA,AG,AG,AA,AA,AA,AA,AA,AA,AA,AA,AG
rs4903326,AG,GG,GG,AA,AG,GG,GG,GG,AG,GG,GG,GG,GG,AG
rs3795736,TC,TT,TT,TT,TC,TC,TT,TT,TC,TC,TC,TT,TC,TT
rs1016423,TT,TT,TT,TT,TT,TT,TC,TT,TT,TT,TT,TT,TT,TT
rs2277873,AG,AG,AG,GG,AA,GG,GG,GG,GG,AG,GG,GG,GG,GG
rs12065791,CC,CC,CC,CC,CC,CC,CC,CC,CC,CC,CC,CC,CC,CC
rs2298135,TT,TT,TT,TT,TT,TT,TT,TT,TT,TT,TC,TT,TT,TT
rs11360,AG,AG,AG,AG,AG,AA,AA,AA,AG,AG,GG,AA,AA,AA
rs2927457,GG,GG,GG,GG,GG,GG,GG,GG,GG,GG,GG,GG,GG,GG
rs908078,TT,TT,TC,TT,TT,TC,TT,TC,TT,TC,TT,TC,TT,TC
rs11130215,AG,AA,AG,AA,AA,AA,AA,AG,AG,AG,AA,AG,AA,AG
rs1480037,CC,CC,CC,CC,CC,CC,CC,CC,CC,CC,CC,CC,CC,CC
rs12438,TT,CC,TC,TC,TT,CC,TC,CC,TC,TT,TC,CC,TC,CC
rs6014947,CC,TC,TC,TC,CC,TT,TC,TT,TC,CC,TC,TT,TC,TT
rs10375,AA,GG,AG,AG,AG,GG,AG,GG,AG,AA,AG,GG,AG,GG
rs6025422,GG,AG,AG,AG,AG,AA,AG,AA,AG,GG,AG,AA,AG,AA
rs6025427,CC,CC,CC,CC,CC,CC,CC,CC,CC,CC,CC,CC,CC,CC
rs3787380,CC,TC,TT,TC,CC,TT,TC,TT,TC,CC,TC,TT,TC,TT
rs13037653,TT,TT,TT,TT,TT,TT,TT,TT,TT,TT,TT,TT,TT,TT
rs3787382,TC,TC,CC,TC,TT,TC,TT,TC,CC,CC,TC,CC,CC,CC
rs6025428,TT,TT,TT,TT,TT,TT,TT,TT,TT,TT,TT,TT,TT,TT
rs6070015,GG,GG,GG,GG,GG,GG,GG,GG,GG,GG,AG,GG,GG,GG
rs6064508,TC,CC,TC,TC,CC,TT,TC,TT,TC,TC,TC,TT,TT,TT
rs6123674,AG,GG,AA,AG,GG,AA,AG,AA,AG,AG,GG,AA,AA,AA
rs230191,TC,CC,TT,TC,CC,TT,CC,TC,CC,TC,TC,TT,TC,TC
rs230198,AG,AA,GG,AG,AA,GG,AA,AG,AA,AG,AG,GG,AG,AG
rs6123677,TC,TT,CC,TC,TT,CC,TT,TC,TT,TC,TC,CC,TC,TC
rs6025446,AG,AG,AA,AG,GG,AA,GG,AG,GG,AG,GG,AA,AG,AA
rs6025447,TC,TC,TT,CC,CC,TT,TC,TC,CC,TC,CC,TT,TC,TC
rs6127972,TG,TG,TT,GG,GG,TT,TG,TG,GG,TG,GG,TT,TG,TG
rs172983,GG,GG,GG,GG,GG,GG,GG,GG,GG,AG,GG,GG,AG,GG
rs162311,TT,TT,TT,TT,TT,TT,TT,TT,TT,CC,TT,TT,TC,TT
rs162312,TT,TT,TT,TT,TT,TT,TT,TT,TT,GG,TG,TT,TG,TT
rs17404303,TC,TC,CC,TT,TT,CC,TC,TC,TT,CC,TC,CC,CC,TC
rs6127973,GG,GG,AA,GG,GG,AG,AG,GG,GG,GG,GG,AG,AG,GG
rs186659,AG,AG,GG,AA,AA,GG,AG,AG,AA,AA,AA,GG,AA,AG
rs6014959,AA,AA,AA,AA,AA,AA,AA,AG,AG,AA,AA,AA,AA,AG
rs6025456,CC,CC,CC,CC,CC,CC,CC,CC,CC,CC,CC,CC,CC,CC
rs4361186,CC,CC,CC,CC,CC,CC,CC,CC,CC,CC,CC,CC,CC,CC
rs6127983,TT,TC,TT,TC,TT,TT,TC,TT,TC,CC,CC,TT,TC,TT
rs182784,AA,AG,AA,AG,AA,AA,AG,AG,GG,GG,GG,AA,AG,AG
rs6127985,GG,GG,GG,GG,GG,GG,GG,GG,GG,AA,AG,GG,AG,GG
rs6025468,AA,AG,AA,AG,AA,AA,AG,AA,AG,AA,AG,AA,AA,AA
rs12452511,AG,AA,AG,AA,AG,AA,AA,AG,AA,AG,AA,AA,AG,AG
rs2128792,TC,CC,TC,CC,TC,CC,CC,TC,CC,TC,CC,CC,TC,TC
rs8080440,CC,CC,CC,CC,CC,CC,CC,CC,CC,CC,CC,CC,CC,CC
rs12602912,TC,CC,TC,CC,TC,CC,CC,TC,CC,TC,CC,CC,TC,TC
rs9890629,AG,GG,AG,GG,AG,GG,GG,AG,GG,AG,GG,GG,AG,AG
rs12325965,AA,AA,AA,AA,AA,AA,AA,AA,AA,AA,AA,AA,AA,AA
rs6504547,GG,GG,GG,GG,GG,GG,GG,GG,GG,GG,GG,GG,GG,GG
rs8079754,AG,AA,AG,AA,AG,AA,AA,AG,AA,AG,AA,AA,AG,AG
rs7216064,AG,GG,AG,GG,AG,GG,GG,AG,GG,AG,GG,GG,AG,AG
rs7209023,GG,GG,GG,GG,GG,GG,GG,GG,GG,GG,GG,GG,GG,GG
rs9914393,GG,GG,GG,GG,GG,GG,GG,GG,GG,GG,GG,GG,GG,GG
rs9894962,TT,TT,TT,TT,TT,TT,TT,TT,TT,TT,TT,TT,TT,TT
rs6504555,AG,GG,AG,GG,AG,GG,GG,AG,GG,AG,GG,GG,AG,AG
rs11870068,AC,AA,AC,AA,AC,AA,AA,AC,AA,AC,AA,AA,AC,AC
rs12449442,AG,GG,AG,GG,AG,GG,GG,AG,GG,AG,GG,GG,AG,AG
rs12950044,CC,CC,CC,CC,CC,CC,CC,CC,CC,CC,CC,CC,CC,CC
rs8064784,TT,TT,TT,TT,TT,TT,TT,TT,TT,TT,TT,TT,TT,TT
rs7502707,TT,TT,TT,TG,TG,TG,TG,TG,TT,TT,TT,TG,TG,TT
rs3811465,AG,GG,GG,GG,GG,GG,GG,GG,GG,GG,GG,GG,GG,GG
rs3748631,GG,AG,GG,GG,AG,GG,AG,AG,GG,GG,AG,GG,GG,GG
rs11485184,CC,CC,CC,CC,CC,CC,CC,CC,CC,CC,CC,CC,CC,CC
rs12033029,GG,GG,GG,GG,GG,GG,GG,GG,GG,GG,GG,GG,GG,GG
rs4240934,TC,CC,CC,CC,CC,CC,CC,CC,CC,CC,CC,CC,CC,CC
rs13267037,GG,AG,AG,GG,GG,GG,GG,GG,GG,GG,AG,GG,GG,GG
rs2165498,GG,GG,GG,AG,GG,GG,GG,GG,GG,GG,GG,GG,GG,GG
rs13270004,TG,TG,TG,GG,GG,TG,TG,GG,TT,GG,TT,TT,GG,GG
rs7835921,AG,AG,AG,AG,AG,AG,AG,AG,AA,AG,AA,AA,GG,GG
rs17364363,TT,TC,TT,TT,TT,TT,TT,TT,TT,TT,TT,TT,TT,TT
rs7513934,AG,AA,GG,AG,AA,GG,AA,AG,AA,AG,AA,AA,AG,AG
rs17107179,AA,AA,AA,AA,AA,AA,AA,AA,AA,AA,AA,AA,AA,AA
rs2477101,GG,GG,GG,GG,GG,GG,GG,GG,GG,GG,GG,GG,GG,GG
rs2820334,AA,AA,AA,AA,AA,AA,AA,AA,AA,AA,AA,AA,AA,AA
rs9660764,GG,GG,GG,GG,GG,GG,GG,GG,GG,GG,GG,GG,GG,GG
rs6690342,TT,TT,TT,TT,TC,TT,TT,TT,TT,TT,TT,TT,TT,TT
rs11806164,AA,AA,AA,AA,AA,AA,AA,AA,AA,AA,AA,AA,AA,AA
rs11079382,CC,CC,TT,TC,TC,CC,TC,CC,CC,CC,CC,CC,TC,CC
rs12451394,GG,GG,GG,GG,GG,AG,GG,AG,GG,AG,GG,GG,GG,AG
rs2267968,AG,GG,GG,GG,GG,GG,GG,GG,GG,GG,GG,GG,GG,GG
rs11064256,CC,CC,CC,CC,CC,CC,CC,CC,CC,CC,CC,CC,CC,CC
rs1057510,AG,GG,AG,GG,GG,GG,AG,GG,GG,GG,GG,GG,GG,GG
rs16932768,TT,TT,TT,TT,TT,TT,TT,TT,TT,TT,TT,TT,TT,TT
rs12310569,GG,AA,GG,AG,AG,GG,GG,AG,GG,GG,AG,AG,GG,AG
rs11064271,GG,GG,AG,GG,GG,GG,GG,GG,GG,GG,GG,GG,GG,GG
rs11064276,AG,GG,GG,GG,GG,GG,GG,GG,GG,GG,GG,GG,GG,GG
rs1639122,AC,AA,AC,AC,AA,AC,AC,AC,CC,CC,AC,AC,CC,AC
rs3794186,GG,GG,GG,AG,AG,GG,GG,GG,GG,GG,GG,AG,AG,GG
rs35046555,AC,AC,AA,AA,AA,AA,CC,AA,AA,AC,AA,AC,AA,AC
rs2457180,CC,TC,CC,TC,TC,TC,CC,CC,TT,CC,TC,TC,TT,TC
rs2511439,CC,CC,CC,CC,CC,CC,CC,CC,CC,CC,TC,CC,TC,CC
rs2511437,AA,AA,AA,AC,AC,AC,AA,AA,CC,AA,AC,AC,CC,AC
rs10791957,AA,AC,AA,AC,AC,AC,AA,AA,CC,AA,AC,AC,CC,AC
rs11228131,AA,AA,AA,AG,AG,AG,AA,AA,GG,AA,AG,AG,GG,AG
rs4246131,TC,TC,CC,TC,CC,CC,CC,TC,CC,CC,CC,CC,CC,CC
rs4961323,TC,TC,TT,TC,TT,TT,TT,TC,TT,TT,TT,TT,TT,TT
rs775700,CC,CC,CC,CC,CC,CC,CC,TC,CC,CC,CC,CC,CC,CC
rs7700943,TC,CC,TT,TT,CC,TC,TC,TC,TC,CC,TT,TT,TC,TC
rs2520425,AA,AA,AA,AA,AA,AA,AA,AA,AA,AA,AA,AA,AA,AA
rs151181,TC,TC,TC,TC,TC,CC,TC,CC,TC,TC,TC,TC,TC,TC
rs2520424,TT,TT,TT,TT,TT,TT,TT,TT,GG,TT,TT,TT,TT,TT
rs2520419,TT,TT,TT,TT,TT,TT,TT,TT,TT,TT,TT,TT,TT,TT
rs34837,AC,AA,AA,AA,AA,AA,AA,AA,AA,AA,AA,AA,AA,AA
rs2521325,TT,TT,TT,TT,TT,TT,TT,TT,TT,TT,TT,TT,TT,TT
rs1801260,AA,AG,AG,AG,AA,AA,AA,AA,AG,AG,AG,AA,AA,AA
rs6855837,GG,GG,GG,GG,GG,GG,GG,GG,GG,GG,GG,GG,GG,GG
rs11931061,AG,AG,AA,AA,AA,AG,GG,AG,AG,AA,AA,GG,AG,AA
rs17722979,GG,AG,AG,AG,GG,GG,GG,GG,AG,AG,AG,GG,GG,GG
rs3817444,AC,AC,CC,CC,CC,AC,AA,AC,AC,CC,CC,AA,AC,CC
rs13132420,AG,GG,AG,AG,AA,AG,GG,AG,GG,AG,AG,GG,AG,AA
rs1736204,CC,TT,CC,TT,CC,CC,CC,CC,CC,TC,TT,CC,CC,TC
rs1736200,TT,CC,TT,CC,TT,TT,TT,CC,TT,CC,CC,CC,CC,TC
rs1630656,CC,TT,CC,TT,CC,CC,CC,CC,CC,TC,TT,TT,CC,TC
rs3182911,AA,GG,AA,GG,AA,AA,AA,GG,AA,GG,GG,GG,GG,AG
rs12453455,GG,AA,GG,AA,GG,GG,GG,GG,GG,AG,AA,AA,GG,AG
rs12340601,AA,AA,AA,AA,AA,AA,AA,AA,AA,AA,AA,AA,AA,AA
rs10814274,TC,TC,TC,TC,TC,TC,TT,TC,TC,TT,TC,TT,CC,TC
rs34745689,CC,CC,CC,CC,CC,CC,CC,CC,CC,CC,CC,CC,CC,CC
rs6958842,TT,TT,TT,TT,TT,TT,TT,TT,TT,TT,TT,TT,TT,TT
rs6959012,TT,TT,TT,TT,TT,TT,TT,TT,TT,TT,TT,TT,TT,TT
rs6976928,CC,CC,CC,CC,CC,CC,CC,CC,CC,CC,CC,CC,CC,CC
rs3735019,CC,CC,CC,CC,CC,CC,CC,CC,CC,CC,CC,CC,CC,CC
rs3735020,TT,TT,TT,TT,TT,TT,TT,TT,TT,TT,TT,TT,TT,TT
rs3735021,TC,TC,CC,CC,CC,CC,TT,TC,TC,TT,TC,TC,TC,CC
rs17169441,GG,GG,GG,GG,GG,GG,GG,GG,GG,GG,GG,GG,GG,GG
rs6963146,CC,CC,CC,CC,CC,TC,TT,CC,CC,CC,CC,TC,TC,TC
rs273938,CC,CC,TC,CC,CC,TC,TT,CC,CC,CC,CC,TT,TC,TC
rs6969436,CC,CC,CC,CC,CC,CC,CC,CC,CC,CC,CC,CC,CC,CC
rs1677499,GG,GG,AG,GG,GG,AG,AA,GG,GG,GG,GG,AA,AG,AA
rs273968,AA,AA,AG,AG,GG,AG,GG,AA,AA,AA,AA,AG,GG,AG
rs273962,AA,AG,AG,GG,GG,GG,GG,AA,AG,AG,AA,AG,GG,GG
rs273957,TT,TT,TC,CC,CC,CC,CC,TT,TC,TT,TT,TC,TC,TC
rs273950,CC,CC,TC,TT,TT,TT,TT,CC,TC,CC,TC,TC,TC,TC
rs273972,GG,GG,AG,AA,AA,GG,AG,GG,AG,GG,GG,GG,AG,AG
rs273978,GG,GG,AG,AA,AA,GG,AG,GG,AG,GG,GG,GG,AG,AG
rs10224250,TT,TG,TT,TT,TT,TG,TT,TT,TT,TG,TG,TT,TG,TT
rs273979,TT,TT,TC,CC,CC,TT,TC,TT,TC,TT,TT,TT,TC,CC
rs112417,GG,AG,AG,AA,AA,AG,AG,GG,AG,GG,AG,GG,AA,AA
rs273995,TT,TC,TC,CC,CC,TC,TC,TT,TC,TC,TC,TT,CC,CC
rs10267160,TT,TC,TT,TT,TT,TC,TT,TT,TT,TC,TC,TT,TC,TT
rs274007,AA,AC,AA,CC,AC,AC,AC,AA,AC,AC,AC,AA,CC,CC
rs274009,CC,CC,CC,TT,TC,CC,TC,CC,TC,CC,CC,CC,TC,CC
rs274012,AA,AA,AA,CC,AC,AA,AC,AA,AC,AC,AA,AA,AC,AC
rs889870,CC,AC,CC,CC,CC,AC,CC,CC,CC,AC,CC,CC,AC,AC
rs1871214,TT,TT,TT,TT,TT,TT,TT,TT,TT,TT,TT,TT,TT,TG
rs6943342,GG,AA,GG,AA,AG,AG,AG,GG,AG,GG,GG,GG,AA,AG
rs17276467,GG,AA,AG,AA,AG,AA,AG,AA,AG,GG,AG,AG,AA,AA
rs6948572,TT,TT,TC,TT,TC,TT,TT,TT,TT,TT,TT,TT,TT,TT
rs6948022,CC,CC,TC,CC,CC,CC,CC,CC,CC,CC,CC,CC,CC,CC
rs12707374,TC,TC,TC,TC,TC,TC,TT,TT,TT,TT,TT,TT,TT,TT
rs10260498,GG,GG,AG,AG,AG,GG,GG,GG,GG,GG,GG,GG,GG,GG
rs10954592,TT,TT,TT,TC,TC,TT,TC,TT,TT,TT,TT,TT,TT,TC
rs11770714,GG,GG,GG,AG,AG,GG,AG,GG,GG,GG,GG,GG,GG,AG
rs1076517,GG,GG,GG,GG,AG,GG,GG,AG,GG,AG,AG,GG,GG,GG
rs4728427,TT,TT,TT,TT,TT,TT,TT,TT,TT,TT,TT,TC,TT,TT
rs4732277,GG,GG,GG,GG,GG,GG,GG,GG,GG,GG,GG,AG,GG,GG
rs4732278,TT,TT,TT,TC,TT,TT,TC,TT,TT,TT,TT,TC,TT,TC
rs11264743,CC,TC,CC,CC,CC,TC,TC,CC,TC,CC,TC,CC,TC,TC
rs12403956,AA,AG,AA,AA,AA,AG,AG,AA,AG,AA,AG,AA,AG,AG
rs12563892,CC,CC,CC,CC,CC,CC,CC,CC,CC,CC,CC,CC,CC,CC
rs34147648,GG,GG,GG,GG,GG,GG,GG,GG,GG,GG,GG,GG,GG,GG
rs1991923,TC,TC,TC,TC,CC,CC,CC,CC,CC,TC,CC,CC,CC,CC
rs3824956,TC,TC,TC,TC,CC,CC,CC,CC,CC,TC,CC,CC,TT,CC
rs7116195,AG,AG,AG,AG,AA,AA,AA,AA,AA,AG,AA,AA,GG,AA
rs1192,TC,TC,TC,TC,CC,CC,CC,CC,CC,TC,CC,CC,CC,CC
rs17810766,GG,GG,GG,GG,GG,GG,GG,GG,GG,GG,GG,GG,AG,GG
rs17499247,AG,AG,AA,AG,AG,AG,AG,AA,AA,AA,AA,AA,AG,AG
rs16935888,TC,TC,TT,TC,TC,TC,TT,TT,TT,TT,TT,TT,TC,TT
rs11010110,GG,GG,GG,GG,GG,GG,GG,GG,GG,GG,GG,GG,GG,GG
rs9783159,GG,GG,GG,GG,GG,GG,GG,GG,GG,GG,GG,GG,GG,GG
rs10508816,AG,AG,GG,AG,AG,AG,AG,GG,GG,GG,GG,GG,AG,AG
rs1531550,TC,TC,CC,TC,TC,TC,CC,CC,CC,CC,CC,CC,TC,CC
rs12240732,AA,AA,AA,AA,AA,AA,AA,AA,AA,AA,AA,AA,AA,AA
rs11010116,CC,CC,CC,CC,CC,CC,CC,CC,CC,CC,CC,CC,CC,CC
rs2505639,AG,AG,GG,AG,AG,AG,AG,GG,GG,GG,GG,GG,AG,AG
rs4934540,TC,TC,TT,TC,TC,TC,TC,TT,TT,TT,TT,TT,TC,TC
rs1148247,AG,AG,AA,AG,AG,AG,AG,AA,AG,GG,AA,AG,AG,AG
rs9941095,GG,GG,GG,GG,GG,GG,GG,GG,GG,GG,GG,GG,GG,GG
rs34523198,AA,AA,AA,AA,AA,AA,AA,AA,AA,AA,AA,AA,AA,AA
rs28711261,AA,AG,AA,AG,AA,AA,AA,AA,AG,AA,AA,AG,AA,AG
rs17686899,GG,TG,GG,TG,GG,GG,GG,GG,GG,GG,GG,TG,GG,GG
rs12595963,AA,AA,AA,AA,AA,AA,AA,AA,AA,AA,AA,AA,AA,AA
rs16957489,GG,AG,GG,AG,GG,GG,GG,GG,AG,GG,GG,AG,GG,AG
rs2906721,CC,CC,CC,AA,CC,CC,CC,CC,CC,CC,AC,CC,CC,CC
rs2970463,TT,TT,TT,CC,TT,TT,TT,TT,TT,TT,TC,TT,TT,TT
rs2970459,CC,TC,TC,TT,CC,CC,TC,TC,TC,CC,TC,TT,TC,TC
rs13232623,GG,AG,GG,GG,GG,GG,GG,AG,AG,GG,GG,GG,GG,GG
rs11773426,GG,GG,GG,GG,GG,GG,AG,AG,GG,GG,GG,GG,GG,GG
rs10245008,TC,TC,TC,TT,TC,CC,TT,TC,TC,CC,TC,TT,TC,CC
rs10270083,GG,GG,AG,AA,GG,GG,GG,GG,GG,GG,AG,GG,GG,GG
rs13238593,CC,TC,CC,CC,CC,CC,CC,TC,TC,CC,CC,CC,CC,CC
rs11765661,AG,GG,AG,GG,AG,AA,GG,GG,GG,AA,AG,GG,AG,AA
rs4644158,AA,AC,AA,AA,AA,AA,AA,AA,AC,AA,AA,AC,AC,AA
rs10264866,GG,AG,GG,GG,GG,GG,GG,AG,AG,GG,GG,AG,GG,GG
rs13236072,CC,TC,CC,CC,CC,CC,CC,TC,TC,CC,CC,TC,CC,CC
rs6465837,AG,AA,GG,GG,AG,GG,AA,AA,AA,GG,AG,AA,AG,GG
rs11974778,TC,CC,TC,CC,TC,CC,TT,TC,CC,CC,CC,CC,CC,CC
rs2906656,CC,CC,CC,TT,TC,CC,TC,CC,TC,CC,TC,CC,CC,CC
rs2906655,CC,TC,CC,TT,TC,CC,TC,TC,TC,CC,TC,TC,CC,CC
rs2906649,CC,TC,CC,CC,CC,TC,CC,CC,CC,CC,CC,CC,CC,CC
rs434564,TT,TC,TT,TT,TT,TC,TT,TT,TT,TT,TT,TT,TT,TT
rs7810922,AA,AG,AA,AA,AG,AG,AA,AA,AA,AA,AA,AA,AA,AA
rs407366,GG,GG,GG,AA,GG,GG,AG,GG,AG,GG,AG,GG,GG,GG
rs2031085,CC,TC,CC,CC,TC,TC,CC,CC,CC,CC,CC,CC,CC,CC
rs2410922,TC,CC,TC,TT,CC,CC,TC,CC,TC,CC,TT,CC,TC,TC
rs439124,GG,GG,AG,GG,AG,AG,AA,AG,GG,AA,GG,GG,GG,AG
rs12537526,AA,AG,AA,AA,AG,AG,AA,AA,AA,AG,AA,AA,AA,AA
rs202161,AC,CC,CC,CC,CC,CC,CC,CC,CC,CC,CC,CC,CC,CC
rs202159,TC,CC,TC,TT,CC,TC,TC,CC,TC,CC,TT,CC,TC,TT
rs12668172,TC,TC,TC,TT,TC,TC,TC,CC,TC,TC,TT,CC,TC,TT
rs10488043,AA,AG,AA,AA,AG,AA,AA,AA,AA,AG,AA,AA,AA,AA
rs10259603,AA,AG,AG,AA,AG,AG,AG,AG,AA,AG,AA,AG,AG,AA
rs11769397,AG,GG,AA,GG,GG,GG,AG,AG,AG,AG,GG,AG,AA,AG
rs4727516,AA,AA,AA,CC,AA,AC,AC,AA,AC,AA,CC,AA,AA,AA
rs6465845,TT,TT,TT,CC,TT,TC,TC,TT,TC,TT,CC,TT,TT,TT
rs17134999,TC,TC,TT,TT,TC,TC,TT,TC,TT,TC,TT,TC,TT,TT
rs12672026,AG,AG,GG,GG,AG,AG,GG,AG,GG,AG,GG,AG,GG,GG
rs10246310,CC,CC,CC,AC,CC,CC,CC,CC,CC,CC,CC,CC,CC,CC
rs12112504,GG,GG,GG,GG,GG,GG,TG,GG,GG,GG,GG,GG,GG,GG
rs380934,TT,TT,TT,TG,TG,TG,TG,TT,TG,TT,GG,TG,TT,TT
rs446076,CC,CC,CC,TT,TC,TC,TT,CC,TC,CC,TT,TC,CC,CC
rs16869529,CC,CC,CC,TC,CC,CC,TC,CC,CC,CC,CC,CC,CC,CC
rs201460,AG,AA,AG,AG,AA,AG,AG,AA,AG,AA,AA,AA,AG,AG
rs201480,AG,AG,GG,GG,AG,AG,GG,AG,GG,AG,GG,AG,GG,GG
rs10271680,CC,TC,TC,CC,TC,TC,CC,TC,TC,TC,TT,TC,TC,TC
rs201492,TC,TC,TT,TT,TC,TC,TT,TC,TT,TC,TT,TC,TT,TT
rs11975153,CC,TC,TC,CC,TC,TC,CC,TC,TC,TC,TT,TC,TC,TC
rs201501,AG,AG,AA,GG,AG,AG,AG,AG,AA,AG,AA,AG,AA,AA
rs201525,TC,CC,TC,CC,CC,CC,TC,CC,TC,CC,CC,CC,TC,TC
rs424028,AA,AG,AG,GG,AG,AG,AG,AG,AG,AG,GG,AG,AG,AG
rs409419,GG,GG,GG,AA,GG,GG,AG,GG,GG,GG,GG,GG,GG,GG
rs411030,CC,CC,CC,TC,CC,CC,TC,CC,CC,CC,CC,CC,CC,CC
rs17135072,GG,GG,GG,AG,GG,GG,GG,GG,GG,GG,GG,GG,GG,GG
rs17498137,TC,CC,TC,CC,CC,CC,CC,CC,TC,CC,CC,CC,TC,TC
rs6465852,AA,AG,AG,GG,AG,AG,GG,AG,AG,AG,GG,AG,AG,AG
rs385417,CC,AC,AC,AC,AC,AC,AC,AC,AC,AC,AA,AC,AC,AC
rs409224,AA,AC,AC,AC,AC,AC,AC,AC,AC,AC,CC,AC,AC,AC
rs449806,TT,TC,TC,CC,TC,TC,CC,TC,TC,TC,CC,TC,TC,TC
rs392606,AA,AA,AA,AG,AA,AA,AG,AA,AA,AA,AA,AA,AA,AA
rs427534,GG,AG,AA,AA,AG,AG,AA,AG,AA,AG,AA,AG,AA,AA
rs367634,TT,TC,TC,CC,TC,TC,TC,TC,TC,TC,CC,TC,TC,TC
rs2734605,TT,TT,TC,TC,TC,TC,TC,TC,TC,TT,CC,TC,TT,TT
rs1734729,TC,CC,CC,TT,TC,TC,CC,CC,CC,CC,CC,CC,CC,CC
rs2694158,GG,TG,TG,GG,TG,TG,TG,TT,TG,TG,TT,TT,TG,TG
rs875659,AG,AG,AG,AA,AA,AA,GG,AA,AG,AG,AA,AG,AG,AG
rs2974957,CC,CC,AC,CC,CC,CC,AC,CC,CC,CC,CC,CC,AC,AC
rs803064,AG,AG,AG,AA,AA,AA,GG,AA,AG,AG,AA,AG,AG,AG
rs712839,AG,GG,GG,GG,GG,GG,AG,GG,AG,AG,GG,AG,GG,GG
rs2274158,GG,TG,TG,GG,TG,TG,GG,TG,TG,GG,TG,GG,GG,GG
rs2274159,AA,AG,AG,AG,AG,GG,AA,GG,AG,AG,AG,AG,AG,AG
rs7849013,AA,AG,AG,AA,AG,AG,AA,AG,AG,AA,AG,AA,AA,AA
rs10739411,AA,AG,AG,AA,AG,AG,AA,AG,AG,AA,AG,AG,AA,AA
rs2181928,AG,GG,AG,AG,GG,GG,GG,GG,AG,AG,GG,AG,AG,AG
rs4978584,CC,TC,TC,CC,TC,TC,CC,TC,TC,CC,TC,CC,CC,CC
rs10817610,TT,TT,TT,TT,TT,TT,TT,TT,TT,TT,TT,TT,TT,TT
rs7851968,AA,GG,GG,AG,GG,GG,GG,GG,AG,AG,GG,GG,GG,AG
rs4978587,AA,AA,AA,AA,AA,AA,AA,AA,AA,AA,AA,AA,AA,AA
rs7044547,CC,AA,AC,AC,AC,AC,AC,AC,AC,CC,AC,AC,CC,CC
rs1924683,CC,CC,CC,CC,CC,CC,CC,CC,CC,CC,CC,CC,CC,CC
rs10982218,TT,TC,TT,TT,TT,TT,TC,TT,TT,TT,TT,TT,TT,TT
rs10513245,AA,AA,AA,AA,AA,AA,AA,AA,AA,AA,AA,AA,AA,AA
rs10982222,GG,AG,AG,GG,AG,AG,GG,AG,AG,GG,AG,AG,GG,GG
rs942520,AA,AC,AC,AA,AC,AC,CC,AC,AA,AC,AC,AC,CC,AC
rs4979397,TC,CC,CC,TT,CC,CC,CC,CC,TC,TC,CC,CC,CC,TC
rs10759707,AG,AG,AG,GG,AG,AG,GG,AG,AG,GG,AG,AG,GG,GG
rs4979402,AG,AA,AA,GG,AA,AA,AA,AA,AG,AG,AA,AA,AA,AG
rs10217748,CC,TC,CC,CC,CC,CC,CC,CC,CC,CC,CC,CC,CC,CC
rs4979407,TC,TT,TC,TT,TC,TT,TT,TC,TC,TT,TC,TC,TT,TT
rs12004144,AA,AA,AA,AA,AA,AA,AA,AA,AA,AA,AA,AA,AA,AA
rs10817618,AC,AC,AC,AA,AC,AC,AA,AC,AC,AA,AC,AC,AA,AA
rs1000709,CC,TT,TT,CC,TC,TT,TT,TT,CC,TC,TC,CC,TC,CC
rs16929518,AA,AA,AA,AA,AA,AA,AA,AA,AA,AA,AA,AA,AA,AA
rs725340,GG,GG,GG,AG,GG,GG,GG,GG,AG,GG,GG,GG,GG,GG
rs1535960,CC,TT,TT,CC,TC,TT,TT,TT,CC,TC,TT,CC,TC,CC
rs12551529,GG,AA,AA,GG,AG,AA,AA,AA,GG,AG,AA,GG,AG,GG
rs4979418,GG,AA,AG,GG,AG,AA,AA,AA,GG,AG,AG,AG,AG,GG
rs2296262,TT,CC,CC,TC,TC,CC,CC,CC,TC,TC,CC,TC,TC,TT
rs12452369,CC,CC,TC,CC,TC,TC,CC,CC,CC,TC,TC,CC,TC,TT
rs2035255,TC,TT,TC,CC,TC,TC,CC,CC,CC,TC,TC,TC,TC,TT
rs8070360,AA,AA,AA,AA,AA,AA,AA,AA,AA,AA,AA,AA,AA,AA
rs12944701,AG,AA,AG,AG,AG,AG,AA,AA,GG,AG,AG,AG,AA,AA
rs899332,CC,CC,TC,TC,TC,TC,TT,TT,CC,TC,TC,CC,TT,TT
rs899333,GG,GG,AG,AG,AG,AG,AA,AA,GG,AG,AG,GG,AA,AA
rs11655786,AC,CC,AC,AC,AC,CC,CC,CC,AC,AC,AC,CC,CC,CC
rs8080379,TC,TT,CC,CC,CC,CC,CC,CC,CC,CC,CC,TC,CC,CC
rs3744224,AA,AA,AC,AC,AC,AC,CC,CC,AA,AC,AC,AA,CC,CC
rs16833535,TT,TT,TG,TG,TG,TT,TT,TT,TT,TT,TT,TT,TT,TT
rs9872909,TT,TT,TC,TC,TC,TT,TT,TC,CC,TT,TC,TC,TC,TC
rs9847351,GG,GG,GG,GG,GG,GG,GG,GG,AA,GG,GG,GG,GG,GG
rs10934619,TT,TT,TC,TC,TC,TT,TT,TT,TT,TT,TT,TT,TT,TT
rs7650313,GG,GG,GG,GG,GG,GG,GG,GG,AA,GG,GG,GG,GG,AG
rs16833588,AA,AA,AG,AG,AG,AA,AA,AA,AA,AA,AA,AA,AA,AA
rs6794427,GG,GG,GG,GG,GG,GG,GG,GG,GG,GG,GG,GG,GG,GG
rs6780615,AA,AG,GG,AG,AG,AA,AA,AG,AA,GG,GG,AG,AG,AG
rs1058562,TC,TT,TT,TC,TT,TT,TT,TT,TT,TT,TC,TT,TC,TT
rs1058564,TC,CC,CC,TC,CC,CC,CC,CC,CC,CC,TC,CC,TC,CC
rs16960870,AA,AA,AA,CC,AA,AA,AA,AA,CC,AA,AA,AA,CC,CC
rs2975004,GG,GG,GG,GG,GG,GG,GG,GG,GG,GG,AA,AA,GG,GG
rs2955387,CC,CC,CC,CC,CC,CC,CC,CC,CC,CC,TT,TT,CC,CC
rs2230317,CC,CC,CC,CC,CC,CC,CC,CC,CC,CC,CC,CC,CC,CC
rs2567599,AA,AG,AA,AA,AA,AA,AA,AA,AG,AA,AG,AA,AA,AA
rs13033744,AG,AG,AA,AG,AG,AG,AA,AG,GG,AG,AG,AG,AA,AG
rs2421559,AG,AG,AA,AG,AG,AG,AA,AG,GG,AG,AG,AG,AA,AG
rs2272051,TC,TC,CC,TC,TC,TC,CC,TC,TT,TC,TC,TC,CC,TC
rs3213178,CC,CC,CC,CC,CC,CC,CC,CC,CC,CC,CC,CC,CC,CC
rs3213172,CC,CC,CC,CC,CC,CC,CC,CC,CC,CC,CC,CC,CC,CC
rs2071056,AG,GG,AA,AG,AA,AG,AA,GG,AG,AG,AG,AA,AA,AA
rs2071054,AG,GG,AA,AG,AA,AG,AA,GG,AG,AG,AG,AA,AA,AA
rs9368188,AG,AG,AA,AG,GG,AG,GG,GG,GG,AA,AA,AG,GG,AA
rs12527393,TT,TT,TT,TT,TT,TT,CC,TC,TT,TT,TT,TT,TC,TT
rs17569598,TC,TC,CC,TC,TT,TC,CC,TC,TT,CC,CC,TC,TC,CC
rs911361,AG,AG,AA,AA,AA,AA,AG,GG,GG,AA,AA,AG,GG,AA
rs9295464,GG,TT,GG,TT,GG,GG,TG,GG,GG,TG,GG,GG,GG,TG
rs746720,TT,GG,TG,GG,TT,TG,TG,GG,TT,TG,TT,GG,TT,TG
rs2328488,CC,CC,CC,CC,CC,TC,CC,TT,CC,CC,CC,TT,CC,CC
rs7752992,GG,AA,GG,AA,GG,AG,AG,AA,GG,AG,GG,AG,GG,AG
rs9465742,GG,GG,AG,GG,GG,GG,GG,GG,GG,GG,GG,GG,GG,GG
rs7760528,TT,TT,TC,TC,TT,TC,TT,CC,TT,TT,TT,CC,TT,TT
rs9295468,CC,CC,TC,CC,CC,CC,CC,CC,CC,CC,CC,TC,CC,CC
rs6938550,AA,AA,AG,AA,AA,AA,AA,AA,AA,AA,AA,AG,AA,AA
rs6926668,AA,AG,AG,AG,AA,AA,AG,AA,AA,AG,AA,AA,AA,AG
rs12205236,CC,AC,AC,AC,AC,CC,AC,CC,CC,AC,CC,CC,CC,AC
rs4712500,CC,CC,TC,CC,TC,CC,CC,CC,CC,CC,CC,CC,CC,CC
rs3828858,AA,AG,AA,AG,AA,AA,AG,AA,AA,AG,AA,AA,AA,AG
rs3806114,AG,AG,AG,GG,AG,AG,AG,AG,GG,AA,AA,AA,AG,AA
rs7747931,AG,AG,AG,GG,AG,AG,GG,AG,GG,AG,AA,AA,AG,AG
rs11964747,TC,CC,TC,CC,CC,CC,CC,CC,CC,CC,TT,CC,CC,CC
rs4134958,AG,GG,AG,AA,AA,AG,AG,AG,AA,AG,GG,GG,AA,AG
rs4134967,GG,GG,GG,GG,GG,GG,GG,GG,GG,AG,GG,GG,AG,AG
rs2328524,GG,GG,GG,GG,GG,AG,AG,AG,GG,AG,GG,AA,GG,AG
rs4134982,GG,GG,GG,GG,GG,GG,GG,GG,GG,GG,GG,GG,GG,GG
rs4134989,TT,TC,TT,TT,TT,TT,TT,TT,TT,TT,TT,TT,TT,TT
rs3730393,GG,GG,GG,GG,GG,GG,GG,GG,AG,GG,GG,GG,GG,AG
rs3730394,GG,GG,GG,GG,GG,GG,GG,GG,GG,GG,GG,GG,GG,GG
rs3730397,CC,TC,CC,TC,CC,CC,CC,CC,CC,CC,CC,CC,CC,CC
rs3730403,TT,TG,TT,TG,TT,TT,TT,TT,TT,TT,TT,TT,TT,TT
rs3730406,CC,CC,CC,CC,CC,CC,CC,CC,CC,CC,CC,CC,CC,CC
rs3809629,CC,CC,CC,CC,CC,CC,CC,CC,CC,CC,CC,CC,CC,CC
rs11700,AA,AG,AA,AG,AA,AA,AA,AA,AA,AA,AA,AA,AA,AA
rs6712902,TT,TT,TT,TT,TT,TT,TT,TT,TT,TT,TT,TT,TT,TT
rs4292073,AA,CC,CC,AC,AC,AC,CC,AC,AC,AC,CC,AA,CC,CC
rs3791679,AG,AG,AA,AA,AG,AA,AG,GG,GG,AA,AA,AG,GG,AG
rs17047290,TT,TT,TT,TT,TT,TC,TC,TT,TT,TC,TC,TT,TT,TC
rs1346786,TC,TC,CC,CC,TC,CC,TC,TT,TT,CC,CC,TC,TT,TC
rs3791675,TC,TC,CC,CC,TC,CC,TC,TT,TT,CC,CC,TC,TT,TC
rs10496055,GG,GG,GG,GG,GG,GG,GG,GG,GG,GG,GG,GG,GG,GG
rs10865291,AG,AG,GG,GG,AG,GG,AG,AA,AA,AG,GG,AA,AA,AA
rs727878,TC,TC,CC,CC,TC,CC,TC,TT,TT,TC,CC,TT,TT,TT
rs1344733,TT,TC,TT,TC,TT,TT,TC,TT,TT,TT,TC,TC,TC,TT
rs3791661,AA,AC,AA,AC,AA,AA,AC,AA,AA,AA,AC,AC,AC,AA
rs3791660,TG,GG,TT,TG,TG,TT,GG,GG,GG,TG,TG,GG,GG,GG
rs1430195,AA,AG,AA,AG,AA,AA,AG,AA,AA,AA,AG,AG,AG,AA
rs7559906,TC,TT,CC,TC,TC,CC,TT,TT,TT,TC,TC,TT,TT,TT
rs4233964,TT,TT,TT,TC,TT,TT,TC,TT,TT,TT,TT,TT,TT,TT
rs12292,GG,GG,GG,GG,GG,GG,GG,GG,GG,GG,GG,GG,GG,GG
rs10496056,AA,AA,AA,AA,AA,AA,AA,AA,AA,AA,AA,AA,AA,AA
rs11743810,TC,CC,TC,TC,CC,CC,TC,TT,TC,TC,TC,TC,TC,TT
rs10995314,CC,CC,CC,CC,CC,CC,CC,CC,CC,CC,CC,CC,CC,CC
rs286925,GG,AG,AG,AG,GG,AG,AG,GG,GG,AG,GG,AG,AG,GG
rs717582,CC,CC,CC,TC,CC,TT,TT,CC,TC,TC,CC,TC,TC,TC
rs286921,CC,TC,TC,CC,CC,CC,CC,CC,CC,TC,CC,TC,TC,CC
rs443816,CC,CC,CC,TC,CC,TT,TT,CC,TC,TC,CC,TC,CC,TC
rs16925912,CC,CC,CC,CC,CC,CC,CC,CC,CC,CC,CC,CC,CC,CC
rs16925915,CC,TC,TC,CC,CC,CC,CC,CC,CC,TC,CC,TC,CC,CC
rs10488740,TT,TC,TC,TC,TT,CC,CC,TT,TC,CC,TT,CC,TC,TC
rs12283617,GG,GG,GG,GG,GG,GG,GG,GG,GG,GG,GG,GG,GG,GG
rs10768085,GG,GG,GG,AG,GG,AA,AA,GG,AG,AG,GG,AG,AG,AG
rs1377496,GG,GG,GG,GG,GG,GG,GG,GG,GG,GG,GG,GG,GG,GG
rs17358295,TT,TT,TT,TG,TT,TG,GG,TT,TT,TG,TT,TT,TT,TT
rs286913,GG,GG,GG,GG,GG,GG,GG,GG,GG,GG,GG,GG,AG,GG
rs968251,TT,TG,TT,TT,TT,TT,TT,TT,TT,TT,TT,TG,TT,TT
rs7945550,AA,AA,AA,AG,AA,GG,GG,AA,AG,AG,AA,AG,AG,AG
rs286912,TT,TT,TT,TC,TT,CC,CC,TT,TC,TC,TT,TC,TT,TC
rs7936502,TT,TG,TT,TG,TG,TT,TG,TT,TT,TG,TT,GG,GG,TG
rs12366193,AC,AC,CC,CC,AC,AA,AC,CC,AC,CC,CC,AC,CC,CC
rs3794155,GG,GG,GG,GG,GG,AA,GG,GG,AG,GG,GG,GG,GG,GG
rs286905,GG,GG,AG,GG,AG,GG,AG,GG,GG,AA,GG,AG,AG,GG
rs3751074,GG,GG,GG,GG,TG,GG,TG,TG,GG,TG,TG,TG,TG,GG
rs3751075,CC,CC,AC,CC,AC,CC,AC,AC,CC,AA,AC,AC,AC,CC
rs3751076,AA,AA,AA,AG,AA,AG,AG,AA,AG,AA,AA,AG,AG,AG
rs9804460,CC,TC,CC,CC,CC,CC,CC,CC,CC,CC,CC,CC,CC,CC
rs286899,GG,AG,GG,GG,AG,AG,GG,GG,GG,GG,GG,GG,GG,GG
rs11032801,CC,CC,CC,CC,CC,CC,CC,CC,CC,CC,CC,CC,CC,CC
rs10488739,TC,CC,TC,CC,CC,CC,CC,TC,CC,TT,TC,TT,TC,TC
rs3818514,AG,AG,AG,AA,AG,AG,GG,AG,AA,GG,AG,GG,GG,AG
rs7925421,AG,AG,AG,AA,AG,AG,GG,AG,AA,GG,AG,GG,GG,AG
rs7940320,TC,TT,TC,TT,TT,TT,TT,TC,TT,CC,TC,CC,TC,TC
rs286887,CC,TC,CC,CC,TC,TC,CC,CC,CC,CC,CC,CC,CC,CC
rs1056835,CC,CC,TC,TT,TC,CC,TC,TC,TT,TT,TT,TT,TC,CC
rs1056824,AA,AA,AG,GG,AG,AA,AG,AG,GG,GG,GG,GG,AG,AA
rs9566629,TC,CC,CC,CC,CC,CC,TC,TC,CC,CC,CC,CC,CC,TC
rs7987185,TC,TT,TC,CC,TC,TT,CC,CC,CC,CC,CC,CC,TC,TC
rs9525435,TT,TT,TC,TT,TC,TT,TC,TC,TT,TC,TT,CC,TC,TT
rs7799,TT,TT,TC,CC,TC,TT,TC,TC,CC,CC,CC,CC,TC,TT
rs10507487,TC,TT,TC,CC,TC,TT,TC,CC,CC,CC,CC,CC,TC,TC
rs10507489,AG,AA,AG,GG,AG,AA,AG,GG,GG,GG,GG,GG,AG,AG
rs9594472,AG,GG,AG,AA,AG,GG,AG,AA,AA,AA,AA,AA,AG,AG
rs7334701,GG,GG,AG,GG,AG,GG,AG,AG,GG,AG,GG,AA,AG,GG
rs9315801,AC,CC,CC,AC,CC,CC,CC,AC,AA,AC,AA,AC,CC,CC
rs3788848,TT,TT,TT,TT,TT,TT,TC,TC,TT,TT,TT,TT,TC,TC
rs3788846,CC,CC,CC,CC,CC,CC,CC,CC,CC,CC,CC,CC,CC,CC
rs11096260,AA,AA,AA,AA,AA,AA,AA,AA,AA,AA,AA,AA,AA,AA
rs209990,AG,GG,GG,AA,GG,AA,AA,AA,AA,AG,GG,AG,AG,AG
rs210009,AG,AA,AA,GG,AA,GG,GG,GG,GG,AG,AA,AG,AG,AG
rs210011,TC,CC,CC,TT,CC,TT,TT,TT,TT,TC,CC,TC,TC,TC
rs12858396,AA,AA,AA,AA,AA,AA,AA,AA,AA,AA,AA,AA,AA,AA
rs2227997,CC,CC,CC,CC,CC,CC,CC,CC,CC,CC,CC,CC,CC,CC
rs1998837,TT,TT,TT,TT,CC,TT,TC,TC,CC,TC,CC,TT,TC,TT
rs2283735,TT,TT,TT,TT,CC,TT,TC,TC,CC,TC,CC,TT,TC,TT
rs2742918,GG,GG,GG,GG,GG,GG,GG,GG,GG,GG,GG,GG,GG,GG
rs722527,CC,CC,CC,AC,CC,CC,CC,CC,AA,CC,CC,CC,AC,CC
rs2268509,GG,AG,AG,AG,GG,AA,AA,AG,GG,AG,AA,AA,AG,GG
rs10735341,GG,GG,GG,AG,GG,GG,GG,GG,AA,GG,GG,GG,AG,GG
rs2075362,AA,AG,AG,GG,AA,GG,GG,AG,GG,AG,GG,GG,GG,AG
rs2300554,AA,AG,AG,AG,AA,GG,GG,AG,AG,AG,GG,GG,AG,AA
rs2302902,TT,TC,TC,CC,TC,CC,CC,CC,CC,CC,CC,CC,CC,TC
rs2300553,AA,AC,AC,AA,AA,AA,AC,AC,AA,AC,CC,AC,AA,AC
rs4762140,CC,TC,CC,CC,CC,CC,TC,TC,CC,TC,TT,CC,CC,CC
rs10777775,CC,TC,TC,TT,TC,TT,TT,TT,TT,TT,TT,TC,TT,TC
rs6538703,TT,TT,TT,TC,TC,CC,TC,TT,TC,TT,TT,TT,CC,TT
rs10777776,CC,AC,CC,AC,AC,AA,AA,AA,AC,AA,AA,AC,AA,CC
rs2300552,AA,AA,AA,GG,AG,GG,AA,AG,GG,AG,AA,GG,GG,AG
rs4608180,AA,AA,AA,AG,AG,AG,AA,AA,AG,AA,AA,AA,AG,AA
rs4762291,AG,AG,AG,AG,GG,AG,AG,AG,GG,AG,AA,AA,AG,GG
rs10745751,AC,AC,AC,CC,AC,CC,AC,CC,CC,CC,CC,CC,CC,AC
rs4762144,TT,TT,TT,TC,TC,TC,TT,TT,TC,TT,TT,TT,TC,TT
rs7974921,AG,AG,AG,AA,AG,AA,AG,AG,AA,AG,AA,AA,AA,GG
rs2302901,GG,GG,GG,GG,GG,GG,GG,GG,GG,GG,GG,GG,AG,GG
rs4573566,TT,TT,TT,CC,TT,TC,TT,TC,TT,TT,TC,TT,TT,TC
rs3789461,CC,CC,CC,TT,CC,TC,CC,TC,CC,CC,TC,CC,CC,TC
rs2185811,TT,TT,TT,CC,TT,TC,TT,TC,TT,TT,TC,TT,TT,TC
rs1468691,GG,GG,GG,GG,GG,GG,GG,GG,GG,GG,GG,GG,GG,GG
rs13382091,GG,GG,GG,GG,GG,GG,GG,GG,GG,GG,GG,GG,GG,GG
rs3020334,AG,AA,AA,AG,AG,AG,AG,AA,AG,AG,AG,AG,AA,AA
rs1293936,TG,TT,TT,TG,TG,GG,TG,TT,GG,TG,TG,TG,TT,TT
rs11967900,TT,TT,TT,TT,TT,TT,TT,TT,TT,TT,TT,TT,TT,TT
rs851982,TC,TT,TT,TC,TC,TC,TC,TT,TC,TC,TC,TC,TT,TT
rs12525163,TC,TT,TT,TT,TC,CC,TT,TT,CC,TC,TC,TC,TT,TT
rs10484921,AC,CC,CC,CC,AC,AC,CC,CC,AC,AC,AC,AC,CC,CC
rs1159327,TC,CC,CC,CC,TC,TT,CC,CC,TT,TC,CC,TC,CC,CC
rs11964488,AA,AA,AA,AA,AA,AA,AA,AA,AA,AA,AA,AA,AA,AA
rs3020343,TC,CC,CC,TC,TC,TT,TT,CC,TT,TC,CC,TC,CC,CC
rs12195741,CC,CC,CC,TC,CC,CC,TT,CC,CC,CC,CC,CC,CC,CC
rs1856058,CC,CC,CC,CC,CC,CC,CC,CC,CC,CC,CC,CC,CC,CC
rs2982551,TG,GG,GG,TG,TG,TG,TT,GG,TG,TG,GG,TG,GG,GG
rs3020306,TC,CC,CC,TC,TC,TC,TT,CC,TC,TC,CC,TC,CC,CC
rs1999805,AG,GG,GG,AG,AG,AA,AA,GG,AA,AG,GG,AG,GG,GG
rs1336981,TT,TT,CC,TC,TC,TT,TT,CC,TT,TC,CC,TC,TC,CC
rs1890010,TT,CC,TC,TT,TC,TT,TT,CC,TT,TT,TC,TT,TC,TT
rs2485209,AC,AA,AC,AC,AC,AA,AA,CC,AA,AA,CC,AC,AC,AC
rs6939257,AA,AA,AA,AG,AA,AG,AA,AA,AG,AA,AG,AG,AG,AG
rs6939683,AA,AA,AA,AG,AA,AA,AA,AA,AA,AA,AG,AG,AG,AG
rs2504063,GG,AA,AG,AG,AG,AG,GG,AA,AG,GG,AA,AG,AA,AG
rs4870053,GG,AA,GG,AG,GG,AG,GG,GG,AG,GG,AG,AG,AA,AG
rs2504065,AG,GG,AG,AG,AG,GG,AA,GG,AG,AA,GG,GG,GG,AG
rs2248586,AG,AA,AG,AA,AG,AG,AA,GG,AA,AA,AG,AG,AA,AA
rs1285057,TC,CC,TC,TC,TC,CC,TC,TC,CC,CC,TC,TC,TC,TC
rs543650,TG,TT,TG,TG,TG,TG,TG,GG,TG,TG,GG,GG,TG,TT
rs17081685,AA,AA,AA,AA,AA,AA,AA,AA,AA,AA,AG,AG,AA,AA
rs2881766,TT,TT,TT,TT,TG,TT,TT,TT,TG,TT,TG,TG,TT,TT
rs11964281,CC,CC,CC,CC,TC,CC,CC,CC,TC,CC,CC,CC,CC,CC
rs488133,CC,CC,TC,TC,TC,TC,TC,CC,TC,TC,CC,CC,CC,TT
rs9371556,GG,GG,GG,GG,GG,GG,GG,GG,GG,GG,GG,GG,GG,GG
rs2077647,CC,TT,TC,TC,TC,TC,TC,CC,TC,TC,TC,TC,CC,TT
rs532010,GG,AA,AG,AG,AA,AG,AG,GG,AA,AG,AG,AG,GG,AA
rs6920483,GG,GG,GG,GG,GG,GG,GG,GG,GG,GG,GG,GG,GG,GG
rs13362744,CC,CC,CC,CC,CC,CC,CC,CC,CC,CC,CC,CC,CC,CC
rs9340776,AA,AA,AA,AA,AA,AA,AA,AA,AA,AA,AA,AA,AA,AA
rs9371557,AA,AA,AA,AA,AA,AA,AA,AA,AA,AA,AA,AA,AA,AA
rs7759411,CC,CC,CC,CC,CC,CC,CC,CC,CC,CC,CC,CC,CC,CC
rs11969288,GG,GG,GG,GG,GG,GG,GG,GG,GG,GG,GG,GG,GG,GG
rs11155813,TT,TT,TT,TT,TC,TT,TT,TT,TC,TT,TT,TT,TT,TT
rs7761133,TT,TT,TT,TT,TC,TT,TT,TT,TC,TT,TT,TT,TT,TT
rs6909023,GG,GG,GG,GG,GG,GG,GG,GG,GG,GG,GG,GG,GG,GG
rs827423,GG,AA,AG,AG,AG,AG,AG,GG,AG,AG,AG,AG,GG,AA
rs17081771,AA,AA,AA,AA,AA,AA,AA,AA,AA,AA,AA,AA,AA,AA
rs17081781,AA,AA,AA,AA,AA,AA,AA,AA,AA,AA,AA,AA,AA,AA
rs9322331,TT,CC,TC,TC,CC,TC,TC,TC,CC,CC,TC,TC,TT,CC
rs9340820,TT,TT,TT,TT,TT,TT,TT,TT,TT,TT,TT,TT,TT,TT
rs1514348,TG,TT,TG,GG,TG,TG,GG,TG,TT,TT,TG,TG,GG,TT
rs1643821,AG,GG,AG,AA,AG,AG,AA,AG,GG,GG,AG,AG,AA,GG
rs11155819,TC,TT,TC,CC,TC,TC,CC,TC,TT,TC,TC,TT,TC,TT
rs9322335,TC,TC,TC,CC,CC,TC,CC,TC,TC,TC,CC,TC,CC,TC
rs9322336,TC,TC,TC,TT,TT,TT,TT,TC,TC,TC,TT,TC,TT,TC
rs6557170,AG,AG,AG,AG,GG,GG,GG,AG,AG,AG,GG,GG,AG,AA
rs11155820,AG,AA,AG,AG,AG,GG,GG,AG,AA,AG,AG,AG,AA,AA
rs7761846,TT,TT,TT,TT,TT,TT,TT,TT,TT,TT,TC,TC,TT,TT
rs2347867,AG,AG,AG,AG,AA,AA,AA,AG,AG,AG,AG,AG,AG,GG
rs6557171,TC,TC,TC,TC,CC,CC,CC,TC,TC,TC,TC,TC,TC,TT
rs11155823,GG,GG,GG,GG,GG,GG,GG,GG,GG,GG,GG,GG,GG,GG
rs988328,TC,TC,TC,TC,TT,TT,TT,TC,TC,TT,TT,TT,TT,TC
rs9383598,CC,CC,CC,CC,CC,CC,CC,CC,CC,CC,CC,CC,CC,CC
rs4583998,AG,AG,AG,AA,GG,GG,GG,AG,AG,AG,GG,AG,GG,AA
rs9397459,GG,GG,GG,GG,GG,GG,GG,GG,GG,GG,GG,GG,GG,GG
rs3020410,CC,CC,CC,CC,CC,CC,CC,CC,CC,AC,CC,AC,CC,AC
rs3003917,AG,AG,AG,AG,AA,AA,AA,AG,AA,AG,AG,AA,AA,AG
rs3020424,TC,TC,TC,TT,CC,CC,CC,TC,CC,TC,CC,CC,CC,TT
rs3020314,TC,TC,TC,CC,TT,TT,TT,TC,TT,TC,TC,TT,TT,CC
rs3003921,TC,TC,TC,TC,CC,CC,CC,TC,CC,TT,TC,CC,CC,TC
rs985191,AA,AA,AA,AC,AA,AA,AA,AA,AA,AA,AA,AA,AA,AC
rs3003925,AA,AG,AA,AG,AA,AA,AA,AG,AA,GG,AA,AG,AA,AG
rs2982689,TT,TC,TT,TC,TT,TT,TT,TC,TC,CC,TC,TT,TT,TC
rs7739506,AA,AA,AA,AA,AA,AA,AA,AA,AA,AA,AA,AA,AA,AA
rs985695,TC,CC,TC,TC,CC,CC,CC,CC,CC,CC,CC,TC,CC,CC
rs6938143,CC,CC,CC,CC,CC,CC,CC,CC,CC,CC,CC,CC,CC,CC
rs2347869,AC,AC,AC,CC,AA,AA,AA,AC,AC,CC,AC,AC,AA,AC
rs2347872,CC,TC,CC,TC,CC,CC,CC,TC,TC,TT,CC,CC,CC,TC
rs3020325,AG,AG,AG,GG,AA,AA,AA,AG,AG,GG,AG,AG,AA,AG
rs2982683,TC,CC,TC,CC,TC,TT,TT,TC,TC,CC,TC,TC,CC,CC
rs7769328,GG,GG,GG,GG,GG,GG,GG,GG,GG,GG,GG,GG,GG,GG
rs9340939,CC,CC,CC,CC,CC,CC,CC,CC,CC,CC,CC,CC,CC,CC
rs726281,AA,AG,AA,GG,AA,AA,AA,AG,AA,AA,AG,AG,AA,AA
rs728524,AA,AA,AA,AA,AA,AA,AA,AA,AA,AA,AG,AA,AA,AA
rs9397463,CC,CC,CC,TC,CC,CC,CC,CC,CC,CC,CC,TC,CC,CC
rs926777,CC,AC,CC,AA,CC,CC,CC,AC,CC,CC,CC,AC,CC,CC
rs2982684,CC,AC,CC,AC,CC,CC,CC,AC,CC,CC,CC,CC,CC,CC
rs9371236,AA,AA,AA,AA,AA,AA,AA,AA,AA,AA,AG,AA,AA,AA
rs3020407,AG,AG,AA,GG,AA,AG,AA,AG,AA,AA,AG,AG,AA,AA
rs2144025,CC,TC,CC,TT,CC,CC,TC,TC,CC,CC,TC,CC,CC,CC
rs7743290,TG,TG,TT,TG,TT,TT,TT,TG,TT,TT,TT,TG,TT,TT
rs9340941,CC,CC,CC,CC,CC,CC,CC,CC,CC,CC,TC,CC,CC,CC
rs9340944,AG,GG,GG,GG,GG,GG,GG,GG,GG,GG,GG,AG,GG,GG
rs722208,AG,AG,AA,AG,AA,AA,AA,AG,AA,AA,AG,AG,AA,AA
rs17082000,CC,CC,CC,CC,CC,CC,CC,CC,CC,CC,CC,CC,CC,CC
rs1569788,TC,TC,TT,TC,TT,TT,TT,TC,TT,TT,TC,TC,TT,TT
rs9340958,TC,CC,CC,CC,CC,CC,CC,CC,CC,CC,CC,CC,CC,CC
rs13203975,GG,AG,GG,AG,GG,GG,GG,AG,GG,GG,GG,AG,GG,GG
rs9340978,AG,GG,GG,GG,GG,GG,GG,GG,GG,GG,GG,GG,GG,GG
rs9478265,GG,GG,GG,GG,GG,GG,GG,GG,AG,GG,AG,GG,GG,GG
rs2982712,TC,TC,TT,TC,TC,TT,TT,CC,TC,TC,CC,TC,TT,TT
rs3020434,TC,CC,CC,CC,CC,CC,CC,TC,CC,CC,TC,TC,CC,CC
rs3020365,TG,TG,GG,TG,GG,GG,GG,TT,TG,GG,TT,TG,GG,GG
rs3020366,TC,TC,TT,TC,TT,TT,TT,CC,TC,TT,CC,TC,TT,TT
rs3020368,TC,CC,CC,CC,CC,CC,CC,CC,CC,CC,CC,TC,CC,CC
rs6932864,GG,AG,GG,AG,GG,GG,GG,AG,GG,GG,GG,GG,GG,GG
rs2273206,GG,TG,GG,TG,GG,GG,GG,TG,GG,GG,GG,GG,GG,GG
rs2273207,AA,AG,AA,AG,AA,AA,AA,AG,AA,AA,AA,AA,AA,AA
rs2207396,AG,GG,GG,GG,GG,GG,GG,AG,AG,GG,AA,AG,GG,GG
rs3778082,GG,AG,GG,AG,GG,GG,GG,AG,GG,GG,GG,GG,GG,GG
rs3020375,AC,AC,AA,AC,AA,AA,AA,CC,AC,AA,CC,AC,AA,AA
rs12199102,CC,CC,CC,CC,CC,CC,AC,CC,CC,CC,CC,CC,AC,CC
rs3020382,TC,TT,TT,TT,TT,TT,TT,TC,TT,TT,TC,TC,TT,TT
rs2982900,TC,CC,CC,CC,CC,CC,CC,CC,CC,CC,CC,CC,CC,CC
rs9341052,AA,AA,AA,AA,AA,AA,AA,AG,AA,AA,AG,AA,AA,AA
rs2228480,GG,GG,GG,AG,AG,GG,GG,GG,AG,GG,GG,AG,AG,AG
rs3798758,CC,CC,CC,CC,CC,CC,CC,CC,CC,CC,CC,CC,AC,CC
rs3798757,TT,TT,TT,TT,TT,TT,TT,TT,TT,TT,TT,TT,TT,TT
rs493052,GG,GG,GG,GG,GG,GG,GG,GG,GG,GG,GG,GG,GG,GG
rs11600990,CC,TC,CC,CC,TC,CC,CC,CC,TC,CC,CC,TC,CC,CC
rs3738493,GG,GG,GG,GG,GG,GG,GG,GG,GG,GG,GG,GG,GG,GG
rs3738492,AA,AA,AA,AA,AA,AA,AA,AA,AA,AA,AA,AA,AA,AA
rs11572832,TT,TT,TT,TT,TT,TT,TT,TT,TT,TT,TT,TT,TT,TT
rs9803970,AA,AA,AA,AA,AA,AA,AA,AA,AA,AA,AA,AA,AA,AA
rs7529338,GG,AA,AA,AA,AA,AG,AG,AA,AA,AA,AG,AG,AA,AG
rs17042719,TT,TT,TT,TT,TT,TT,TT,TT,TT,TT,TT,TT,TT,TT
rs6604627,CC,TC,TC,CC,TC,CC,CC,CC,TC,TC,CC,CC,CC,CC
rs10779265,CC,TC,TC,TT,TC,TC,TC,TT,TC,TC,TC,TC,TT,TC
rs945453,CC,TC,TC,TT,TC,TC,TC,TT,TC,TC,TC,TC,TT,TC
rs12027943,CC,TC,TC,TT,TC,TC,TC,TT,TC,TC,TC,TC,TT,TC
rs12745466,AA,GG,GG,GG,GG,AG,AG,GG,GG,GG,AG,AG,GG,AG
rs12058696,AA,AG,AA,AA,AA,AA,AA,AG,AA,AA,AA,AA,AA,AA
rs11117608,AA,AG,AG,AA,AG,AA,AA,AA,AG,AG,AA,AA,AA,AA
rs6696225,TC,TC,TT,TC,TT,TC,TC,TC,TC,TT,TC,TT,TT,TC
rs9651260,TT,TT,TT,TT,TT,TT,TT,TT,TC,TT,TT,TT,TT,TT
rs1833036,TG,TG,GG,TG,GG,TG,TG,GG,GG,GG,TG,GG,GG,TG
rs6694260,CC,AC,CC,CC,CC,CC,CC,CC,CC,CC,CC,CC,CC,CC
rs2377098,TG,GG,GG,TG,GG,TG,TG,GG,TG,GG,TG,GG,GG,TG
rs12145418,TG,GG,GG,TG,GG,TG,TG,GG,GG,GG,TG,GG,GG,TG
rs11572795,GG,GG,GG,GG,GG,GG,GG,GG,AG,GG,GG,GG,GG,GG
rs10495028,CC,CC,CC,CC,CC,CC,CC,CC,CC,CC,CC,CC,CC,CC
rs1846224,AG,AA,AA,AG,AA,AG,AG,AA,AA,AA,AG,AA,AA,AG
rs10442688,TC,TT,TT,TC,TT,TC,TC,TT,TT,TT,TC,TT,TT,TC
rs4846528,TC,CC,CC,TC,CC,TC,TC,CC,CC,CC,TC,CC,CC,TC
rs10863252,AG,AG,GG,AG,AA,AG,AG,AA,AA,AA,AG,AA,AA,AG
rs1566224,TT,CC,TT,TT,TT,TT,CC,CC,TT,TT,TC,TT,TT,TT
rs17668665,AA,AA,AA,AG,AG,AA,AA,AA,AA,AA,AA,GG,GG,AA
rs7520795,GG,GG,GG,AG,AG,GG,GG,GG,GG,GG,GG,AA,AA,GG
rs6693114,TT,TT,TT,TT,TT,TT,TT,TT,TT,TT,TT,TT,TT,TT
rs7553212,AG,AA,GG,AA,AA,AA,AA,AA,AG,AA,AA,AA,AA,AG
rs11572766,CC,CC,CC,TC,TT,CC,CC,TC,CC,TC,CC,TT,TT,TC
rs11117625,TC,TC,CC,TC,CC,TC,TC,CC,CC,CC,TC,CC,CC,CC
rs1984137,AG,AG,AA,GG,GG,AG,AG,AG,AA,AG,AG,GG,GG,AG
rs17042922,CC,CC,CC,CC,CC,CC,CC,CC,CC,CC,CC,CC,CC,CC
rs17042929,AA,AA,AA,AA,AA,AA,AA,AA,AA,AA,AA,AA,AA,AA
rs1857409,AA,AA,AA,AA,AA,AA,AA,AA,AA,AA,AA,AA,AA,AA
rs1335964,GG,AG,GG,GG,GG,AG,AG,AG,GG,AG,AG,GG,GG,GG
rs6701062,TC,CC,TT,CC,CC,CC,CC,CC,TT,CC,CC,CC,CC,TC
rs17042952,TT,TT,TT,TT,TT,TT,TT,TT,TT,TT,TT,TT,TT,TT
rs17669622,AG,GG,AA,GG,GG,GG,GG,GG,AG,GG,GG,GG,GG,AG
rs10218694,AC,CC,AC,CC,CC,CC,CC,CC,AA,CC,CC,CC,CC,CC
rs2201838,GG,AG,GG,GG,GG,AG,AG,AG,GG,AG,AG,GG,GG,GG
rs1833039,CC,CC,CC,TC,TT,CC,CC,TC,CC,TC,CC,TT,TT,TC
rs7544758,TC,CC,TC,CC,CC,CC,CC,CC,TT,CC,CC,CC,CC,CC
rs1826977,AA,AA,AA,AA,AA,AG,AG,AG,AA,AG,AG,AA,AA,AA
rs10863259,GG,AG,GG,AA,AA,AG,AG,AG,GG,AA,AG,AA,AA,GG
rs11572727,TC,TC,TC,TT,TT,TC,TC,TC,TT,TT,TC,TT,TT,CC
rs7553463,AG,GG,AG,GG,GG,GG,GG,GG,AA,GG,GG,GG,GG,GG
rs6673703,CC,CC,CC,CC,CC,TC,TC,TC,CC,TC,TC,CC,CC,CC
rs1970625,TC,TT,TC,TT,TT,TC,TC,TC,CC,TC,TC,TT,TT,TT
rs1857407,AG,GG,AG,GG,GG,AG,AG,AG,AA,AG,AG,GG,GG,GG
rs11577585,GG,AG,GG,AA,AA,GG,GG,GG,GG,AG,GG,AA,AA,GG
rs1414529,TC,TT,TC,TT,TT,TT,TT,TT,CC,TT,TT,TT,TT,TT
rs1414530,AG,GG,AG,GG,GG,GG,GG,GG,AA,GG,GG,GG,GG,GG
rs12089054,CC,CC,CC,CC,CC,CC,CC,CC,TC,CC,CC,CC,CC,CC
rs10779269,AA,AA,AA,AA,AA,AG,AG,AG,AA,AG,AG,AA,AA,AA
rs1846228,AA,AC,AA,CC,CC,AC,AC,AC,AC,CC,AC,CC,CC,AA
rs1817998,TT,TT,TT,TT,TT,TC,TC,TC,TT,TC,TC,TT,TT,TT
rs1498282,CC,CC,CC,CC,CC,TC,TC,TC,CC,TC,TC,CC,CC,CC
rs2047429,GG,TG,GG,TT,TT,GG,GG,GG,TG,TG,GG,TT,TT,GG
rs4846617,AA,AA,AA,AA,AA,AA,AG,AG,AA,AA,AG,AA,AA,AA
rs6700565,GG,GG,GG,GG,GG,GG,GG,GG,GG,GG,GG,GG,GG,GG
rs11117644,TT,TC,TT,TC,TC,TC,TC,TC,TC,CC,TC,CC,CC,TT
rs7538424,TC,CC,TT,TC,TC,CC,CC,CC,TC,CC,CC,CC,CC,CC
rs1339344,GG,GG,GG,GG,GG,GG,GG,GG,GG,GG,GG,GG,GG,GG
rs946468,AG,AA,GG,AG,AG,AA,AA,AA,AG,AA,AA,AA,AA,AA
rs10495032,GG,GG,GG,GG,GG,GG,GG,GG,GG,GG,GG,GG,GG,GG
rs7550534,AC,CC,AA,AC,AC,CC,CC,CC,AC,CC,CC,CC,CC,CC
rs946465,TT,TT,TT,TT,TT,TT,TT,TT,TT,TT,TT,TT,TC,TT
rs1416612,CC,CC,CC,CC,CC,CC,CC,CC,CC,CC,CC,CC,TC,CC
rs10127480,TC,TC,CC,CC,CC,TC,TC,TC,CC,CC,TC,CC,TC,TT
rs2133123,TT,TT,TT,TT,TT,TT,TC,TC,TT,TT,TC,TT,TC,TT
rs12121367,TC,TC,TT,TT,TT,TC,TC,TC,TT,TT,TC,TT,TT,CC
rs4426040,GG,GG,GG,GG,GG,GG,GG,GG,GG,GG,GG,GG,AG,GG
rs12754372,CC,CC,CC,CC,CC,CC,TC,TC,CC,CC,TC,CC,CC,TC
rs6695824,TC,TC,CC,CC,CC,TC,TC,TC,CC,CC,TC,CC,CC,TC
rs11580756,AA,AG,AA,AG,GG,AG,AA,AA,AG,GG,AA,GG,AG,AA
rs4846641,AG,AG,GG,GG,GG,AG,AA,AA,GG,GG,AA,GG,GG,AA
rs4085154,AG,AG,AA,AA,AA,AG,AG,AG,AA,AA,AG,AA,AG,AG
rs17043350,AA,AA,AA,AA,AA,AA,AG,AG,AA,AA,AG,AA,AA,AG
rs2211118,AA,AA,AA,AA,AA,AA,AA,AA,AA,AA,AA,AA,AG,AA
rs11117663,TC,TC,TT,TT,TT,TC,TC,TC,TT,TT,TC,TT,TT,TC
rs2820883,CC,CC,CC,CC,CC,CC,CC,CC,CC,CC,CC,CC,CC,CC
rs17627954,CC,TC,CC,TC,TT,TC,CC,CC,TC,TT,CC,TT,TC,CC
rs2789724,GG,GG,GG,GG,GG,GG,GG,GG,GG,GG,GG,GG,GG,GG
rs17679272,CC,TC,CC,TC,TT,TC,CC,CC,TC,TT,CC,TT,TC,CC
rs2066108,AC,CC,AA,AC,CC,CC,CC,CC,AC,CC,CC,CC,CC,CC
rs1416611,TT,TT,TT,TT,TT,TT,TC,TC,TT,TT,TC,TT,TT,TT
rs11572672,GG,GG,GG,GG,GG,GG,AG,AG,GG,GG,AG,GG,GG,GG
rs2789718,GG,GG,GG,GG,GG,GG,GG,GG,GG,GG,GG,GG,GG,AG
rs1416620,AA,AG,AA,AG,GG,AA,AA,AA,AG,AG,AA,GG,AG,AA
rs10495034,CC,CC,CC,CC,CC,CC,CC,CC,CC,CC,CC,CC,TC,CC
rs2820878,TG,GG,TG,TG,GG,GG,GG,GG,TG,GG,GG,GG,TG,GG
rs12144183,CC,TC,TC,CC,CC,TC,TC,TC,CC,CC,TC,CC,CC,TC
rs7521774,GG,GG,GG,GG,GG,GG,TG,TG,GG,GG,TG,GG,GG,GG
rs17043567,TT,TT,TT,TT,TT,TT,TC,TC,TT,TT,TC,TT,TT,TT
rs17629008,TT,TT,TT,TT,TT,TT,TT,TT,TT,TT,TT,TT,TG,TT
rs2999504,TC,CC,TC,TC,CC,CC,CC,CC,TC,CC,CC,CC,TC,CC
rs1572740,TT,TG,TG,TT,TT,TG,GG,GG,TT,TT,GG,TT,TT,TG
rs954276,GG,GG,GG,GG,GG,AG,GG,GG,GG,AG,GG,GG,GG,GG
rs2813703,AG,AG,AG,GG,GG,AA,AA,AA,GG,AG,AA,GG,GG,AA
rs1339352,CC,TC,CC,TC,TT,CC,CC,CC,TC,TC,CC,TT,TT,CC
rs11117669,TC,TT,TC,TC,TT,TT,TT,TT,TC,TT,TT,TT,TT,TT
rs12070175,AG,AA,AG,AG,AA,AA,AA,AA,AG,AA,AA,AA,AA,AA
rs2820875,TC,CC,TC,TC,CC,CC,CC,CC,TC,CC,CC,CC,CC,CC
rs6671659,CC,CC,CC,CC,CC,TC,CC,CC,CC,TC,CC,CC,CC,CC
rs11572654,TT,TT,TT,TT,TT,TC,TC,TC,TT,TC,TC,TT,TT,TT
rs2789731,CC,TC,TC,CC,CC,TC,TC,TC,CC,CC,TC,CC,CC,TC
rs2813696,AA,AA,AA,AA,AA,AA,AA,AA,AA,AA,AA,AA,AA,AA
rs10779279,AG,GG,GG,GG,GG,GG,GG,GG,GG,GG,GG,GG,GG,AG
rs2185237,GG,GG,GG,GG,GG,TG,GG,GG,GG,TG,GG,GG,GG,TG
rs1361332,GG,GG,GG,GG,GG,GG,GG,GG,GG,GG,GG,GG,AG,GG
rs6604643,AG,AG,AA,AG,GG,AA,AG,AG,AG,AG,AG,GG,AG,AG
rs7547186,AA,AG,AA,AG,GG,AA,AG,AG,AG,AA,AG,GG,AA,AG
rs6693633,CC,AC,CC,AC,AA,AC,AC,AC,AA,AC,AC,AA,AC,AC
rs11572638,AA,AA,AA,AA,AA,AA,AA,AG,AA,AA,AA,AA,AA,AA
rs6656533,AA,AA,AA,AA,AA,AA,AA,AA,AA,AA,AA,AA,AA,AA
rs17681575,TT,TC,TT,TC,CC,TT,TC,TC,TC,TT,TC,CC,TT,TC
rs2813694,AA,AA,AA,AA,AA,AA,AA,AA,AA,AA,AC,AA,AA,AA
rs11117671,TG,GG,TG,GG,GG,GG,GG,GG,GG,TG,GG,GG,TG,GG
rs6683574,AA,AA,AG,AA,AG,AA,AA,AG,AA,AA,AA,AG,AA,AA
rs17043767,GG,GG,AG,GG,AG,GG,GG,AG,GG,GG,GG,AG,GG,GG
rs946470,TG,TG,TT,TG,TG,GG,GG,TG,GG,TG,GG,TG,TG,GG
rs6687061,GG,GG,TG,GG,TG,GG,GG,TG,GG,GG,GG,TG,GG,GG
rs6658214,CC,CC,CC,TC,CC,CC,TT,TC,CC,TC,TT,CC,CC,CC
rs9970445,TT,TT,TT,TT,TT,TT,TT,TT,TT,TT,TT,TT,TC,TT
rs11572621,AA,AA,AA,AA,AA,AA,AA,AA,AA,AA,AA,AA,AA,AA
rs6702277,CC,CC,TC,CC,TC,CC,CC,TC,CC,CC,CC,TC,CC,CC
rs7522593,TT,TT,TT,TT,TT,TT,TT,TT,TT,TT,TT,TT,TC,TT
rs10157225,GG,GG,AG,GG,AG,GG,GG,AG,GG,GG,GG,AG,GG,GG
rs12023645,CC,CC,CC,CC,CC,CC,CC,CC,CC,CC,CC,CC,CC,CC
rs10218498,GG,GG,GG,GG,GG,GG,GG,GG,GG,GG,GG,GG,AG,GG
rs7355008,CC,CC,CC,TC,CC,CC,TT,TC,CC,TC,TT,CC,CC,CC
rs2789726,AA,AA,AA,AA,AA,AA,AG,AG,AA,AA,AG,AA,AA,AA
rs2813663,TT,TT,TT,TT,TT,TT,TC,TC,TT,TT,TC,TT,TC,TT
rs10458464,TT,TT,TT,TT,TT,TT,TT,TT,TT,TT,TT,TT,TT,TT
rs12760372,AA,AA,AG,AA,AG,AA,AG,GG,AA,AA,GG,AA,GG,AA
rs2576236,TT,TT,TG,TT,TG,TT,TT,TG,TT,TT,TG,TT,TT,TT
rs2576234,TT,TT,TG,TT,TG,TT,TT,TG,TT,TT,TG,TT,TT,TT
rs2032028,CC,CC,TC,CC,TC,CC,CC,TC,CC,CC,TC,CC,CC,CC
rs12753723,CC,CC,TC,CC,TC,CC,TC,TT,CC,CC,TT,CC,TT,CC
rs11117687,TT,TT,TC,TT,TC,TT,TC,CC,TT,TT,CC,TT,TC,TT
rs3738490,AA,AA,AA,AA,AA,AA,AG,AG,AA,AA,AG,AA,AG,AA
rs17044026,CC,CC,CC,CC,CC,CC,AC,AC,CC,CC,AC,CC,CC,CC
rs2164614,CC,CC,AC,CC,AA,AA,AC,AA,AC,CC,AA,AA,AA,AC
rs2164613,TT,TT,TC,TT,TC,TT,TC,CC,TT,TT,CC,TT,TC,TT
rs1436897,TT,TT,TC,TT,TC,TT,TC,CC,TT,TT,CC,TT,TC,TC
rs17044062,CC,CC,CC,CC,TC,TT,CC,CC,CC,CC,CC,TT,TC,TC
rs1561186,TT,TC,TC,CC,CC,CC,CC,CC,TC,TC,CC,CC,CC,CC
rs2813676,AA,AA,AA,AA,AA,AA,AA,AA,AA,AA,AA,AA,AG,AA
rs1561185,AA,AG,AG,GG,GG,GG,GG,GG,AG,AG,GG,GG,AG,GG
rs1561182,CC,CC,CC,CC,TC,TT,CC,CC,CC,CC,CC,TT,TT,TC
rs7548403,AA,AC,AC,CC,CC,CC,CC,CC,AC,AC,CC,CC,CC,CC
rs2576258,AA,AA,AA,AA,AC,AA,AC,CC,AA,AA,CC,AA,AC,AC
rs11807172,TT,TT,TT,TT,TT,TT,TT,TT,TT,TT,TT,TT,TT,TT
rs12086903,CC,TC,TC,TT,TT,TT,TT,TT,TC,TC,TT,TT,TC,TT
rs12402472,CC,CC,CC,CC,CC,CC,CC,CC,CC,CC,CC,CC,CC,CC
rs12410353,GG,AG,AG,AA,AA,AA,AA,AA,AG,AG,AA,AA,AA,AA
rs4338425,AA,AA,AA,AA,AG,AA,AG,GG,AA,AA,GG,AA,AG,AG
rs10779283,CC,TC,TC,TT,TT,TT,TT,TT,TC,TC,TT,TT,TT,TT
rs9660947,CC,CC,CC,CC,CC,CC,CC,CC,CC,CC,CC,CC,TC,CC
rs7532370,CC,CC,CC,TT,CC,CC,TC,CC,CC,TC,CC,CC,CC,CC
rs2576243,GG,GG,GG,GG,GG,GG,GG,GG,GG,GG,GG,GG,GG,GG
rs11572547,AA,AA,AG,AA,AG,GG,AA,AA,AA,AA,AA,GG,AA,AG
rs17044239,AA,AA,AG,AA,AA,AA,AA,AA,AA,AA,AA,AG,AA,AG
rs2576262,GG,GG,GG,GG,AG,GG,GG,AG,GG,GG,AG,AG,AG,AG
rs1436900,TT,TC,TT,TC,TC,TT,CC,CC,TT,TC,CC,TT,TT,TT
rs1370150,GG,AG,GG,AG,AG,GG,AA,AA,GG,AG,AA,GG,GG,GG
rs2576267,AA,AG,AG,AG,AA,AG,AA,AA,AA,AA,AA,AG,AA,AA
rs11117717,GG,AG,GG,AG,GG,GG,AG,AG,GG,GG,AA,GG,GG,GG
rs3795704,GG,GG,GG,GG,GG,GG,GG,GG,AG,GG,GG,GG,GG,GG
rs4436447,AA,CC,CC,AC,CC,AC,AC,CC,AC,AA,CC,AC,AC,AA
rs2576203,AA,GG,AA,AG,AG,AA,AA,AA,AG,AA,AA,AA,AA,AA
rs1436883,GG,TG,GG,GG,GG,GG,GG,GG,GG,GG,GG,GG,GG,GG
rs1898312,GG,AA,GG,AG,AG,GG,GG,GG,AG,GG,GG,GG,GG,GG
rs11117722,CC,CC,TT,CC,TC,TC,TC,TT,CC,CC,TT,TC,CC,CC
rs4348786,CC,CC,TT,CC,TC,TC,TC,TT,CC,CC,TT,TC,CC,CC
rs1436879,CC,CC,CC,CC,CC,CC,CC,CC,TC,CC,CC,CC,CC,CC
rs4147268,TT,TC,CC,TC,CC,TC,TC,CC,TC,TT,CC,TC,TT,TT
rs2576269,CC,AC,CC,AA,CC,AA,CC,AC,CC,AC,CC,AA,AA,AC
rs2818747,GG,AA,AA,AA,AG,AA,AG,AG,AA,AG,AG,AA,AA,AG
rs2818748,GG,AG,GG,AG,GG,GG,GG,AG,GG,GG,GG,AA,AA,AG
rs10779284,TT,TC,CC,TC,TC,CC,TC,TT,CC,TC,TC,TT,TT,TT
rs10863278,CC,TC,TC,CC,TC,CC,CC,CC,TC,CC,CC,CC,CC,CC
rs2818749,TT,TT,TT,TT,TT,TT,TT,TT,TT,TT,TT,TT,TT,TT
rs11572505,TT,TT,TT,TT,TT,TT,TT,TT,TT,TT,TT,TT,TT,TT
rs2576241,CC,AC,AA,AC,AC,AA,AC,CC,AA,AC,AC,CC,CC,CC
rs2099557,AA,GG,GG,AG,AG,GG,AG,AG,AG,AG,AG,GG,AG,AG
rs12562202,AG,AA,AG,AA,AG,AA,AG,AG,AA,AG,AG,AG,AA,AG
rs6682369,TT,TC,CC,TT,TC,TT,TC,TT,TC,TT,TC,TC,TT,TT
rs6677596,TC,TT,TT,TC,TT,TT,TT,TT,TT,TT,TT,TT,TC,TT
rs11572496,TT,TG,TT,TT,TT,TT,TT,TG,TT,TT,TT,TG,TG,TG
rs7548082,TT,TT,TT,TC,TT,CC,TT,TT,TT,TC,TT,TT,TT,TT
rs7551571,AA,AG,AA,AG,AA,GG,AA,AG,AA,AG,AA,AG,AG,AG
rs11572495,AA,AA,AA,AG,AA,GG,AA,AA,AA,AG,AA,AA,AA,AA
rs2576239,GG,GG,GG,GG,GG,GG,GG,GG,GG,GG,GG,GG,GG,GG
rs7417600,TC,TT,TT,TT,TT,TT,TT,TT,TC,TT,TT,TT,TT,TT
rs1030845,AG,AA,AA,AG,AG,AA,AA,AG,AA,AG,AG,AA,AG,AG
rs2576197,AG,GG,GG,AG,AG,GG,GG,AG,GG,AG,AG,GG,GG,AG
rs11117734,TG,GG,GG,TG,TG,GG,GG,TG,GG,TG,TG,GG,GG,TG
rs10492958,TT,TT,TT,TC,TT,CC,TT,TT,TT,TC,TT,TT,TT,TT
rs10492957,TT,CC,CC,TT,TC,TT,CC,TC,TC,TT,TC,CC,CC,TC
rs11117737,TT,CC,CC,TT,TC,TT,TC,TT,TC,TT,TT,CC,CC,TC
rs12065974,GG,GG,GG,GG,GG,GG,GG,GG,GG,GG,GG,GG,GG,GG
rs2576225,TC,CC,CC,TT,TC,TT,TC,TT,CC,TT,TT,CC,CC,TC
rs17044557,CC,CC,CC,CC,CC,CC,CC,CC,CC,CC,CC,CC,CC,CC
rs2576213,AG,GG,GG,GG,GG,GG,GG,GG,AG,GG,GG,GG,GG,GG
rs10492955,TT,TT,TT,TT,TT,TT,TT,TT,TT,TT,TT,TT,TT,TT
rs2576212,TC,CC,CC,TT,TC,TT,TC,TT,CC,TT,TT,CC,CC,TC
rs2789577,AG,AA,AA,GG,AG,GG,AG,GG,AA,GG,GG,AA,AA,AG
rs2789550,AC,CC,CC,AC,CC,CC,CC,AC,CC,CC,AC,CC,CC,AC
rs867410,GG,GG,GG,AG,AG,AA,AG,GG,GG,AA,AG,GG,GG,GG
rs17044788,AA,AA,AA,AG,AG,GG,AG,AA,AA,GG,AG,AA,AA,AA
rs3000609,AG,GG,GG,AG,GG,GG,GG,AG,GG,GG,AG,GG,GG,AG
rs17041541,CC,CC,CC,CC,CC,CC,CC,CC,CC,CC,CC,CC,CC,CC
rs5017053,GG,AA,AA,GG,AG,GG,AG,AG,AG,GG,GG,AA,AA,AG
rs1556891,AC,CC,CC,AC,AC,AA,AC,CC,AC,AA,AC,CC,CC,CC
rs2818765,TG,TT,TT,TG,TT,TT,TT,TG,TT,TT,TG,TT,TT,TG
rs1339221,TT,CC,CC,TC,CC,CC,CC,TC,TC,CC,TC,CC,CC,TC
rs10863285,GG,TT,TT,TG,TT,TT,TT,TG,TG,TT,TG,TT,TT,TG
rs10863286,TT,CC,CC,TT,TC,TT,TC,TC,TC,TT,TT,CC,CC,TC
rs2185226,AG,AA,AA,GG,AA,AA,AA,AG,AA,AG,AG,AA,AA,AG
rs2789567,TC,CC,CC,TT,CC,CC,CC,TC,CC,TC,TC,CC,CC,TC
rs1339222,AG,GG,GG,AA,GG,GG,AG,AG,GG,AG,AA,GG,GG,AG
rs2789571,TG,GG,GG,TT,GG,GG,TG,TG,GG,TG,TT,GG,GG,TG
rs2818760,TC,CC,CC,TC,CC,CC,CC,TC,CC,CC,TC,CC,CC,TC
rs2789573,TC,TT,TT,TC,TT,TT,TT,TC,TT,TT,TC,TT,TT,TC
rs2789574,TC,CC,TC,TT,TT,CC,TC,TT,TC,TT,TT,TC,TC,TC
rs12404767,CC,CC,CC,CC,CC,CC,CC,CC,CC,CC,CC,CC,CC,CC
rs946438,GG,GG,AG,AG,AA,GG,AG,AG,AG,AA,AG,AG,AG,GG
rs1890554,TT,TT,TG,GG,GG,TT,TG,GG,TG,GG,GG,TG,TG,TT
rs11117750,TT,TT,TC,TT,CC,TT,TT,TC,TC,TC,TT,TC,TC,TT
rs2789551,GG,GG,AG,AA,AA,GG,AG,AA,AG,AA,AA,AG,AG,GG
rs6604651,AA,AA,AG,AA,GG,AA,AG,AG,AG,AG,AG,AG,AG,AA
rs11572427,GG,GG,GG,GG,GG,GG,AG,GG,GG,GG,AG,GG,GG,GG
rs2818805,TT,TT,TT,TT,TT,TT,TT,TT,TT,TT,TT,TT,TT,TT
rs2377360,AA,AA,AG,AA,GG,AA,AA,AG,AG,AG,AA,AG,AG,AA
rs6684076,CC,CC,CC,CC,CC,CC,TC,CC,CC,CC,TC,CC,CC,CC
rs7527281,CC,CC,CC,AA,CC,CC,CC,AC,CC,AC,AC,CC,CC,CC
rs6688120,AA,AA,AG,GG,GG,AA,AG,GG,AG,GG,GG,AG,AG,AA
rs11117754,TT,TT,TG,TT,GG,TT,TT,TG,TG,TG,TT,TG,TG,TT
rs4846806,CC,CC,TC,TT,TT,CC,CC,TT,TC,TT,TC,TC,TC,CC
rs4360582,TT,TT,TC,TT,CC,TT,TT,TC,TC,TC,TT,TC,TC,TT
rs11807917,GG,GG,AG,AA,AA,GG,AG,AA,AG,AA,AA,AG,AG,GG
rs7513573,CC,CC,AC,AA,AA,CC,CC,AA,AC,AA,AC,AC,AC,CC
rs7520126,TT,TT,TG,TG,GG,TT,TG,GG,TG,TG,TG,GG,TG,TT
rs17045075,TT,TT,TT,TG,TT,TT,TT,TT,TT,TT,TT,TT,TT,TT
rs11117762,GG,GG,AG,AA,AA,GG,AA,AA,AG,AA,AA,AA,AG,GG
rs6678584,AA,AA,AA,AA,AA,AA,AG,AG,AA,AA,GG,AA,AA,AA
rs7532636,AA,AA,AG,AG,GG,AA,AG,AG,AG,GG,AA,GG,AG,AA
rs6680670,CC,CC,CC,TC,CC,CC,TC,TC,CC,CC,TT,CC,CC,CC
rs4846399,AA,AA,AA,AA,AA,AA,AA,AA,AC,AA,AA,AA,AA,AA
rs6684903,GG,AG,AG,AA,AA,AA,AA,AA,AG,AA,AA,AA,AA,AG
rs1416527,GG,AG,AG,AA,AA,AA,AA,AG,AG,AG,AG,AA,AA,AG
rs1416526,TT,TT,TG,TT,GG,TT,TG,TG,TT,TT,TT,GG,TG,TT
rs2225967,TT,TC,TC,CC,CC,CC,CC,TC,CC,TC,TC,CC,CC,TC
rs17045141,TT,TC,TT,TC,TT,CC,TC,TT,CC,TT,TC,TT,TC,TC
rs4846809,GG,GG,GG,GG,GG,GG,GG,GG,TG,GG,GG,GG,GG,GG
rs12402289,AA,AG,AA,AA,AA,GG,AG,AA,AG,AA,AG,AA,AG,AG
rs4846400,TT,TT,TC,TT,CC,TT,TC,TC,TC,TT,TT,CC,TC,TT
rs1553347,AG,AA,AG,AA,AA,AG,AG,AA,AG,AA,AG,AA,AG,AG
rs4846814,GG,GG,GG,GG,GG,GG,GG,GG,GG,GG,GG,GG,GG,GG
rs7539648,AA,AG,AG,GG,AA,AG,AG,AG,AA,AG,AG,AG,AG,AG
rs6604652,TC,TC,CC,CC,TT,CC,CC,TC,TC,TC,CC,TC,CC,CC
rs11572381,TC,CC,CC,CC,TC,CC,TT,TC,TC,TC,TC,CC,CC,CC
rs946436,TT,TT,TT,TT,TT,TT,TT,TT,TT,TT,TT,TT,TT,TT
rs1502357,TT,TT,CC,TC,TT,TC,CC,TT,TC,TT,CC,TC,TC,TT
rs830307,CC,CC,AA,CC,CC,AC,AA,CC,AC,CC,AA,AC,AC,CC
rs7514298,GG,GG,TT,GG,GG,TG,GG,GG,GG,GG,TG,TG,TG,GG
rs12033461,TT,TT,TC,TT,TT,TT,TT,TT,TT,TT,TC,TC,TT,TT
rs11808388,CC,CC,CC,CC,CC,CC,TT,CC,TC,CC,TC,CC,CC,CC
rs11587946,CC,CC,CC,CC,CC,TC,CC,CC,CC,CC,CC,CC,CC,CC
rs6604654,TT,TT,TT,TT,TT,TT,TT,TT,TT,TT,TT,TT,TT,TT
rs1166331,AA,AA,AG,AA,AG,AA,AA,AA,AA,AA,AG,AG,AA,AG
rs1166332,CC,CC,AA,AC,AC,AC,AA,CC,CC,AC,AA,AC,AC,AC
rs4846815,GG,GG,AA,AG,AG,AG,AA,GG,GG,AG,AA,AG,AG,AG
rs12040162,GG,GG,AG,GG,GG,GG,GG,GG,GG,GG,AG,AG,GG,GG
rs10495041,AA,AA,AC,AA,AA,AC,AA,AA,AA,AA,AA,AA,AC,AA
rs830321,GG,GG,AA,AG,AG,AG,AA,GG,GG,AG,AA,AG,AG,AG
rs830322,TT,TT,CC,TT,TT,TC,TC,TT,TT,TT,CC,TC,TC,TC
rs6696627,TT,TT,CC,TC,TC,TC,CC,TT,TT,TC,CC,TC,TC,TT
rs9785000,AA,AA,AA,AA,AG,AG,AA,AG,AA,AG,AG,AA,AA,GG
rs6972049,TT,TT,TT,TT,TT,TT,TC,TT,TT,TT,TT,TT,TT,TT
rs3735344,AG,AG,GG,AG,AG,AA,GG,AA,GG,AA,AG,AG,GG,AA
rs3823702,CC,CC,CC,CC,TC,TC,CC,CC,CC,TC,CC,CC,CC,TC
rs10268584,TC,TC,TT,TT,TC,CC,TC,CC,TT,CC,TC,TC,TT,CC
rs2189885,TT,TT,TT,TT,TT,TT,TG,TT,TT,TT,TT,TT,TT,TT
rs6461056,AG,AG,AA,AG,AG,GG,AG,GG,AA,GG,AG,GG,AA,GG
rs1859508,GG,GG,GG,GG,AG,AG,GG,AG,GG,AA,AG,GG,GG,AA
rs10950497,AG,AG,GG,AG,GG,AG,AG,AG,GG,GG,GG,AG,GG,GG
rs2237292,TC,TC,TT,TC,TT,TT,TC,TC,TT,TT,TT,TC,TT,TT
rs3801091,CC,CC,CC,CC,CC,CC,CC,CC,CC,TC,CC,CC,CC,CC
rs10085783,CC,CC,CC,TC,CC,CC,CC,CC,CC,CC,CC,CC,CC,CC
rs10242994,AA,AA,AA,AA,AC,AA,AA,AA,AA,AC,AA,AA,AC,AC
rs12699566,CC,CC,CC,TC,TC,CC,CC,CC,CC,TC,CC,CC,CC,CC
rs9639168,CC,TC,CC,TT,TT,TC,TC,TC,TT,TC,TC,TC,TC,TT
rs28615403,CC,AC,CC,AA,AA,CC,AC,CC,AA,AC,AC,AC,AC,AA
rs2282872,AA,AA,AA,GG,AG,AA,AA,AA,GG,AG,AA,AA,AG,AG
rs7790331,TT,TT,TT,CC,TC,TT,TT,TT,CC,TC,TC,TT,TC,TC
rs6946355,AA,AA,AA,GG,AG,AA,AA,AA,GG,AG,AA,AA,AG,AG
rs7800918,GG,GG,GG,GG,GG,GG,GG,GG,GG,GG,TG,GG,GG,GG
rs10236596,TT,TT,TT,TT,TT,TT,TT,TT,TT,TT,TT,TT,TT,TT
rs10226058,CC,CC,CC,CC,CC,CC,CC,CC,CC,CC,CC,CC,CC,CC
rs10278571,TT,TT,TT,TT,TT,TC,TT,TT,TT,TT,TT,TT,TT,TT
rs17167711,GG,GG,GG,GG,GG,GG,GG,GG,GG,GG,GG,GG,GG,GG
rs1476622,AG,GG,AG,GG,GG,GG,AG,AG,GG,AG,AG,AA,AG,GG
rs17687519,CC,TT,TC,CC,TC,CC,TC,CC,CC,CC,CC,TT,CC,TC
rs4721290,AG,GG,GG,AG,AG,AG,GG,AG,AG,AG,AG,GG,AG,AG
rs6963305,CC,CC,CC,CC,CC,CC,CC,CC,CC,CC,CC,CC,CC,CC
rs3823706,AC,AA,AA,AA,AA,AA,AA,AA,AA,AA,AA,AA,AA,AA
rs7789916,AA,AA,AG,AG,AA,AA,AG,AG,AG,AG,AG,AA,AG,AA
rs2073533,TC,TC,CC,TC,CC,CC,TC,TT,TC,TC,CC,CC,TC,CC
rs2285419,GG,GG,GG,GG,GG,GG,GG,GG,GG,GG,GG,GG,GG,GG
rs1176536,AG,AG,AG,AG,GG,AG,AG,AA,GG,GG,AG,GG,GG,AA
rs7544345,TC,TC,TC,TC,CC,TC,TC,TC,CC,CC,TC,TC,CC,TT
rs1467662,GG,GG,GG,GG,GG,GG,AG,GG,GG,AG,GG,AG,GG,GG
rs10796969,TC,TC,TC,TT,CC,TT,TC,TC,CC,TC,TC,TC,TC,TC
rs17404670,AG,AG,AG,GG,GG,GG,AG,AG,GG,GG,GG,GG,GG,AA
rs6427351,TC,TT,TT,TT,TT,TC,TT,TT,TT,TT,TC,TT,TT,TT
rs16838072,CC,CC,CC,CC,CC,CC,CC,CC,CC,CC,CC,CC,CC,CC
rs16838078,AA,AA,AA,AA,AA,AA,AA,AA,AA,AA,AA,AA,AA,AA
rs2242598,TC,TC,TC,TC,TC,CC,CC,CC,TC,CC,TC,TT,CC,TC
rs12948043,TC,TC,TC,TC,TC,TT,TT,TT,TC,TT,TC,CC,TT,TC
rs2228269,TT,TT,TT,TT,TT,TT,TT,TT,TT,TT,TT,TT,TT,TT
rs11711023,TT,TT,TT,TT,TT,TT,TT,TT,TT,TT,TT,TT,TT,TT
rs9831938,CC,CC,TC,CC,TC,CC,CC,CC,TC,CC,CC,CC,CC,TC
rs4234588,AA,AA,AG,AA,AG,AA,AA,AA,AA,AA,AA,AA,AA,AG
rs12638263,AA,AA,AA,AA,AC,AA,AA,AA,AC,AC,AA,AA,AA,AA
rs7433760,AA,AG,AA,AA,AG,AA,AA,GG,AG,AG,AG,AA,AA,AA
rs10937240,CC,CC,CC,CC,TC,CC,CC,CC,TC,TC,CC,CC,CC,CC
rs6444106,GG,GG,GG,GG,AG,GG,GG,GG,AG,AG,GG,GG,GG,GG
rs11719322,GG,GG,GG,GG,GG,GG,GG,GG,GG,GG,GG,GG,GG,GG
rs4820804,TT,TC,TT,TT,TT,TT,TT,CC,TT,TT,TC,TC,TC,TC
rs9613855,AA,AG,AA,AA,AA,AA,AG,AA,AA,AG,AA,AA,AG,AA
rs16987366,TT,TT,TT,TT,TT,TT,TT,TT,TT,TT,TT,TT,TT,TT
rs3761426,TT,TG,TT,TT,TT,TT,TG,TT,TT,TG,TT,TT,TG,TT
rs131190,TT,TT,GG,TT,TG,TT,TG,TT,TT,TT,TT,TG,TT,TG
rs1055852,CC,CC,CC,CC,CC,CC,CC,CC,CC,CC,CC,CC,CC,CC
rs11554620,AA,AA,AA,AA,AA,AA,AA,AA,AA,GG,AG,AA,AA,AA
rs2301865,AA,AA,AA,AA,AA,AA,AA,AA,AA,GG,AG,AA,AA,AA
rs886548,GG,TG,GG,GG,GG,TG,GG,GG,TG,TT,TG,TG,TG,TG
rs2240245,GG,GG,GG,GG,GG,GG,GG,GG,GG,GG,GG,GG,GG,GG
rs2240246,CC,CC,TC,CC,CC,CC,CC,CC,CC,CC,CC,CC,CC,CC
rs1076251,TG,GG,TG,TG,TT,GG,TG,GG,GG,GG,GG,GG,TG,TG
rs11645307,TC,TC,CC,CC,CC,TC,CC,CC,TC,CC,TC,TC,TC,TC
rs2240251,TC,TT,CC,TC,CC,TT,TC,TT,TT,CC,TC,TT,TC,TC
rs2240252,TT,TT,TG,TT,TT,TT,TT,TT,TT,GG,TG,TT,TT,TT
rs2240256,GG,GG,GG,GG,GG,GG,GG,GG,GG,AA,AG,GG,GG,GG
rs11643479,AG,GG,AA,AG,AA,GG,AG,GG,AG,GG,GG,GG,AG,AG
rs4985360,AG,AG,AA,AG,AA,AG,AG,AA,AG,AA,AG,AG,AG,AG
rs7185697,AA,AA,AG,AA,AA,AA,AA,AA,AA,AA,AA,AA,AA,AA
rs4488477,AG,GG,AG,GG,AA,GG,GG,GG,GG,GG,GG,GG,AG,AG
rs11640870,AC,AC,AC,CC,AA,AC,AC,AA,AC,CC,CC,AC,AC,AC
rs4888283,AG,AG,AG,AA,GG,AG,GG,GG,GG,AA,AA,AG,AG,AG
rs8060979,TC,TC,CC,TT,CC,TC,CC,CC,CC,TT,TT,TC,TC,TC
rs12674532,TT,TT,TT,TT,TT,TT,TT,TT,TT,TT,TT,TT,TT,TT
rs7001675,TC,TT,TC,TT,TT,CC,CC,TT,CC,CC,TT,TC,TT,TT
rs11779875,TC,TT,TC,TT,TT,TC,TC,TT,CC,TC,TT,TT,TT,TT
rs2003423,GG,AG,AG,AG,AA,GG,GG,AA,GG,AG,AG,AA,AG,AG
rs13439411,GG,AG,GG,GG,AA,AG,AG,AG,AG,GG,GG,AG,GG,GG
rs10903338,CC,TC,CC,CC,TC,CC,CC,CC,CC,CC,CC,TC,CC,CC
rs4840563,TT,TT,TC,TC,TC,TT,TT,CC,TT,TC,TC,TC,TC,TC
rs2898280,GG,AG,AG,AG,AG,AG,AG,AA,AG,AG,AG,AA,AG,AG
rs9644687,AG,GG,AG,GG,GG,AG,GG,GG,AG,AG,GG,GG,GG,GG
rs8101365,CC,TT,CC,CC,CC,CC,CC,CC,CC,CC,TC,TC,TC,TC
rs12983510,TT,TT,TT,TT,TT,TC,TT,TT,TC,TT,TT,TT,TT,TT
rs378395,AA,CC,AA,AA,AA,AC,AC,AA,AC,AA,AC,AC,AA,AC
rs3803761,GG,AA,GG,GG,GG,GG,GG,GG,GG,AG,AA,GG,GG,AG
rs7224335,CC,CC,CC,CC,CC,CC,CC,CC,CC,CC,CC,CC,CC,CC
rs12602675,CC,CC,CC,CC,CC,CC,CC,CC,CC,CC,CC,CC,CC,CC
rs7224474,CC,CC,CC,CC,CC,CC,CC,CC,CC,CC,CC,CC,CC,CC
rs3744124,CC,CC,CC,CC,CC,CC,CC,CC,CC,CC,CC,CC,CC,CC
rs1736219,AA,GG,AA,GG,AA,AA,AA,GG,AA,GG,GG,GG,GG,AG
rs11869283,GG,GG,GG,GG,GG,GG,GG,GG,GG,GG,GG,GG,GG,GG
rs1736211,GG,AA,GG,GG,GG,GG,GG,GG,GG,AG,AA,GG,GG,AG
rs644818,GG,AA,AG,GG,AG,AG,AA,AG,AG,AG,GG,GG,AG,AG
rs7128819,GG,AA,GG,GG,AG,GG,AG,AG,GG,AG,GG,GG,GG,AG
rs619521,CC,TT,TT,TC,TC,TC,TT,TC,TC,TC,CC,TC,TC,TC
rs609017,TC,TC,TT,TT,CC,TT,CC,TT,TT,TC,TT,TC,TT,CC
rs654723,AC,CC,AA,AA,CC,AA,CC,AC,AA,AA,AA,AC,AA,CC
rs644571,GG,GG,GG,GG,GG,AG,GG,GG,AG,GG,GG,AG,GG,GG
rs686605,GG,AA,GG,GG,AG,GG,AA,AA,AG,GG,GG,AG,GG,GG
rs11221443,AG,AA,AA,AA,AG,AA,AA,AA,AA,AA,AA,AA,AA,GG
rs615671,AG,GG,GG,GG,AG,AG,GG,GG,AG,GG,GG,AG,GG,AA
rs635696,TT,TT,TT,TT,TT,TC,TT,TT,TC,TT,TT,TC,TT,TT
rs595585,TC,CC,TT,TT,CC,TT,CC,CC,TC,TT,TT,TT,TT,CC
rs3016776,TC,CC,TT,TT,CC,TC,CC,CC,CC,TT,TT,TC,TT,CC
rs11221452,TG,GG,GG,GG,TG,GG,GG,GG,GG,GG,GG,GG,GG,TT
rs660657,TC,CC,TT,TT,TC,TT,CC,CC,TC,TT,TT,TT,TC,TT
rs667024,TG,TT,GG,GG,TG,GG,TT,TT,TG,GG,GG,GG,TG,GG
rs668575,CC,CC,CC,CC,CC,TC,CC,CC,TC,CC,CC,TC,CC,CC
rs626816,GG,GG,AA,AA,GG,AA,GG,GG,AG,AA,AA,AA,AG,GG
rs590520,TC,CC,CC,CC,TC,TC,CC,CC,TC,CC,CC,TC,CC,TT
rs2155135,AA,AA,AA,AA,AA,AA,AA,AA,AA,AA,AA,AA,AA,AA
rs4558174,CC,CC,CC,CC,CC,CC,CC,CC,CC,CC,CC,CC,CC,CC
rs640060,TT,TT,CC,CC,TT,TC,TT,TT,TT,CC,CC,TC,TC,TT
rs614466,AG,AA,GG,GG,AG,GG,AA,AG,GG,GG,GG,GG,AG,GG
rs613587,AG,AA,AA,AA,AG,AA,AA,AG,AG,AA,AA,AA,AA,GG
rs3889058,AA,AA,AA,AA,AA,AG,AA,AA,AG,AA,AA,AG,AA,AA
rs663461,AG,AG,AA,AA,AG,AA,AA,AA,AA,AA,AG,AA,AA,AG
rs490698,TC,TT,CC,TC,TC,TC,CC,CC,CC,TC,TC,TT,CC,TT
rs687572,TC,TC,TT,TT,TC,TT,TC,TC,TT,TC,TC,TT,CC,TC
rs657642,GG,TT,TT,TT,TT,TG,TG,TG,TT,TG,GG,TT,GG,TT
rs675308,GG,GG,GG,GG,GG,AG,GG,GG,GG,GG,AG,GG,GG,GG
rs674946,TC,TC,CC,CC,TC,TC,CC,CC,CC,CC,TC,CC,CC,TC
rs627677,TC,TC,CC,CC,TC,TC,TC,TC,CC,TC,TT,CC,TT,TC
rs646210,TC,CC,CC,CC,CC,CC,TC,TC,CC,TC,TC,CC,TT,CC
rs600244,TG,TT,TT,TG,TT,TT,TT,TT,TT,TT,TT,TG,TT,TG
rs640098,AA,GG,GG,GG,AG,AG,AG,GG,GG,GG,AG,AG,AG,AG
rs494992,GG,GG,GG,GG,GG,AG,AG,AG,GG,AA,GG,GG,GG,AG
rs2246290,AA,AA,AA,AG,AA,AA,AA,AA,AA,AA,AG,AA,AA,AA
rs2284786,GG,AA,AA,AG,AG,AG,AG,AA,AA,AA,GG,GG,AG,AG
rs670163,AA,GG,GG,GG,AG,AG,AG,GG,GG,AG,AG,AG,AG,AG
rs670991,TT,TT,TT,TT,TT,TT,TT,TT,TT,TT,TT,TC,TT,TT
rs7112550,GG,AA,AA,AG,AG,GG,GG,AG,AA,GG,GG,GG,AG,GG
rs12275915,CC,CC,CC,CC,CC,AC,CC,AC,CC,AC,CC,CC,CC,AC
rs2268597,TT,TT,TC,CC,TT,TT,TT,TT,TT,TC,TC,TT,TT,TT
rs535650,AG,GG,AG,AA,AG,GG,AG,GG,GG,AG,AG,AA,GG,GG
rs2268598,TT,TT,TC,CC,TT,TT,TT,TT,TT,TC,TC,TT,TT,TT
rs2268604,CC,CC,AC,AA,CC,CC,CC,CC,CC,AC,AC,CC,CC,CC
rs7936133,CC,CC,AC,AA,CC,CC,CC,CC,CC,AC,AC,CC,CC,CC
rs7951996,TT,TT,TG,GG,TT,TT,TT,TT,TT,TG,TG,TT,TT,TT
rs687326,AC,AA,AC,CC,AC,AA,AC,AA,AA,AC,AC,CC,AA,AA
rs579355,TC,CC,CC,CC,TC,CC,TC,CC,CC,CC,CC,TT,CC,CC
rs7130622,AA,AA,AA,AA,AA,AA,AA,AA,AA,AA,AA,AA,AA,AA
rs2071242,TT,TT,TT,TT,TT,TT,TT,TT,CC,TT,TT,TT,TT,CC
rs34913050,GG,GG,GG,GG,GG,GG,GG,GG,GG,GG,GG,GG,GG,GG
rs4925155,CC,CC,CC,CC,CC,CC,CC,CC,CC,CC,CC,CC,CC,CC
rs7101,TT,TT,CC,TC,TC,TC,TT,TT,TT,TT,TT,TC,TC,TC
rs1063169,TG,GG,GG,GG,TG,TG,TG,TG,GG,GG,TG,GG,GG,GG
rs750472,AC,AA,AA,AA,AA,AC,AA,AC,CC,CC,AA,CC,AC,AC
rs686247,TT,TC,TT,TT,TT,TC,TT,TT,TT,TT,TT,TT,TT,TT
rs694930,CC,CC,CC,CC,CC,CC,CC,TT,CC,TC,TC,TC,CC,CC
rs7529911,CC,CC,CC,CC,CC,CC,CC,CC,CC,CC,CC,CC,CC,CC
rs585320,TT,TT,TT,TT,TT,TT,TT,CC,TT,TC,TC,TC,TT,TT
rs343360,TT,TT,TT,TT,TT,TT,TT,GG,TT,TG,TG,TG,TT,TT
rs343376,GG,GG,GG,GG,GG,GG,GG,AA,GG,AG,AG,AG,GG,GG
rs608277,CC,CC,CC,CC,CC,CC,CC,AA,CC,AC,AC,AC,CC,CC
rs510157,GG,GG,GG,GG,GG,GG,GG,TT,GG,TG,TG,TG,GG,GG
rs10789416,CC,CC,CC,CC,CC,CC,CC,TT,CC,TC,TC,TC,CC,CC
rs12402117,GG,GG,GG,GG,GG,GG,GG,GG,GG,GG,GG,GG,GG,GG
rs3754280,AA,AC,AA,AA,AC,AC,AA,CC,AC,AC,AC,AC,AA,AA
rs10736423,TT,TT,TT,TT,TT,TT,TT,GG,TT,TG,TG,TG,TT,TT
rs1078022,TT,TT,TT,TT,TT,TT,TT,TT,TT,TT,TT,TT,TT,TT
rs1566584,GG,GG,GG,GG,AG,GG,GG,GG,AG,GG,GG,GG,GG,GG
rs2494366,CC,TC,CC,CC,CC,TC,CC,CC,CC,CC,CC,CC,CC,CC
rs11676168,AG,AG,AG,GG,AA,AG,AG,AA,AG,AG,AA,AG,AA,AG
rs6545031,AA,AA,AA,AA,AA,AC,AA,AA,AA,AA,AA,AC,AA,AA
rs10153773,TC,TC,TT,TC,TT,TT,TC,TT,TC,TC,TT,TC,TT,TT
rs7606104,AG,AG,AG,GG,AA,AG,AG,AA,AG,AG,AA,AG,AA,GG
rs11679523,AA,AA,AG,AA,AG,AA,AA,AG,AA,AA,AG,AA,AA,AA
rs7563625,AA,AC,AA,AA,AC,AC,AC,AC,AC,AA,AC,AC,AA,AA
rs10495952,AA,AA,AG,AA,AG,AA,AA,AG,AA,AA,AG,AA,AA,AA
rs17325488,AA,AG,AA,AA,AG,AG,AG,AG,AG,AA,AG,AG,AA,AA
rs7562069,AG,AG,AG,GG,AA,AG,AG,AA,AG,AG,AA,AG,AA,GG
rs6705802,AC,AA,AC,AA,AC,AC,AA,AC,AA,AC,AC,AC,CC,AA
rs6718068,TC,CC,TC,CC,TC,TC,CC,TC,CC,TC,TC,TC,TT,CC
rs1536057,CC,TC,TC,CC,CC,CC,TT,CC,CC,TT,CC,TC,CC,CC
rs9372190,TT,TT,TT,TT,TT,TT,TT,TT,TT,TT,TT,TT,TT,TT
rs2802289,GG,GG,GG,GG,GG,GG,GG,GG,GG,GG,GG,GG,GG,GG
rs13220810,TT,TC,TC,TT,CC,CC,TT,TT,TT,TT,TT,TC,TC,TC
rs9372191,TT,TT,TT,TT,TT,TT,TT,TT,TT,TT,TT,TT,TT,TT
rs17598747,AA,AA,AG,AA,AA,AA,AA,AA,AA,AA,AA,AA,AA,AA
rs3813498,TT,TC,TT,TT,TT,TT,CC,TT,TT,TC,TT,TC,TT,TT
rs9285397,TT,TC,TT,TT,TT,TT,CC,TT,TT,TC,TT,TC,TT,TT
rs12203834,CC,CC,TC,CC,CC,CC,CC,CC,CC,CC,CC,CC,CC,CC
rs4946933,GG,GG,GG,GG,GG,GG,GG,GG,GG,GG,GG,GG,GG,GG
rs12196996,AA,AA,AG,AA,AA,AA,AA,AA,AA,AA,AA,AA,AA,AA
rs2153960,AA,AG,AG,AA,AA,AA,GG,AA,AA,AG,AA,AG,AA,AA
rs3800229,TT,TG,TG,TT,TT,TT,GG,TT,TT,TG,TT,TG,TT,TT
rs3800230,TT,TT,TG,TT,TT,TT,TT,TT,TT,TT,TT,TT,TT,TT
rs3800232,CC,CC,TC,CC,CC,CC,CC,CC,CC,CC,CC,CC,CC,CC
rs1935949,GG,AG,AG,GG,GG,GG,AA,GG,GG,AG,GG,AG,GG,GG
rs7283438,GG,GG,GG,GG,GG,GG,GG,GG,GG,GG,GG,GG,GG,GG
rs2829888,CC,CC,CC,CC,CC,CC,CC,CC,CC,CC,CC,CC,CC,CC
rs1034353,AG,AG,AG,GG,AG,GG,GG,AG,GG,GG,AA,GG,GG,AG
rs928265,AG,AG,AG,AA,AG,AA,AA,AG,AA,AA,AG,AA,AA,AA
rs1015004,GG,GG,GG,AG,AG,AG,AA,GG,GG,AG,GG,AG,GG,GG
rs10482968,AC,AC,AC,CC,AC,CC,CC,AC,CC,CC,AC,CC,CC,CC
rs1141390,GG,AA,GG,AG,AA,AG,AA,AA,GG,AA,AA,AA,AG,GG
rs550269,CC,TT,CC,CC,TC,CC,CC,CC,CC,TC,TC,TC,CC,CC
rs555812,TG,TT,TT,TG,TT,TT,TG,TT,TT,TT,TT,TG,TT,TG
rs9929836,TC,TT,TC,TT,TT,TT,TT,TT,TT,TT,TT,TT,TT,TT
rs9923565,CC,CC,CC,CC,CC,CC,CC,CC,CC,CC,CC,CC,CC,CC
rs11648295,TG,GG,TG,GG,GG,GG,GG,GG,TT,GG,GG,GG,TG,TG
rs7205379,AG,AA,AA,AG,AG,AG,AA,AA,GG,AA,AA,AA,AG,GG
rs544034,TC,CC,TC,CC,CC,TC,CC,CC,CC,TC,TC,TC,TC,CC
rs12449164,CC,CC,TC,CC,CC,TC,CC,CC,TT,CC,CC,CC,TC,TC
rs12447646,GG,GG,AG,GG,GG,AG,GG,GG,AA,GG,GG,GG,AG,AG
rs12709105,AG,GG,AG,GG,GG,AG,GG,GG,AA,GG,AG,GG,AG,AA
rs8062286,GG,GG,AG,GG,GG,AG,AG,GG,AA,GG,GG,GG,AG,AG
rs12932588,CC,CC,AC,CC,AC,AC,CC,CC,AC,CC,CC,CC,AC,AC
rs8067254,GG,GG,GG,GG,GG,AG,GG,AG,GG,GG,GG,GG,GG,AG
rs12941832,GG,TT,GG,GG,TG,GG,TG,GG,GG,GG,GG,GG,TG,GG
rs2289681,CC,CC,CC,CC,CC,CC,CC,CC,CC,TC,CC,CC,CC,CC
rs1356184,GG,GG,GG,GG,GG,GG,GG,GG,GG,GG,GG,GG,GG,GG
rs11689851,AG,AG,GG,AG,AG,GG,GG,GG,GG,GG,AG,AG,GG,AG
rs6747479,TT,TC,TC,TC,TT,TC,TC,TC,TT,TT,TT,TC,TC,TT
rs12052869,GG,AG,AG,AG,GG,AG,AG,AG,GG,GG,GG,AG,AG,GG
rs10205801,AG,AG,AA,AG,AG,AA,AA,AA,AA,AG,AG,AG,AA,AG
rs11555646,AC,AA,AC,AA,AC,AC,AC,AC,CC,AC,AC,AA,AC,AC
rs6738386,TC,TT,TC,TT,TC,TC,TC,TC,CC,TC,TC,TT,TC,TC
rs3817311,TC,CC,TC,CC,TC,TC,TC,TC,TT,TC,TC,CC,TC,TC
rs12463466,CC,CC,CC,CC,TC,CC,TC,CC,TC,CC,CC,CC,TC,TC
rs8192539,TC,TT,TT,TT,TC,TT,TC,TC,TC,TC,TT,TT,TC,TC
rs1801251,AA,GG,AG,GG,AG,AG,AG,AG,AA,AG,AG,GG,AG,AG
rs2293781,AA,AA,AA,AA,AA,AA,AA,AA,AA,AA,AA,AA,AA,AA
rs1973675,GG,AG,GG,AG,AG,GG,GG,GG,GG,AG,AG,AG,GG,AG
rs9288676,GG,TG,TG,TG,GG,TG,TG,TG,GG,GG,GG,TG,TG,GG
rs7564410,TT,TT,TT,TT,TT,TT,TT,TT,TT,TT,TT,TT,TT,TT
rs2289912,CC,CC,CC,CC,CC,CC,CC,CC,CC,AC,CC,CC,CC,CC
rs2305138,GG,GG,GG,GG,GG,GG,GG,GG,GG,GG,GG,GG,GG,GG
rs10207739,TT,TC,TC,TC,TT,TC,TC,TT,TT,TT,TT,TT,TC,TT
rs6751801,AA,AC,AC,AC,AA,AC,AC,AC,AA,AA,AA,AC,AC,AA
rs10211596,GG,AA,AG,AA,AG,AG,AG,GG,GG,AG,AG,AG,AG,AG
rs3816334,AA,GG,AG,GG,AG,AG,AG,AG,AA,AG,AG,GG,AG,AG
rs13024330,GG,AG,GG,AG,AG,GG,GG,GG,GG,GG,AG,AG,GG,AG
rs3738904,CC,CC,CC,CC,CC,CC,CC,CC,CC,CC,CC,CC,CC,CC
rs1284,AG,AA,AG,AA,AA,AG,AA,AA,AG,AA,AG,AA,AA,AA
rs2292354,AG,AG,AG,AG,AG,AG,AG,AG,AG,AA,AG,AG,GG,AG
rs16940693,AA,AA,AA,AA,AA,AA,AA,AA,AA,AA,AA,AA,AA,AA
rs3742010,GG,GG,GG,GG,GG,GG,GG,GG,GG,GG,GG,GG,GG,GG
rs7314498,CC,CC,CC,CC,CC,CC,CC,CC,CC,CC,CC,CC,CC,CC
rs7970705,AA,AA,AA,AA,AA,AA,AA,AA,AA,AA,AA,AA,AA,AA
rs16939769,GG,GG,GG,GG,GG,GG,GG,GG,GG,GG,AG,GG,GG,GG
rs7968830,CC,CC,CC,CC,CC,CC,CC,CC,CC,CC,CC,CC,CC,CC
rs11068958,CC,CC,CC,CC,CC,CC,CC,CC,CC,CC,CC,CC,CC,CC
rs16940705,GG,GG,GG,GG,GG,GG,GG,GG,GG,GG,GG,GG,GG,GG
rs16940710,TT,TT,TT,TT,TT,TT,TT,TT,TT,TT,TT,TT,TT,TT
rs11068984,TT,TT,TT,TT,TT,TT,TT,TT,TT,TT,TT,TT,TT,TT
rs12229815,AA,AA,AA,AA,AA,AA,AA,AA,AA,AA,AA,AA,AA,AA
rs11068997,GG,GG,GG,GG,GG,GG,GG,GG,GG,GG,GG,GG,GG,GG
rs2063388,GG,GG,GG,GG,GG,GG,GG,GG,GG,GG,GG,GG,GG,GG
rs11069018,TT,TT,TT,TT,TT,TT,TT,TT,TT,TT,TT,TT,TT,TT
rs925368,TT,TT,TT,TT,TT,TT,TT,TT,TT,TT,TT,TT,TT,TT
rs9804905,TT,TT,TT,TT,TT,TT,TT,TT,TT,TT,TT,TT,TT,TT
rs7960775,GG,GG,GG,GG,GG,GG,GG,AG,GG,GG,GG,GG,GG,GG
rs16940760,GG,GG,GG,GG,GG,GG,GG,GG,GG,GG,GG,GG,GG,GG
rs1027949,AA,AA,AA,AA,AA,AA,AA,AA,AA,AA,AA,AA,AA,AA
rs3747572,AA,AG,AG,AA,AA,AA,AA,AG,AA,AA,AA,AA,AG,AA
rs669561,CC,CC,CC,CC,CC,CC,CC,CC,CC,CC,CC,CC,CC,CC
rs7197512,GG,GG,GG,GG,GG,GG,GG,GG,GG,GG,GG,GG,GG,GG
rs742460,TT,CC,CC,TC,TC,CC,CC,CC,TC,TC,TC,TT,TC,CC
rs2887538,AA,AA,AG,AG,AG,AG,AA,AA,AG,AG,AA,AG,AG,AG
rs9924164,CC,CC,CC,CC,CC,CC,CC,CC,CC,CC,CC,CC,CC,CC
rs3795596,GG,GG,GG,GG,GG,GG,GG,GG,AG,AG,GG,AG,GG,GG
rs6676433,AA,AA,AA,AA,AA,AA,AA,AA,AA,AA,AA,AA,AG,AA
rs6701064,TT,TG,GG,TT,TG,GG,TT,GG,TG,GG,TG,GG,TG,TG
rs4950769,GG,GG,GG,GG,GG,GG,GG,GG,GG,GG,GG,GG,GG,GG
rs3820380,AA,AA,AA,AA,AA,AA,AA,AA,AG,AG,AA,AG,AG,AA
rs3891249,CC,CC,CC,CC,CC,CC,CC,CC,CC,CC,CC,CC,CC,CC
rs1695,AG,AG,AA,AG,AA,AG,AA,AG,AA,AA,AG,AA,AG,AG
rs4986949,GG,GG,GG,GG,GG,GG,GG,GG,GG,GG,GG,GG,GG,GG
rs8191451,CC,CC,CC,CC,CC,CC,CC,CC,CC,CC,CC,CC,CC,CC
rs1871042,TC,TC,CC,TC,CC,CC,CC,TC,CC,CC,TC,CC,TC,CC
rs13238568,AG,AA,AG,AA,AA,AA,AG,AA,GG,AG,AA,AA,AG,AG
rs2718270,GG,GG,GG,GG,GG,GG,GG,GG,AG,GG,GG,GG,AG,GG
rs2527366,AG,AA,AG,AA,AA,AA,AG,AA,AG,AA,AA,AA,AG,AG
rs6964833,TC,TT,TC,TT,TT,TT,TC,TT,TT,TT,TT,TT,TT,TC
rs10232099,GG,GG,GG,GG,GG,GG,GG,GG,GG,GG,GG,GG,GG,GG
rs35005436,TT,TT,TC,TT,TT,TT,TC,TT,TT,TT,TT,TT,TT,TT
rs10254080,CC,CC,CC,CC,CC,CC,CC,CC,CC,CC,CC,CC,CC,CC
rs10258672,CC,CC,CC,CC,CC,CC,CC,CC,CC,CC,CC,CC,CC,CC
rs2718278,CC,CC,CC,CC,CC,CC,CC,CC,TC,CC,CC,CC,TC,CC
rs11826299,GG,GG,GG,GG,GG,GG,GG,GG,GG,AG,GG,GG,GG,AG
rs10790715,CC,TC,CC,CC,TT,TC,CC,CC,CC,TC,TC,TC,TT,CC
rs10790716,AA,GG,GG,AG,GG,AG,AG,GG,AA,GG,GG,GG,GG,AG
rs4936958,GG,GG,TT,GG,GG,GG,TG,GG,GG,GG,GG,GG,GG,GG
rs7130442,TT,TG,TT,TT,GG,TG,TT,TT,TT,TG,TG,TG,GG,TT
rs3924535,CC,CC,TC,CC,CC,CC,CC,CC,CC,CC,CC,CC,CC,CC
rs9697457,GG,GG,GG,GG,GG,GG,GG,GG,GG,GG,GG,GG,GG,GG
rs1442849,CC,TC,TC,TC,CC,TC,TT,CC,TC,CC,CC,TC,TC,CC
rs1442850,CC,CC,CC,CC,CC,CC,CC,CC,CC,CC,CC,CC,CC,CC
rs8076629,CC,AC,AC,CC,AC,CC,CC,CC,CC,CC,CC,CC,CC,CC
rs1348325,AA,AG,AG,AA,AG,AA,AA,AA,AA,AA,AA,AA,AA,AA
rs12030495,TC,TC,TC,TC,TC,TC,TC,TT,TC,TT,TT,CC,CC,TC
rs11206478,AG,AA,AA,AA,AG,AA,AG,AG,AA,AA,AA,AA,AA,AG
rs6694831,GG,AG,AG,GG,GG,GG,GG,GG,GG,AG,AG,GG,GG,GG
rs1148945,TT,CC,TC,TC,TT,TC,TC,TT,TC,TC,TC,CC,TC,TC
rs4660892,AA,GG,AG,AG,AG,GG,GG,AG,GG,GG,GG,GG,GG,AG
rs784622,AA,AA,AA,AG,AG,AA,AG,AG,AG,AA,AA,AA,AA,AA
rs8135862,CC,CC,CC,CC,CC,CC,CC,CC,CC,CC,CC,CC,CC,CC
rs465500,GG,AG,GG,AA,GG,GG,AG,GG,GG,GG,GG,GG,AG,GG
rs1046615,AG,AG,AA,AG,AG,AG,GG,AG,GG,GG,AG,GG,GG,GG
rs2271997,TC,CC,CC,TC,TC,TC,TT,TC,TT,TT,CC,TT,TT,TC
rs11024603,GG,AG,AA,GG,AG,GG,GG,GG,GG,GG,GG,GG,GG,GG
rs7128017,TG,GG,GG,TG,GG,TG,GG,TG,GG,GG,GG,GG,GG,GG
rs2403254,TC,CC,CC,TC,TC,TC,TT,TC,TT,TT,CC,TT,TT,TC
rs7943008,TT,TT,TT,TT,TT,TT,TT,TT,TT,TT,TT,TT,TT,TT
rs10741739,TT,TG,GG,TT,TG,TT,TT,TT,TT,TT,TG,TT,TT,TG
rs10741741,CC,TC,TT,CC,TC,CC,CC,CC,CC,CC,TC,CC,CC,TC
rs4150529,CC,CC,CC,CC,CC,CC,CC,CC,CC,CC,CC,CC,CC,CC
rs4150530,TG,GG,GG,TG,GG,TG,GG,TG,GG,GG,GG,GG,GG,GG
rs15817,AA,AA,AA,AA,AA,AG,GG,AA,AA,AG,AG,AA,AA,AG
rs1050096,AG,AA,AG,AG,AG,AG,AG,GG,AG,AA,AG,AG,AA,AG
rs2920,TT,TC,TT,TT,TC,TT,TC,TT,TC,CC,TT,TC,TT,TT
rs2966,TT,TC,TC,TC,TC,TT,CC,CC,TC,TC,TT,TC,CC,TT
rs2967,GG,AG,AG,GG,AG,GG,AG,AG,AG,AG,GG,GG,AG,GG
rs559290,GG,GG,GG,GG,AG,GG,GG,AG,AG,AG,GG,GG,AG,GG
rs630792,GG,AG,AG,GG,GG,GG,GG,GG,GG,GG,GG,GG,GG,GG
rs471942,CC,TC,TC,CC,CC,CC,CC,CC,CC,CC,CC,CC,CC,CC
rs6457740,GG,AG,AG,GG,AG,GG,AG,AG,AG,AG,GG,GG,AG,GG
rs12207382,TC,CC,CC,CC,TC,CC,TT,TT,CC,TC,CC,TC,TT,CC
rs622917,TC,TC,TC,CC,TC,CC,TC,TT,CC,TC,CC,CC,TT,CC
rs623813,CC,TC,TC,CC,CC,CC,CC,CC,CC,CC,CC,CC,CC,CC
rs568901,TT,TC,TC,TT,TT,TT,TC,TC,TT,TT,TT,TT,TC,TT
rs6942022,CC,CC,CC,CC,CC,CC,CC,TC,CC,CC,CC,CC,TC,CC
rs3807306,TG,GG,TG,TG,TT,TG,GG,TG,TG,GG,TG,GG,TG,GG
rs11761199,AG,AA,AG,AG,GG,AG,AA,AG,AA,AA,AG,AA,AG,AA
rs1874328,AG,AA,AG,AG,AA,AG,AA,AG,AA,AA,AG,AA,AG,AA
rs17886698,AA,AA,AA,AA,AA,AA,AA,AA,AG,AA,AG,AA,AA,AA
rs12547834,TT,TT,TT,TT,TT,TC,TT,TT,TT,TT,TT,TT,TT,TT
rs4734653,GG,GG,GG,GG,GG,GG,GG,GG,GG,GG,GG,GG,GG,GG
rs11552577,TT,TT,TG,TG,TG,TT,TT,TT,TT,TT,TT,TG,TT,TG
rs4074512,CC,CC,CC,CC,CC,CC,CC,CC,CC,CC,CC,CC,CC,CC
rs4444493,CC,CC,CC,CC,AC,CC,AC,CC,CC,CC,CC,CC,AC,CC
rs4669522,TC,CC,CC,TC,TC,CC,CC,CC,CC,CC,CC,CC,TC,TC
rs7632,TC,TC,TC,TT,TT,CC,TC,CC,CC,CC,TC,TT,TT,TT
rs7985521,TT,TT,TT,TC,TT,TT,TT,TC,TT,TT,TT,TC,TT,TC
rs9592937,CC,CC,CC,CC,TC,CC,CC,CC,CC,CC,CC,CC,CC,CC
rs7993625,CC,CC,TC,TC,CC,TC,TC,TC,TC,CC,CC,TC,CC,TC
rs9543429,CC,CC,TC,CC,CC,TC,TC,CC,TC,CC,CC,CC,CC,CC
rs9530231,TT,TT,TT,TG,TT,TT,TT,TG,TT,TT,TT,TG,TT,TG
rs9573278,CC,CC,CC,TC,CC,CC,TC,TC,TC,CC,CC,CC,CC,TC
rs7984233,CC,TC,CC,TC,TC,CC,CC,TC,CC,CC,TC,CC,CC,TC
rs8000253,TT,TT,TT,TT,TT,TT,TT,TT,TT,TT,TT,TT,TT,TT
rs17090354,TT,TT,TT,TT,TT,TT,TT,TT,TT,TT,TT,TT,TT,TT
rs7333671,AA,AA,AA,AA,AA,AA,AA,AA,AA,AA,AA,AA,AA,AA
rs17090361,TT,TT,TT,TT,TT,TT,TT,TT,TT,TT,TT,TT,TT,TT
rs11838649,CC,CC,CC,CC,CC,CC,CC,CC,CC,CC,CC,CC,CC,CC
rs7992411,AA,AG,AA,AG,AG,AA,AA,AG,AG,AA,AG,AA,AA,AG
rs7992690,CC,AC,CC,AC,AC,CC,CC,AC,AC,CC,AC,CC,CC,AC
rs7995173,CC,TC,CC,TC,TC,CC,CC,TC,TC,CC,TC,CC,CC,TC
rs2025423,AA,AA,AA,AA,AA,AA,AA,AA,AA,AA,AA,AA,AA,AA
rs9592939,TT,TG,TT,TG,TG,TG,TG,TG,TG,TT,TG,TG,TT,TG
rs2325554,AA,AG,AA,AG,AG,AA,AA,AG,AG,AA,AG,AG,AA,AG
rs7328913,CC,TC,CC,TC,TC,CC,CC,TC,TC,CC,TC,TC,CC,TC
rs7993376,GG,AG,AA,AG,AG,GG,GG,GG,GG,GG,GG,GG,AG,GG
rs7319665,CC,CC,CC,CC,CC,CC,CC,CC,CC,CC,CC,CC,CC,CC
rs12874102,AA,AA,AA,AA,AG,AA,AG,AG,AA,AA,AG,AA,AA,AG
rs4885115,GG,TG,TG,TG,TG,TG,GG,GG,GG,GG,GG,TG,TG,GG
rs9600159,TT,TC,TC,TC,TT,TC,TT,TT,TT,TT,TT,TC,TC,TT
rs17292092,TC,TC,CC,CC,TT,TC,TT,TT,TC,TC,TT,TC,TC,TT
rs10219971,TC,TC,TC,CC,TT,TC,TT,TT,TC,TC,TT,TC,TC,TT
rs9600160,TC,TC,TT,TT,TT,TC,TC,TT,TT,TT,TC,TT,TC,TT
rs718569,AG,AA,AA,AG,AA,AG,AA,AA,AG,AG,AA,AG,AA,AA
rs7322304,TC,TC,TC,TT,CC,TC,CC,CC,TC,TC,CC,TC,TC,CC
rs9600162,AG,AG,GG,AA,GG,AG,GG,GG,AG,AG,GG,AG,AG,GG
rs9565040,CC,CC,AC,CC,AC,CC,AC,AA,AC,AC,AC,AC,CC,AA
rs3764134,TT,TG,GG,TT,TG,TT,TG,TG,TG,TT,TG,TT,TG,TG
rs3764133,CC,CC,CC,CC,CC,CC,CC,CC,TC,CC,CC,CC,CC,CC
rs9543453,TT,TT,TT,TT,TT,TT,TT,TT,TC,TT,TT,TT,TC,TT
rs9530237,TT,TT,TT,TT,TT,TT,TT,TT,TG,TT,TT,TT,TG,TT
rs2875666,TT,TT,TT,TT,TT,TT,TT,TT,TC,TC,TT,TT,TT,TT
rs9318215,AA,AA,AA,AA,AA,AA,AA,AA,AA,AA,AA,AA,AA,AA
rs4885120,GG,GG,GG,GG,GG,GG,AG,AG,GG,GG,AG,AG,GG,GG
rs1590379,TT,TC,TT,TT,TC,TT,TT,TT,TC,TC,TC,TT,TT,TC
rs9318216,TT,TC,TT,TC,CC,TC,TC,TT,CC,CC,TC,TC,TT,TC
rs1011058,AA,AA,AA,AA,AA,AA,AG,AG,AA,AA,AG,AG,AA,AA
rs9573287,TC,TT,CC,TT,TT,TT,TT,TT,TT,TT,TT,TT,TT,TT
rs7984021,TC,CC,TT,CC,CC,CC,CC,CC,CC,CC,CC,CC,CC,CC
rs7330031,AC,AA,CC,AA,AA,AA,AA,AA,AA,AA,AA,AA,AA,AA
rs10492700,TT,TT,TT,TT,TT,TT,TT,TT,TT,TT,TC,TC,TT,TT
rs17312529,TT,TT,TT,TC,TC,TT,TC,TT,TT,TC,TT,TC,TT,TT
rs1408246,AG,AA,AG,AG,AG,AA,AG,AA,AA,AG,AG,AG,AA,AA
rs9573292,AG,AG,AG,AG,GG,AA,AG,AA,AG,GG,AG,AG,AA,AG
rs879800,TC,CC,TC,CC,CC,CC,CC,CC,CC,CC,TC,CC,CC,CC
rs9318219,AG,AG,AA,AG,GG,GG,GG,GG,GG,GG,AG,GG,AG,AG
rs1998574,AA,AG,AA,AG,GG,AA,AG,AA,AG,GG,AA,AG,AA,AG
rs1426,TT,TC,TC,TT,TC,TT,TT,TT,TC,TC,TC,TT,TT,TC
rs1324061,TT,TC,TC,TC,CC,TT,CC,TC,TC,CC,TC,TC,TT,TC
rs9530247,AG,GG,GG,GG,GG,AA,AG,AA,AG,GG,AG,AG,AG,GG
rs9573305,TT,TT,TT,TT,TT,TT,TT,TT,TT,TT,TC,TT,TT,TT
rs9888532,GG,GG,TG,TG,TG,GG,TG,GG,GG,TG,GG,TG,GG,GG
rs9318222,GG,GG,TG,TG,TG,GG,TG,GG,GG,TG,GG,TG,GG,GG
rs17061542,TT,TT,TT,TT,TT,TT,TT,TT,TT,TT,TT,TT,TT,TT
rs9573311,CC,CC,TC,TC,TC,CC,TC,CC,CC,TC,CC,TC,CC,CC
rs4142838,TG,TT,TT,TT,TG,GG,TG,GG,GG,TG,TG,TG,TG,TT
rs2182667,AG,GG,AA,AG,AA,AA,AA,AA,AA,AA,AG,AA,AG,GG
rs9543473,AC,AA,AC,AA,AC,CC,AC,CC,CC,AC,AC,AC,AC,AA
rs9565052,GG,GG,AG,AG,AG,GG,AG,GG,GG,AG,GG,AG,GG,GG
rs9543474,TT,TT,TT,TT,TT,GG,TG,GG,GG,TG,TT,TG,TG,TT
rs2325583,AG,GG,AG,AG,AA,GG,AG,GG,GG,AG,AG,AG,GG,GG
rs9573319,CC,CC,CC,CC,CC,CC,CC,CC,CC,CC,CC,CC,CC,CC
rs9565053,TC,CC,TC,CC,TT,CC,CC,CC,CC,CC,TC,CC,CC,CC
rs4883955,GG,TG,GG,TG,GG,GG,TG,GG,TG,TG,TG,GG,GG,GG
rs12428279,CC,CC,CC,CC,CC,CC,CC,CC,CC,CC,CC,CC,CC,CC
rs3764109,TT,CC,CC,TT,TT,TT,TC,TC,TC,TC,TC,CC,TT,TT
rs9530253,TC,CC,CC,TC,TT,CC,TC,CC,CC,CC,CC,CC,CC,CC
rs9600179,TT,CC,CC,TT,CC,TT,CC,TC,TC,TC,TT,CC,TT,TT
rs8000603,GG,GG,GG,GG,GG,GG,GG,GG,GG,GG,GG,GG,GG,GG
rs9565054,TC,TC,CC,TC,CC,TT,CC,TC,TC,TC,TC,CC,TT,TT
rs6562789,TT,TC,CC,TT,TT,TT,TC,TT,TC,TC,TT,TC,TT,TT
rs12428146,GG,GG,GG,GG,GG,GG,GG,GG,GG,GG,GG,GG,GG,GG
rs7999645,AA,AA,AA,AA,AA,AA,AA,AA,AA,AA,AA,AA,AA,AA
rs17061640,AA,AA,AA,AA,AA,AA,AA,AA,AA,AA,AA,AA,AA,AA
rs17061643,AA,AA,AA,AA,AA,AA,AG,AA,AA,AA,AA,AA,AA,AA
rs2182665,TG,GG,GG,TG,TT,GG,TG,TG,GG,GG,GG,TG,GG,GG
rs9600182,TT,TC,CC,TT,TT,TT,TC,TT,TC,TC,TT,TC,TT,TT
rs8000989,TT,TT,TT,TT,TT,TT,TT,TT,TT,TT,TT,TT,TT,TT
rs9530257,TC,TC,CC,TT,TT,TC,TC,TC,TC,TC,TC,TC,TT,TT
rs9573326,AG,AG,GG,AG,GG,AG,GG,AG,AG,AG,GG,GG,AG,AA
rs9318225,CC,TT,TC,TC,TT,CC,TT,TT,TC,TC,TC,TT,TC,TC
rs1887346,GG,AG,GG,GG,GG,AG,GG,GG,AG,GG,GG,GG,AG,GG
rs9318226,CC,TC,CC,CC,CC,TC,CC,CC,TT,CC,CC,CC,TC,TC
rs9543486,CC,TC,CC,CC,CC,TC,CC,CC,TT,CC,CC,CC,TC,TC
rs9318227,CC,CC,CC,CC,CC,CC,CC,CC,TC,CC,CC,CC,CC,TC
rs9530261,CC,TC,CC,CC,CC,TC,CC,CC,TT,CC,CC,CC,TC,TC
rs4885133,CC,CC,CC,CC,CC,CC,CC,CC,CC,CC,CC,CC,CC,CC
rs2325572,TC,TC,TC,TC,CC,TC,TC,TC,TC,CC,CC,TC,TC,CC
rs9600189,GG,GG,GG,GG,GG,GG,GG,GG,AG,GG,GG,GG,GG,GG
rs728926,TC,TC,TC,TC,TC,TC,TC,TC,CC,TT,TT,TC,TC,TT
rs17288193,CC,CC,CC,CC,TC,CC,CC,CC,CC,CC,CC,CC,CC,CC
rs9530262,TC,TC,TC,TC,CC,TC,TC,TC,TC,CC,CC,TC,TC,CC
rs9600191,TT,TT,TT,TT,TT,TT,TT,TT,TC,TT,TT,TT,TT,TT
rs6562791,CC,CC,CC,CC,CC,CC,CC,CC,CC,CC,CC,CC,CC,CC
rs9530263,AG,AG,AG,AG,AA,AG,AG,AG,AG,AA,AA,AG,AG,AA
rs4450274,TT,TT,TT,TC,TT,TT,TT,TT,TT,TC,CC,TT,TC,TT
rs9318232,CC,CC,CC,TC,TC,CC,CC,CC,TC,TC,TT,CC,TC,CC
rs17288893,AA,AA,AA,AA,AG,AA,AA,AA,AA,AA,AA,AA,AA,AA
rs1570744,CC,CC,CC,TC,TC,CC,CC,CC,CC,TC,TT,CC,TC,CC
rs9318236,CC,CC,CC,TC,TC,CC,CC,CC,CC,TC,TT,CC,TC,CC
rs17061772,AG,AG,AG,GG,AG,AG,AG,AG,GG,AG,GG,AG,GG,AA
rs1570745,TG,TG,TG,TG,TG,TG,TG,TG,TG,GG,GG,TG,TG,GG
rs9600201,GG,GG,GG,GG,GG,GG,GG,GG,TG,GG,GG,GG,GG,GG
rs9530269,TT,TT,TT,TC,TT,TT,TT,TT,TC,TC,CC,TT,TC,TT
rs9573337,TT,TT,TT,TT,TT,TT,TT,TT,TT,TT,TT,TT,TT,TT
rs7333855,CC,CC,CC,TC,CC,CC,CC,CC,CC,TC,TT,CC,TC,CC
rs7332649,TT,TT,TT,TC,TT,TT,TT,TT,TT,TC,CC,TT,TC,TT
rs13378861,CC,CC,CC,CC,AC,CC,CC,CC,AC,CC,CC,CC,CC,CC
rs12871414,TC,TC,TC,CC,TC,TC,TC,TC,CC,TC,CC,TC,CC,TT
rs1886514,GG,GG,GG,TG,GG,GG,GG,GG,GG,GG,TG,GG,TG,GG
rs1886516,GG,GG,GG,AG,GG,GG,GG,GG,GG,GG,AG,GG,AG,GG
rs17218496,CC,CC,CC,CC,CC,TC,CC,CC,CC,TC,CC,CC,CC,CC
rs9318240,TT,TC,TT,TT,TT,TT,TT,TT,TT,TC,TT,TT,TT,TT
rs1408676,TT,TC,TT,TT,TT,TT,TT,TT,TT,TC,TT,TT,TT,TT
rs12873770,TT,TC,TT,TC,TC,TT,TC,TT,TT,TT,TT,TC,TT,TT
rs4885145,AA,AG,AG,AA,AA,AA,AA,AA,AA,AG,AA,AA,AA,AA
rs7324708,GG,AG,AG,AG,AG,GG,AG,GG,AG,GG,GG,AG,GG,AA
rs17062015,CC,CC,CC,TC,CC,TC,CC,CC,CC,TC,TC,CC,TC,CC
rs9592965,AC,AC,AC,AC,CC,AA,AC,AC,AC,AA,AA,AC,AA,CC
rs17062027,CC,CC,CC,CC,CC,TC,CC,CC,CC,TC,CC,CC,CC,CC
rs2147627,TT,TC,TC,TT,TT,TT,TT,TT,TT,TC,TT,TT,TT,TT
rs9543515,AG,AA,AA,AA,AA,AG,AG,AG,AG,AA,AA,AG,AG,AA
rs17220111,TT,TG,TG,TT,TT,TG,TT,TT,TT,GG,TT,TT,TT,TT
rs9543516,CC,TC,TC,TC,CC,TC,CC,CC,CC,TT,TC,CC,TC,CC
rs17071114,AA,AA,AA,AA,AA,AA,AA,AA,AA,AA,AA,AA,AA,AA
rs9530271,TT,GG,GG,TG,TG,TG,TG,TT,TG,GG,TT,TG,TT,GG
rs1324914,GG,AG,AG,AG,GG,AG,GG,GG,GG,AA,GG,AG,GG,GG
rs1324913,GG,TG,TG,TG,GG,TG,GG,GG,GG,TT,GG,TG,GG,GG
rs7322834,CC,TC,TC,CC,CC,CC,CC,CC,CC,TC,CC,CC,CC,CC
rs9565073,TC,TC,TC,TT,TC,TC,TC,CC,CC,TT,TC,TC,TC,CC
rs9543518,CC,CC,CC,TC,TC,TC,CC,CC,CC,TC,CC,TC,CC,CC
rs17220832,GG,GG,GG,AG,GG,AG,GG,GG,GG,AG,GG,AG,GG,GG
rs17062078,GG,GG,GG,TG,GG,TG,GG,GG,GG,TG,GG,TG,GG,GG
rs10507825,GG,GG,GG,GG,GG,GG,GG,GG,GG,GG,GG,GG,GG,GG
rs9318244,GG,GG,GG,AG,GG,AG,AG,AG,AG,GG,AG,AA,AG,GG
rs9543523,AA,AA,AA,AG,AA,AG,AG,AG,AG,AA,AG,GG,AG,AA
rs4885149,AG,GG,AG,AA,GG,AG,AG,AG,AG,GG,AG,AA,AA,AG
rs9543528,TC,CC,TC,TC,CC,CC,CC,CC,CC,CC,CC,CC,TC,TC
rs9592966,TC,TT,TC,CC,TT,TC,TC,TC,TC,TC,CC,CC,CC,TC
rs1184596,AG,GG,AG,AG,AG,GG,AG,AG,AG,GG,GG,AA,GG,AA
rs2104388,CC,TC,CC,TC,CC,TC,CC,TC,TC,TT,TT,TC,CC,CC
rs7996546,AA,AA,AA,AA,AA,AA,AA,AA,AA,AA,AA,AA,AA,AA
rs7995760,GG,GG,GG,GG,GG,GG,GG,GG,GG,GG,GG,GG,GG,GG
rs4885151,GG,TG,GG,TG,GG,TG,GG,TG,TG,TT,TT,TG,GG,GG
rs7334403,TT,TC,TT,TT,TT,TT,TT,TT,TT,TC,CC,TT,TT,TT
rs9600235,CC,CC,CC,TC,CC,TC,CC,TC,TC,TC,CC,TC,CC,CC
rs1465778,TT,TC,TT,TT,TT,TT,TC,CC,TT,TT,TT,TC,TC,TT
rs9920314,GG,AG,AA,GG,AG,AG,AG,AA,AA,AG,AA,AA,AG,AG
rs11853926,AA,AG,GG,AA,AA,AG,AA,AA,GG,GG,AG,AG,AG,AG
rs4779861,CC,CC,CC,CC,TC,CC,TC,TC,CC,CC,CC,TC,TC,CC
rs4779862,TT,TT,TT,TT,TC,TT,TC,TC,TT,TT,TT,TC,TC,TT
rs7174211,GG,AG,AA,AG,AG,AG,GG,GG,AA,AA,AG,AG,AG,AG
rs11857440,GG,AG,AA,AG,AG,AG,AG,GG,AA,AA,AG,AG,AG,AG
rs7169662,AG,AA,AA,AG,AG,AG,AG,AG,AA,AA,AG,AG,AG,AG
rs8031093,AG,AG,AA,AA,AA,AA,AA,AG,AA,AA,AA,AA,AA,AA
rs11070980,TT,TC,CC,TC,TC,TC,CC,TT,CC,CC,TC,TC,CC,TC
rs9838915,GG,GG,GG,AG,GG,GG,AG,GG,GG,GG,GG,GG,GG,GG
rs12974664,GG,AG,AG,AG,AA,AG,AA,AA,AG,GG,AG,AG,GG,GG
rs7248864,CC,CC,CC,TC,CC,CC,CC,CC,CC,TC,TC,CC,TC,CC
rs12462380,AG,GG,AA,AG,AG,GG,AA,AG,AA,AG,GG,AG,AG,AA
rs3782933,AA,AA,AA,GG,AG,AA,AA,AA,GG,AA,AG,AA,AA,AA
rs12428414,CC,CC,CC,TC,CC,CC,CC,CC,TC,CC,CC,CC,CC,CC
rs9530145,TT,CC,CC,CC,TC,TC,TT,CC,CC,TC,TC,CC,TC,TC
rs9573095,CC,CC,CC,CC,CC,CC,CC,CC,CC,CC,CC,CC,CC,CC
rs9573096,TC,TT,TT,CC,CC,TT,TT,TT,CC,TT,TC,TT,TT,TT
rs4885065,AA,AA,AG,AA,AA,AA,AA,AA,AA,AA,AA,GG,AG,AG
rs2287505,GG,GG,TG,TG,GG,GG,TT,GG,GG,GG,GG,TG,GG,GG
rs2287504,CC,CC,CC,AC,CC,CC,AA,CC,CC,CC,CC,AC,CC,CC
rs1263619,GG,TG,TT,TG,GG,GG,GG,GG,GG,TG,TG,GG,TG,GG
rs1263618,TC,TC,TT,TC,TC,TT,CC,TC,TC,TC,TT,TC,TT,TT
rs7582048,AG,AA,AA,AA,AG,AG,AA,AA,AA,AA,AG,AG,AG,GG
rs13012163,TC,TC,TC,CC,TT,TT,CC,TT,TC,TC,TT,TC,TC,TT
rs6759901,TC,TC,TC,CC,TT,TT,CC,TT,TC,TC,TT,TC,TC,TT
rs12464132,TC,CC,TC,TC,TC,TC,TT,CC,CC,CC,TC,TT,TC,TT
rs1263611,TC,TT,CC,TC,CC,TC,TT,TC,TT,TT,TC,TC,CC,CC
rs1269416,TT,TT,TC,TC,TT,TT,TT,TT,TT,TT,TT,TT,TC,TT
rs2244923,TT,TT,TC,TC,TT,TT,TT,TT,TT,TT,TT,TT,TC,TT
rs2244399,TC,CC,TT,TT,TT,TT,TT,TT,TC,TC,TT,TT,TT,TT
rs1263621,AA,AG,AG,AA,GG,GG,AG,GG,AG,AA,AG,AA,AA,AA
rs6706279,CC,TC,TC,CC,TT,TT,TC,TC,TC,CC,TC,CC,CC,CC
rs2269077,CC,TC,TC,CC,TT,TT,TC,TC,TC,CC,TC,CC,CC,CC
rs2543596,CC,TC,TC,CC,TT,TT,TC,TC,TC,CC,TC,CC,CC,CC
rs2300941,TT,TC,TC,TT,CC,CC,TC,TC,TC,TT,TC,TT,TT,TT
rs16839275,GG,AG,AG,AA,GG,GG,GG,AG,AG,GG,GG,GG,AG,AA
rs2284934,TT,TC,TC,TT,CC,TC,TC,TC,TC,TT,TC,TT,TT,TT
rs7594394,TT,TT,TT,TT,TT,TT,TT,TT,TT,TT,TT,TT,TT,TT
rs7594919,CC,TT,TT,TT,TT,TC,TC,TT,TT,CC,TC,CC,TC,TT
rs764487,TT,TG,TG,GG,TG,TT,TT,TG,TG,TT,TT,TT,TG,GG
rs10181757,CC,TT,TT,TT,TT,TC,TC,TT,TT,CC,TC,CC,TC,TT
rs1406791,GG,AA,AA,AA,AA,AG,AG,AA,AA,GG,AG,GG,AG,AA
rs929695,TT,CC,CC,CC,CC,TC,TC,CC,CC,TT,TC,TT,TC,CC
rs3791994,GG,AG,AG,GG,AG,AG,AG,AG,AG,GG,AG,GG,GG,GG
rs2284931,CC,CC,CC,CC,CC,CC,CC,CC,CC,CC,CC,CC,CC,CC
rs12466923,AA,AA,AC,AA,AA,AA,AC,AA,AA,AA,AA,AA,AA,AA
rs7603172,AA,AG,GG,AG,AG,AA,AG,AG,AG,AA,AA,AA,GG,GG
rs10932179,CC,CC,CC,CC,CC,CC,CC,CC,CC,CC,CC,CC,CC,CC
rs9288381,CC,TC,TT,TC,TC,CC,TC,TC,TC,CC,CC,CC,TT,TT
rs2241262,TT,TC,TC,TC,TT,TT,TT,TC,TC,TT,TT,TT,CC,TC
rs3791997,CC,AC,AC,AC,CC,CC,CC,AC,AC,CC,CC,CC,AA,AA
rs12845122,GG,GG,GG,GG,GG,GG,GG,GG,GG,GG,GG,GG,GG,GG
rs17003003,AA,AA,AA,AA,AA,AA,AA,AA,AA,AA,AA,AA,AA,AA
rs2375630,AA,AC,AA,CC,AA,CC,AA,AA,AA,AA,AA,AA,AA,AA
rs2375631,TT,TG,TT,GG,TT,GG,TT,TT,TT,TT,TT,TT,TT,TT
rs1033565,GG,TG,GG,TT,GG,TT,GG,GG,GG,GG,GG,GG,GG,GG
rs3922927,GG,GG,GG,GG,GG,GG,GG,GG,GG,GG,GG,GG,GG,GG
rs10780928,AA,GG,AG,AG,AG,AG,AG,AG,AG,AG,AA,AA,AG,AG
rs7034715,GG,GG,GG,TG,GG,TG,GG,GG,GG,GG,GG,GG,GG,GG
rs11142402,TT,GG,TG,TG,TG,GG,TG,TG,TG,TG,TT,TT,GG,TG
rs6427976,GG,GG,GG,GG,GG,GG,GG,GG,GG,GG,GG,GG,GG,GG
rs4950887,TC,TT,TT,TC,TT,TT,TC,TT,TT,TC,TC,TC,TT,TC
rs6686801,TC,TT,TT,CC,TT,TC,TC,TT,TT,TC,TC,CC,CC,TC
rs9919219,TC,TT,TT,TC,TT,TT,TC,TT,TT,TC,TC,TC,TT,TC
rs10800877,CC,CC,CC,TC,CC,TC,CC,CC,CC,CC,CC,TC,TT,CC
rs10800880,TT,TT,TT,TC,TT,TC,TT,TT,TT,TT,TT,TC,CC,TT
rs1359931,CC,TC,TT,TC,TT,TC,TC,TC,CC,TC,CC,CC,TT,TC
rs982124,GG,AG,GG,GG,GG,GG,GG,AG,GG,GG,GG,GG,GG,GG
rs7770996,CC,AC,AA,CC,AC,AC,AC,AC,CC,AC,CC,CC,AC,AC
rs12662765,AG,AG,AA,AA,AA,AA,AG,AG,AA,AA,AA,GG,AA,AA
rs7761614,TC,TT,TT,TT,TT,TT,TC,TT,TT,TT,TT,CC,TT,TT
rs7762923,TT,TC,TT,TT,TT,TT,TT,TC,TT,TT,TT,TT,TT,TT
rs974417,CC,CC,CC,CC,CC,CC,CC,CC,CC,CC,CC,TT,CC,CC
rs2179537,TC,TC,TT,TT,TT,TT,TT,TC,CC,TT,TT,CC,TT,TT
rs11756272,AG,AG,AA,AA,AA,AA,AA,AG,GG,AA,AA,GG,AA,AA
rs12523684,AG,AG,AA,AA,AA,AA,AA,AG,GG,AA,AA,GG,AA,AA
rs1933459,AA,AG,AA,AA,AG,AA,AA,AA,AG,AG,AG,AG,AG,AG
rs4839701,AA,AA,AA,AA,AA,AA,AA,AA,AA,AA,AA,AA,AA,AA
rs1206112,TC,CC,TC,TT,TC,TC,TC,TT,TC,CC,CC,CC,TC,TC
rs7759248,CC,CC,CC,CC,CC,CC,CC,CC,CC,CC,CC,CC,CC,CC
rs7766446,AA,AA,AA,AA,AC,AA,AA,AA,AA,AA,AA,AA,AA,AA
rs12055565,AC,AA,AA,AC,AA,AA,AA,AC,AA,AA,AA,AA,AA,AA
rs9387043,GG,GG,GG,AG,GG,GG,GG,GG,GG,GG,GG,GG,GG,GG
rs9487742,GG,GG,GG,GG,GG,GG,GG,GG,GG,GG,GG,GG,GG,GG
rs1206097,AA,AA,AG,AG,AA,AG,AG,AG,AG,AA,AA,AA,AG,AG
rs1206100,AA,AG,AA,AA,AA,AG,AG,AA,AA,AG,AG,AG,AA,AA
rs9481207,AA,AA,AA,AA,AG,AA,AA,AA,AA,AA,AA,AA,AA,AA
rs13211055,TC,TC,CC,CC,TC,CC,CC,TC,TC,TC,TC,TC,TC,TC
rs1766483,GG,GG,AG,AG,AG,AG,AG,AG,AG,GG,GG,GG,AG,AG
rs17057302,TC,CC,CC,CC,CC,CC,CC,TC,CC,CC,CC,CC,CC,CC
rs4839708,AA,AA,AG,AG,AG,AG,AG,AG,AG,AA,AA,AA,AG,AG
rs1766467,AA,AA,AG,AG,AA,AG,AG,AG,AG,AA,AA,AA,AG,AG
rs1206117,GG,GG,AG,AG,AG,AG,AG,AG,AG,GG,GG,GG,AG,AG
rs2294763,AA,AA,AA,AA,AG,AA,AA,AA,AA,AA,AA,AA,AA,AA
rs1933463,GG,GG,AG,AA,GG,AG,AG,AG,AG,GG,GG,GG,AG,AG
rs9374329,CC,CC,CC,AC,CC,CC,CC,CC,CC,CC,CC,CC,CC,CC
rs11153367,TC,TC,TC,TT,TC,TT,TT,TT,TC,CC,CC,TC,TC,TT
rs963402,GG,GG,AG,AG,GG,AG,AG,AG,AG,GG,GG,GG,AG,AG
rs12662753,AA,AA,AA,AA,AA,AA,AA,AA,AA,AA,AA,AA,AA,AA
rs9320410,TT,TT,TC,TC,TT,TC,TC,TC,TC,TT,TT,TT,TC,TC
rs879382,CC,CC,CC,CC,CC,CC,CC,CC,CC,CC,CC,CC,CC,CC
rs879384,AG,AG,AA,AG,AA,AG,AG,AG,AA,AA,AA,AG,AA,AG
rs1997933,AG,AG,AG,AA,GG,AA,AA,AA,AG,GG,GG,AG,AA,AA
rs1206131,CC,CC,TC,TC,CC,TC,TC,TC,TC,CC,CC,CC,TC,TC
rs1206153,TC,TT,TC,CC,TC,TC,CC,CC,CC,TT,CC,TC,TC,CC
rs1206155,TC,TT,CC,CC,CC,CC,CC,CC,CC,TC,CC,TC,TC,CC
rs1206157,AG,GG,AA,AA,AA,AA,AA,AA,AA,AG,AA,AG,AG,AA
rs1206147,AG,AA,AG,GG,AG,AG,GG,GG,GG,AA,GG,AG,AG,GG
rs1206149,AG,GG,AG,AA,AG,GG,AA,AA,AA,GG,AA,GG,AG,AA
rs9400583,CC,CC,CC,CC,CC,CC,CC,CC,CC,CC,CC,CC,CC,CC
rs1766530,AG,GG,AG,AA,AA,AA,AA,AA,AA,AG,AA,AG,AG,AA
rs12524602,TT,TC,TT,TT,TT,TT,TT,TT,TT,TT,TT,TT,TT,TT
rs370752,GG,GG,GG,GG,GG,GG,GG,GG,GG,GG,GG,GG,GG,GG
rs2430949,GG,AG,GG,GG,GG,GG,GG,GG,GG,GG,GG,GG,GG,GG
rs11644820,CC,CC,CC,CC,CC,CC,CC,CC,CC,CC,CC,CC,CC,CC
rs730168,TC,CC,CC,TC,TC,TC,TT,CC,CC,CC,CC,CC,CC,CC
rs929271,TG,TG,TT,TT,TT,TT,TT,TT,TT,TT,TG,TT,TT,TT
rs737812,AC,CC,CC,AC,CC,AA,AC,AC,AA,AC,CC,CC,AA,AA
rs737921,AG,GG,GG,AG,GG,AG,AG,AG,AA,AG,AG,GG,GG,AG
rs715605,AA,AG,GG,AA,AA,AA,AA,AG,AA,AA,AA,AA,AA,AA
rs2605135,TT,TT,TT,CC,TT,CC,CC,CC,CC,TT,TT,TT,TT,CC
rs2290503,CC,CC,CC,CC,CC,CC,CC,CC,TT,CC,CC,CC,CC,TT
rs2290507,GG,GG,GG,GG,GG,GG,GG,GG,GG,AA,GG,GG,GG,GG
rs2605137,GG,GG,GG,AA,GG,AA,AA,AA,GG,GG,GG,GG,GG,GG
rs2290509,AA,AA,AA,AA,AA,AA,AA,AA,AA,AA,AA,AA,AA,AA
rs28523978,CC,CC,CC,CC,CC,CC,CC,CC,CC,CC,CC,CC,CC,CC
rs1003392,AA,AA,AG,AA,AA,AA,AA,AA,AA,AA,AA,AA,AA,AA
rs12047085,GG,GG,GG,GG,GG,GG,GG,GG,GG,GG,GG,GG,GG,GG
rs12065908,CC,CC,CC,TC,CC,TC,CC,CC,CC,CC,CC,CC,TC,CC
rs2267373,TC,TT,CC,TC,TT,TC,TC,TT,TC,TT,CC,TT,TC,TC
rs4444637,GG,GG,AG,GG,GG,GG,GG,GG,AG,GG,GG,GG,AG,GG
rs10276767,CC,CC,CC,CC,CC,CC,CC,CC,CC,CC,CC,CC,CC,CC
rs17772089,TG,GG,TT,GG,TG,GG,GG,TT,GG,TT,TG,GG,TG,TG
rs2233078,CC,CC,CC,CC,CC,CC,CC,CC,CC,CC,CC,CC,CC,CC
rs2233083,CC,CC,CC,CC,CC,CC,CC,CC,CC,CC,CC,CC,CC,CC
rs7536276,AG,AG,GG,AA,GG,AG,AG,GG,AG,AG,AG,GG,GG,GG
rs6682431,AA,AG,AA,AA,AA,AG,AA,AA,AG,AA,AG,AA,AA,AA
rs4131748,AC,CC,CC,AA,CC,CC,AC,CC,CC,AC,CC,CC,CC,CC
rs12032061,AA,AA,AA,AA,AA,AA,AA,AA,AA,AA,AA,AA,AA,AA
rs12029901,TT,TT,TT,TT,TT,TT,TT,TT,TT,TT,TT,TT,TT,TT
rs6671579,CC,CC,CC,CC,CC,CC,CC,CC,CC,CC,CC,CC,CC,CC
rs2642439,AG,AG,AG,AG,GG,GG,AG,AG,AG,GG,GG,GG,AG,GG
rs867772,AG,AG,AG,AG,GG,GG,AG,AG,AG,GG,GG,GG,AG,GG
rs2642441,CC,TC,CC,CC,CC,TC,TC,TC,TC,TC,TC,TT,TC,TC
rs12046182,CC,CC,CC,CC,CC,TT,TC,CC,CC,TC,TC,TC,CC,CC
rs2807837,AG,AA,AA,AA,AA,AA,AA,AA,AG,AA,AA,AA,AG,AA
rs2642444,AA,AA,AA,AA,AA,GG,AG,AG,AA,AG,AG,AG,AA,AA
rs17008806,AC,AA,CC,AC,CC,AA,AA,AA,AA,AC,AA,AA,AA,AC
rs2642421,TC,TT,CC,TC,CC,TT,TT,TC,TT,TC,TT,TT,TT,TC
rs2642420,CC,CC,CC,CC,CC,CC,CC,AC,CC,CC,CC,CC,CC,CC
rs17008835,CC,CC,TC,TC,TC,CC,CC,CC,CC,TC,CC,CC,CC,CC
rs6541160,TC,TT,TC,TT,TC,TT,TT,TC,TT,TT,TT,TT,TT,TC
rs17649913,TT,TT,TT,TT,TT,TC,TT,TC,TT,TC,TT,TT,TT,TT
rs11118607,TC,TT,CC,TC,CC,CC,TC,CC,CC,CC,TC,CC,CC,CC
rs12129004,AG,GG,AA,AG,AA,GG,GG,GG,GG,AG,GG,GG,GG,AG
rs2642449,TT,TT,TT,TT,TT,TC,TT,TT,TC,TT,TC,TT,TC,TT
rs2807840,GG,GG,GG,GG,GG,AG,GG,GG,AG,GG,AG,GG,GG,GG
rs1044722,AC,AA,AC,AA,AC,AA,AC,AC,CC,AC,AC,AC,AC,AA
rs9993575,TC,TC,TC,TC,CC,CC,TC,TC,CC,TC,TT,TC,TC,TT
rs2044052,TC,CC,TC,CC,TC,CC,TC,TC,TT,TC,TC,TC,TC,CC
rs17473073,CC,TC,CC,CC,CC,CC,CC,CC,CC,CC,CC,CC,CC,CC
rs17473108,AA,AG,AA,AG,AG,GG,AA,AA,AA,AA,AA,AA,AA,AA
rs12508980,AG,GG,AG,GG,AG,GG,AG,AG,AA,AG,AG,AG,AG,GG
rs13130399,TC,TC,TC,CC,CC,CC,TC,TC,CC,TC,TC,TC,TC,TT
rs11100507,AG,GG,AG,AA,AA,AA,AG,GG,AG,AG,AG,AG,AG,GG
rs6815345,AG,GG,AG,AG,AG,GG,AG,GG,AA,AG,AG,GG,GG,GG
rs2320771,TC,TC,TC,TC,TC,CC,TC,CC,TT,TC,TC,TC,TC,CC
rs17473171,AA,AG,AA,AA,AA,AA,AA,AA,AA,AA,AA,AA,AA,AA
rs11100509,CC,CC,CC,CC,TC,CC,CC,CC,TC,CC,TC,CC,CC,CC
rs10029699,CC,CC,CC,CC,TC,CC,CC,CC,TC,CC,CC,CC,CC,CC
rs17473283,TC,CC,TC,TC,TC,TT,TT,TC,CC,TT,CC,CC,CC,CC
rs13115712,AG,GG,AG,AG,AA,AA,AA,AG,AG,AA,AG,GG,GG,GG
rs1877314,AA,AA,AA,AA,AA,AA,AA,AA,AA,AA,AG,AA,AA,AA
rs10001689,TG,GG,TG,TG,TT,TT,TT,TG,TG,TT,TG,GG,GG,GG
rs7693363,GG,GG,GG,GG,GG,GG,GG,GG,GG,GG,GG,GG,GG,GG
rs6821802,GG,GG,GG,GG,AG,GG,GG,GG,AG,GG,GG,GG,GG,GG
rs7695517,TT,TT,TT,TT,TT,TT,TT,TT,TT,TT,TT,TT,TT,TT
rs7693970,TC,TT,TC,TC,TC,CC,CC,TC,TT,CC,TT,TT,TT,TT
rs10213166,TC,CC,TC,TC,TT,TT,TT,TC,TC,TT,TC,CC,CC,CC
rs7692553,AG,AA,AG,GG,GG,AA,AG,AG,AG,GG,AA,AA,AA,AA
rs1511779,GG,GG,GG,GG,GG,AA,GG,GG,GG,GG,AG,GG,GG,GG
rs17473521,AG,AA,AG,GG,AG,AA,AG,AG,AG,GG,AA,AA,AA,AA
rs950565,GG,TG,GG,GG,GG,TT,GG,GG,GG,GG,TG,GG,GG,GG
rs907435,TT,TT,TT,TT,TT,CC,TT,TT,TT,TT,TC,TT,TT,TT
rs3792614,CC,AC,CC,CC,CC,CC,CC,CC,CC,CC,CC,CC,CC,CC
rs4413365,AG,AG,AG,AA,AG,AA,AG,AG,AG,AA,AG,GG,GG,GG
rs10030322,TC,TT,TC,CC,TC,CC,TC,TC,TC,CC,TC,TT,TT,TT
rs7686154,TT,TT,TT,TT,TG,TT,TT,TT,TT,TT,TT,TT,TT,TT
rs2036905,TG,TG,TG,TT,TT,TT,TG,TG,TT,TT,TG,GG,GG,GG
rs2175490,TC,TC,TC,CC,CC,CC,TC,TC,CC,CC,TC,TT,TT,TT
rs13149834,TC,TC,TC,CC,CC,CC,TC,TC,CC,CC,TC,TT,TT,TT
rs13105536,GG,GG,AG,GG,GG,AG,GG,GG,AG,AG,GG,GG,GG,AG
rs17044007,GG,GG,GG,GG,GG,GG,GG,GG,GG,GG,GG,TG,GG,GG
rs17473710,GG,AG,AG,GG,AG,AA,AG,AG,AG,GG,GG,AG,GG,AG
rs7655593,TC,TC,CC,TC,TC,CC,TC,TC,CC,TC,TC,CC,TC,CC
rs1533151,AA,AC,AA,AC,AC,AA,AA,AA,AA,AA,AC,AA,AA,AA
rs1511776,AG,AG,AG,GG,AG,AA,AG,AA,AG,AA,GG,AG,AG,AG
rs17473787,TG,TG,TG,GG,TG,TT,TT,TT,TT,TT,TG,TG,TG,TG
rs6826691,TC,TT,TC,TC,TT,TT,TT,TT,TT,TT,TC,TT,TC,TC
rs17044034,TT,TT,TT,TT,TT,TT,TT,TT,TT,TT,TT,TT,TT,TT
rs998117,TG,TT,TG,TG,TG,TT,TT,TT,TT,TT,TG,TT,TG,TG
rs9308064,TC,CC,TC,TC,TC,CC,CC,CC,CC,CC,TC,CC,TC,TC
rs17577307,AG,AA,AG,AG,AG,AA,AA,AA,AA,AA,AG,AA,AG,AG
rs1565840,AC,AA,AC,AC,AC,AA,AA,AA,AA,AA,AC,AA,AC,AC
rs6814421,AG,AA,AG,AG,AA,AA,AA,AA,AA,AA,AA,AA,AG,AG
rs7667981,AC,CC,AC,AC,AC,CC,CC,CC,CC,CC,AC,CC,AC,AC
rs9308066,AA,AA,AA,AA,AG,AA,AA,AA,AA,AA,AG,AA,AA,AA
rs10517784,AA,AA,AA,AA,AA,AA,AA,AA,AA,AA,AA,AA,AA,AA
rs6857627,TT,TT,TT,TT,TT,TT,TT,TT,TT,TT,TT,TT,TT,TT
rs2131861,TC,CC,TC,TC,CC,CC,CC,CC,CC,CC,CC,CC,TC,TC
rs10517786,AG,AA,GG,AG,AG,AA,AA,AA,AG,AA,AG,AA,AG,AG
rs4256198,CC,CC,CC,CC,CC,CC,CC,CC,CC,CC,CC,CC,CC,CC
rs1389706,AA,AA,AA,AA,AA,AA,AA,AA,AA,AA,AA,AA,AA,AA
rs1038975,AG,GG,AG,AG,AG,AA,GG,GG,GG,GG,AG,GG,AG,AG
rs8180235,AG,AA,GG,AG,AG,GG,AA,AA,AG,AA,AG,AA,AG,AG
rs12500778,TT,TT,TT,TT,TT,TT,TT,TG,TT,TT,TT,TT,TT,TT
rs12645753,TC,TT,CC,TC,TC,CC,TT,TT,TC,TT,TC,TT,TC,TC
rs1908290,CC,CC,CC,CC,CC,CC,CC,AC,CC,CC,CC,CC,CC,CC
rs2131862,AG,AA,AG,AG,AG,GG,AA,AG,AA,AA,AG,AA,AG,AG
rs17044211,TT,TT,TT,TT,TT,TT,TT,TT,TT,TT,TT,TT,TT,TT
rs1874094,TC,CC,TC,TC,TC,TT,CC,CC,CC,CC,TC,CC,TC,TC
rs11939053,AC,AA,CC,CC,AC,CC,AA,AC,AC,AA,AC,AA,AC,AC
rs7681115,AG,AA,GG,GG,AG,GG,AA,AG,AG,AA,AG,AA,AG,AG
rs2047160,CC,CC,CC,CC,CC,CC,CC,TC,CC,CC,CC,CC,CC,CC
rs1565842,TT,TT,TT,TT,TT,TT,TT,TT,TT,TT,TT,TT,TT,TT
rs7670349,TC,TT,CC,CC,TC,CC,TT,TT,TC,TT,TC,TT,TC,TC
rs7693115,GG,GG,GG,GG,GG,GG,GG,GG,GG,GG,GG,GG,GG,GG
rs11100520,TT,CC,TT,TT,TC,TT,TC,CC,TC,CC,TC,CC,TC,TT
rs923913,TC,CC,TT,TT,TC,TT,CC,CC,TC,CC,TC,CC,TC,TT
rs10517791,TT,TT,TC,TT,TC,TT,TC,TC,TT,TC,CC,TT,TT,TC
rs978402,CC,TC,CC,TC,TT,CC,TC,CC,CC,TC,TC,TC,TC,CC
rs7655259,AA,AA,AC,AA,AA,AA,AC,AA,CC,AA,AA,AA,AC,AC
rs17044246,AA,AA,AG,AA,AA,AA,AG,AG,AA,AG,AA,AA,AA,AG
rs12504215,GG,GG,TT,GG,GG,GG,TT,TG,TT,TG,GG,GG,TG,TT
rs12645283,CC,CC,TT,CC,CC,CC,TT,TC,TT,TC,CC,CC,TC,TT
rs1494284,TC,TC,TT,CC,TC,TT,TT,TT,TT,TT,CC,CC,TC,TT
rs17474536,AG,AG,GG,GG,AG,AA,GG,AG,GG,AG,GG,GG,GG,GG
rs17474585,AG,AG,GG,GG,AG,AA,GG,AG,GG,AG,GG,GG,GG,GG
rs10030506,CC,CC,CC,CC,CC,CC,CC,CC,CC,CC,CC,CC,CC,CC
rs6536757,AG,AG,GG,AA,AG,GG,GG,GG,AG,GG,AA,AA,AG,GG
rs4334707,CC,CC,CC,CC,CC,CC,CC,CC,CC,CC,CC,CC,CC,CC
rs4267695,CC,CC,CC,CC,CC,CC,CC,CC,CC,CC,CC,CC,CC,CC
rs3890761,TC,TC,TT,TT,TT,CC,TT,TC,TT,CC,TT,TT,TT,TT
rs6844489,AG,AG,AA,GG,GG,AA,AA,AA,AG,AA,GG,GG,GG,AG
rs12501935,AG,AG,GG,GG,GG,AA,GG,AG,GG,AA,GG,GG,GG,GG
rs10008162,AA,AA,GG,AA,AA,AA,GG,AG,AG,AA,AA,AA,AA,AG
rs4691940,TC,TC,TT,CC,CC,TT,TT,TT,CC,TT,CC,CC,CC,TC
rs11725690,TT,TT,CC,TT,TT,TT,CC,TC,TT,TT,TT,TT,TT,TC
rs10857365,TT,TT,GG,TT,TT,TT,GG,TG,TT,TT,TT,TT,TT,TG
rs4449375,GG,TG,GG,GG,TG,GG,GG,GG,GG,GG,GG,GG,GG,GG
rs12505619,TC,TC,TT,TT,TT,CC,TT,TC,TT,CC,TT,TT,TT,TT
rs4270550,TC,TC,CC,TT,TT,CC,CC,CC,TT,CC,TT,TT,TT,TC
rs6536764,TC,TC,TT,CC,CC,TT,TT,TT,TC,TT,CC,CC,CC,TC
rs3967462,TT,TT,TT,TT,TT,TT,TT,TT,TC,TT,TT,TT,TT,TT
rs3967463,AG,AG,AA,GG,GG,AA,AA,AA,AG,AA,GG,GG,GG,AG
rs7674531,AA,AA,AA,AA,AA,AA,AA,AA,AA,AA,AA,AA,AA,AA
rs17044337,TT,TT,TT,TT,TT,TT,TT,TT,TT,TT,TT,TT,TT,TT
rs17578295,TC,TC,TT,TT,TT,CC,TT,TC,TT,CC,TT,TT,TT,TT
rs9308069,AG,AG,GG,AA,AA,GG,GG,GG,AG,GG,AA,AA,AA,AG
rs17578337,TC,CC,CC,TT,TC,CC,CC,CC,CC,CC,TT,TT,TC,CC
rs3792673,AG,AG,GG,AA,AA,GG,GG,GG,AG,GG,AA,AA,AA,AG
rs12511868,CC,CC,CC,CC,CC,CC,CC,CC,CC,CC,CC,CC,CC,CC
rs11736201,TC,TC,CC,CC,CC,TT,CC,TC,TT,TT,CC,CC,TC,TT
rs7687757,AG,GG,GG,GG,GG,GG,GG,GG,GG,GG,AG,GG,GG,GG
rs4533720,AG,AG,GG,GG,GG,AA,GG,AG,AA,AA,AG,AG,AA,AA
rs4560357,AA,AC,CC,CC,CC,AA,CC,AC,AA,AA,AA,AC,AA,AA
rs2001227,AG,AG,AA,AA,AA,GG,AA,AG,GG,GG,AG,AG,GG,GG
rs10026455,AA,AG,AA,AA,AG,AA,AA,AA,AA,AA,AA,AA,AA,AA
rs6536779,TC,CC,CC,CC,CC,CC,CC,CC,CC,CC,TC,CC,CC,CC
rs6536780,GG,AG,AA,AA,AA,GG,AA,AG,GG,GG,GG,AG,GG,GG
rs13123163,CC,CC,TT,TT,TC,CC,TT,TC,CC,CC,CC,TC,CC,CC
rs17475275,AA,AG,AG,AG,AG,GG,AG,AG,AA,AG,AA,AG,AA,AG
rs891577,TT,TC,TT,TC,TT,CC,TT,TT,TT,TC,TT,TT,TT,TT
rs1430987,GG,AG,GG,AG,GG,AA,GG,GG,GG,AG,GG,GG,GG,GG
rs971945,TT,TT,TT,TG,TT,GG,TT,TT,TT,TG,TT,TT,TT,TT
rs2321210,AA,AA,AA,AG,AA,GG,AA,AA,AA,AG,AA,AA,AA,AA
rs17044451,AA,AA,AA,AA,AA,AA,AA,AA,AA,AA,AA,AA,AA,AA
rs17044453,TT,TT,TT,TT,TT,TT,TT,TT,TT,TT,TT,TT,TT,TT
rs919574,AA,AA,AA,AG,AA,AA,AA,AA,AA,AA,AA,AA,AA,AA
rs17675820,GG,GG,GG,GG,GG,GG,GG,GG,GG,GG,GG,GG,GG,GG
rs4691956,CC,TC,CC,TC,CC,CC,CC,CC,CC,CC,CC,CC,CC,CC
rs2321305,CC,TC,TC,TT,TC,TT,TC,TC,CC,TC,CC,TC,TC,TT
rs7691235,GG,AG,GG,AG,GG,GG,GG,GG,GG,GG,GG,GG,GG,GG
rs4691961,GG,AG,AG,AA,AG,AA,AG,AG,GG,AG,GG,AG,AG,AA
rs17579243,TT,TT,TC,TC,TC,CC,TC,TC,TT,TC,TT,TC,TC,CC
rs2195697,GG,AG,AG,AA,AG,AA,AG,AG,GG,AG,GG,AG,AG,AA
rs982257,CC,CC,CC,TC,CC,CC,CC,CC,CC,CC,CC,CC,CC,CC
rs1430997,TT,TC,TC,CC,TC,CC,TC,TC,TT,TC,TT,TC,TC,CC
rs17044711,CC,CC,CC,CC,CC,CC,CC,CC,CC,CC,CC,CC,CC,CC
rs1430976,CC,TC,CC,TC,CC,CC,CC,CC,CC,CC,CC,CC,CC,CC
rs28710221,TT,TC,TT,TT,TT,TT,TT,TT,TT,TT,TT,TT,TT,TT
rs17044732,TT,TT,TT,TT,TT,TT,TT,TT,TT,TT,TT,TT,TT,TT
rs1835507,AA,AA,AA,AA,AA,AA,AA,AA,AA,AA,AA,AA,AA,AA
rs1430974,TT,TT,TT,TT,TT,TT,TT,TT,TT,TT,TT,TT,TT,TT
rs2288675,TT,TC,TC,CC,TC,CC,CC,TC,TT,TC,TT,TC,TC,CC
rs7688298,GG,TG,GG,GG,GG,GG,GG,GG,GG,GG,GG,GG,GG,GG
rs4502640,GG,AG,GG,GG,GG,GG,GG,GG,GG,GG,GG,GG,GG,GG
rs6814420,AA,AA,AG,GG,AG,GG,AG,AG,AA,AA,AA,AG,AG,GG
rs9968537,TC,TC,TC,TT,TC,TT,TC,TC,TC,CC,CC,TC,TC,TT
rs7668234,TT,TT,TT,TC,TC,TT,TT,TT,TT,TT,TT,TT,TT,TT
rs2321373,CC,CC,CC,TC,TC,CC,CC,CC,CC,CC,CC,CC,CC,CC
rs17676292,TT,TT,TC,TT,TT,CC,TC,TC,TT,TT,TT,TC,TT,TC
rs4561891,AA,AC,AA,AC,AC,AA,AA,AA,AA,AA,AA,AA,AA,AA
rs4496540,AA,AA,AA,AG,AG,AA,AA,AA,AA,AA,AA,AA,AA,AA
rs10222965,GG,GG,GG,AG,AG,GG,GG,GG,GG,GG,GG,GG,GG,GG
rs1985065,TT,TT,TC,TC,TC,CC,TT,TC,TT,TT,TT,TC,TT,TC
rs2321377,TT,TG,TG,TG,TG,GG,TT,TG,TT,TT,TT,TG,TT,TG
rs2321376,AA,AA,AG,AG,AG,GG,AA,AG,AA,AA,AA,AG,AA,AG
rs17614438,TT,TC,TC,TC,TC,CC,TT,CC,TT,TT,TT,TC,TT,TC
rs11941402,AA,AA,AG,AG,AG,GG,AA,GG,AA,AA,AA,AG,AA,AG
rs6829588,GG,TG,GG,GG,TG,GG,GG,GG,GG,GG,GG,GG,GG,GG
rs6829484,GG,GG,GG,GG,GG,GG,GG,GG,GG,GG,GG,GG,AG,AG
rs4234967,AG,AA,AA,GG,GG,GG,AG,AA,AG,AA,AG,AG,AG,AG
rs10517805,AA,AA,AA,AA,AA,AA,AA,AA,AA,AA,AA,AA,AA,AA
rs17044891,CC,CC,CC,CC,CC,CC,CC,CC,CC,CC,CC,CC,CC,CC
rs17044895,AA,AA,AA,AA,AA,AG,AA,AA,AA,AA,AA,AA,AG,AG
rs7675835,GG,GG,GG,GG,GG,GG,GG,GG,GG,GG,GG,GG,GG,GG
rs7675571,CC,CC,CC,AA,AA,CC,AC,AC,AA,CC,AC,CC,CC,CC
rs4434204,CC,CC,CC,TT,TT,TC,TC,TC,TT,CC,TC,CC,TC,TC
rs4622958,GG,GG,GG,AA,AA,GG,AG,AG,AA,GG,AG,GG,GG,GG
rs7680916,TT,TT,TT,TT,TT,TT,TT,TT,TT,TT,TT,TT,TT,TT
rs7669453,TC,CC,CC,TT,TT,TC,TC,TC,TT,CC,TT,CC,TC,TC
rs7662252,TC,TT,TT,CC,CC,TC,TC,TC,CC,TT,CC,TT,TC,TC
rs4431170,AA,AA,AA,AA,AA,AA,AA,AA,AA,AA,AA,AA,AA,AA
rs8181931,AA,AA,AA,AA,AG,AA,AA,AA,AG,AA,AA,AA,AA,AG
rs7152879,TT,TT,TT,TT,TC,TT,TT,TT,TC,TT,TT,TT,TT,TC
rs12433870,CC,TC,CC,CC,CC,CC,CC,CC,CC,CC,CC,CC,CC,CC
rs7156617,AA,GG,AG,AG,AG,GG,GG,AG,GG,GG,GG,AG,AG,AA
rs4902359,AA,GG,AG,AG,AG,GG,GG,AG,GG,GG,GG,AG,AG,AA
rs2277500,CC,CC,CC,CC,CC,CC,CC,CC,CC,CC,CC,CC,CC,CC
rs34286592,CC,CC,TC,CC,CC,TC,TT,CC,CC,CC,CC,CC,CC,CC
rs12929524,GG,GG,GG,GG,GG,GG,GG,GG,GG,GG,GG,GG,GG,GG
rs10929559,GG,GG,GG,GG,GG,GG,GG,GG,GG,GG,GG,GG,GG,GG
rs1550253,GG,GG,GG,GG,GG,GG,TG,GG,GG,GG,GG,GG,GG,GG
rs16866828,AA,AA,AA,AA,AA,AA,AG,AA,AA,AA,AA,AA,AA,AA
rs7602744,CC,CC,CC,CC,CC,CC,CC,CC,CC,CC,CC,CC,CC,CC
rs6431967,AA,AA,AA,AA,AA,AA,AA,AA,AA,AA,AA,AA,AA,AA
rs16866835,GG,GG,GG,GG,GG,GG,AG,GG,GG,GG,GG,GG,GG,GG
rs10194749,AA,AA,AA,AA,AA,AA,AG,AA,AA,AA,AA,AA,AA,AA
rs16866839,AA,AA,AA,AA,AA,AA,AA,AA,AA,AA,AA,AA,AA,AA
rs998967,TT,TT,TT,TT,TT,TT,TC,TT,TC,TC,TT,TT,TT,TC
rs7592426,TT,TT,TT,TT,TT,TT,TT,TT,TT,TT,TT,TT,TT,TT
rs7605431,AA,AA,AA,AA,AA,AA,AC,AA,AA,AA,AA,AA,AA,AA
rs13415968,AA,AA,AA,AA,AA,AA,AG,AA,AA,AA,AA,AA,AA,AA
rs10192594,TT,TT,TC,TC,TT,TT,TC,TT,TC,TC,TT,TT,TT,TT
rs10170080,TT,TT,TT,TT,TT,TT,TT,TT,TT,TT,TT,TT,TT,TT
rs6715965,TT,TT,TT,TT,TT,TT,TT,TT,TT,TT,TT,TT,TT,TT
rs7585370,TT,TT,TT,TT,TT,TT,TC,TT,TT,TT,TT,TT,TT,TT
rs13006592,TT,TT,TT,TT,TC,TT,TT,TT,TC,TC,TT,TC,TT,TC
rs1512290,GG,GG,GG,GG,GG,GG,AG,GG,GG,GG,GG,GG,GG,GG
rs1242515,AA,AA,CC,AA,AA,AA,AA,AA,AA,AA,AA,CC,CC,CC
rs1056024,GG,GG,GG,GG,GG,GG,GG,GG,GG,GG,GG,GG,GG,GG
rs12900413,GG,AG,AG,GG,AA,AG,AA,GG,AA,AA,AA,AA,AG,AG
rs6553483,AA,AA,AA,AA,AA,AA,AA,AA,AA,AA,AG,AA,AA,AA
rs6835378,TT,TT,TT,TT,TT,TT,TT,TT,TT,TT,TT,TT,TT,TT
rs3797044,CC,CC,CC,CC,CC,CC,CC,CC,CC,CC,CC,CC,CC,CC
rs4320103,AA,AA,AA,AA,AA,AA,AA,AA,AA,AA,AG,AA,AA,AA
rs4692779,TC,TT,TT,TT,TT,TC,TC,TT,TT,TT,TT,TT,TT,TT
rs4692588,TC,CC,CC,CC,CC,TC,TC,CC,CC,CC,CC,CC,CC,CC
rs7661337,AG,GG,GG,AG,AA,AG,AG,GG,AG,GG,AG,GG,AG,GG
rs6553484,TC,TC,TC,CC,CC,CC,TC,CC,TC,TT,TC,TC,TC,TT
rs17055385,TT,TT,TT,TC,CC,TT,TT,TT,TC,TT,TT,TT,TT,TT
rs6842442,TC,TC,TC,TC,CC,TT,TC,TT,CC,CC,TC,TC,CC,CC
rs6587082,GG,GG,GG,GG,GG,GG,GG,GG,GG,GG,GG,GG,GG,GG
rs7973133,GG,GG,GG,GG,GG,GG,GG,GG,GG,GG,GG,GG,GG,GG
rs9869047,AG,AG,GG,GG,AG,AG,GG,AG,AG,AG,GG,GG,AG,AG
rs9864251,CC,CC,CC,CC,CC,CC,CC,CC,CC,CC,CC,CC,CC,CC
rs1121878,CC,AC,CC,AA,AC,AC,AC,CC,AC,AC,AA,CC,CC,CC
rs4855447,AG,AG,GG,GG,AG,AG,GG,AG,AG,AG,GG,GG,AA,GG
rs13073599,AA,AG,AA,GG,AG,AG,AG,AA,AG,AG,GG,AA,AA,AG
rs10865653,TC,TT,TC,TT,TT,TT,TC,TC,TT,TT,TT,TC,TT,TC
rs11128143,AG,AA,GG,AA,AA,AA,GG,AG,AA,AA,AA,GG,AA,AG
rs6786207,TG,TT,GG,TT,TT,TT,GG,TG,TT,TT,TT,GG,TT,TG
rs6777363,TT,TG,TT,GG,TG,TG,TT,TT,TG,TG,GG,TT,TT,TT
rs6787022,TC,CC,TT,CC,CC,CC,TT,TC,CC,CC,CC,TT,TC,TC
rs6798971,GG,GG,GG,GG,GG,GG,GG,GG,GG,GG,GG,GG,GG,GG
rs9832459,GG,GG,GG,GG,GG,GG,GG,GG,GG,GG,GG,GG,GG,GG
rs1529585,AA,AG,AA,GG,AG,AG,AA,AA,AG,AG,GG,AA,AA,AG
rs1367370,AG,AG,AA,AA,AG,AG,AA,AG,AG,AG,AA,AA,AG,AG
rs1544978,AA,AG,AA,GG,AG,AG,AA,AA,AG,AA,GG,AA,AA,AG
rs13071701,TT,TC,TT,CC,TC,TC,TT,TT,TC,TT,CC,TT,TT,TC
rs7623486,AG,AG,AA,AA,AG,AG,AA,AG,AG,AG,AA,AA,AG,AA
rs2320172,TT,TT,TT,TT,TT,TT,TT,TT,TT,TT,TT,TG,TT,TT
rs1316735,AA,AA,AA,AA,AA,AA,AA,AA,AA,AA,AA,AA,AA,AA
rs17006578,AA,AA,AA,AA,AA,AA,AA,AA,AA,AA,AA,AA,AA,AA
rs17006579,AG,AG,AG,AA,AG,AG,AG,AA,AG,AG,AA,AG,GG,AG
rs9874322,GG,GG,GG,GG,GG,GG,GG,GG,GG,GG,GG,GG,GG,GG
rs7430957,AA,AG,AG,AA,AA,AA,AA,AA,AA,AA,AA,AG,AA,AG
rs7623610,AA,GG,AG,AG,AG,GG,AG,AA,AA,AG,AA,GG,AG,AG
rs576,CC,TC,TC,CC,CC,TC,TC,CC,CC,TC,CC,TC,CC,TC
rs704246,CC,TC,TC,CC,CC,TC,TC,CC,CC,TC,CC,TC,CC,TC
rs8074485,AA,AA,AA,AA,AA,AA,AA,AA,AA,AA,AA,AA,AA,AA
rs679,TC,CC,CC,TT,TC,CC,TC,TC,TC,TC,TT,TT,CC,TC
rs1540583,AA,AA,AA,AG,AA,AA,AA,AA,AA,AA,AA,AA,AA,GG
rs2429919,CC,AC,AA,AC,AC,AC,AC,CC,AC,CC,CC,AC,AC,CC
rs1381247,TT,TC,TT,CC,TT,TC,TC,TC,CC,TT,TC,CC,CC,TC
rs7216176,AA,AA,AA,AA,AA,AA,AA,AA,AA,AA,AA,AA,AA,AA
rs7223686,AA,AA,GG,GG,AA,AA,GG,GG,AA,AG,AA,AA,GG,AA
rs6502557,GG,GG,GG,AA,GG,GG,AA,AA,GG,AG,GG,GG,AA,GG
rs12452303,CC,CC,TT,CC,CC,CC,CC,CC,CC,CC,CC,CC,CC,CC
rs4985721,AA,CC,CC,CC,AA,AA,CC,CC,AA,CC,AA,AA,CC,AC
rs12603417,TT,TT,CC,TT,TT,TT,TT,TT,TT,TT,TT,TT,TT,TT
rs4985696,AA,CC,AA,AA,AA,AA,AA,AA,AA,AC,AA,AA,AA,AC
rs8069241,TT,TT,TT,TT,TT,TT,TT,TT,TT,TT,TT,TT,TT,TT
rs10852845,GG,GG,AA,GG,GG,GG,GG,GG,GG,GG,GG,GG,GG,GG
rs3744139,TT,GG,GG,TT,TT,TT,TT,TT,TT,TG,TT,TT,TT,TG
rs3744137,AA,CC,CC,CC,AA,AA,CC,CC,AA,CC,AA,AA,CC,AC
rs16961396,CC,CC,CC,CC,CC,CC,CC,CC,CC,CC,CC,CC,CC,CC
rs7223758,CC,CC,CC,CC,CC,CC,CC,CC,CC,CC,CC,CC,CC,CC
rs2292528,CC,CC,CC,CC,CC,CC,CC,CC,CC,CC,CC,CC,CC,CC
rs12450878,CC,CC,CC,CC,CC,CC,CC,CC,CC,CC,CC,CC,CC,CC
rs16961406,GG,GG,GG,GG,GG,GG,GG,GG,GG,GG,GG,GG,GG,GG
rs1342273,CC,TC,CC,TC,CC,TC,CC,TC,CC,CC,CC,TC,TC,CC
rs17127170,TT,TT,TT,TT,TT,TT,TT,TT,TT,TC,TT,TT,TT,TT
rs1891375,TT,TC,TT,CC,TT,TC,TT,TC,TT,TC,TC,TC,TC,TC
rs10509910,CC,CC,CC,CC,CC,CC,CC,CC,CC,TC,TC,CC,CC,CC
rs716594,GG,GG,GG,GG,GG,GG,GG,GG,GG,GG,GG,GG,GG,GG
rs11195047,TT,TC,TC,CC,TC,TC,TT,TC,TC,TC,TC,CC,CC,TC
rs2010327,GG,GG,GG,GG,GG,GG,GG,GG,GG,GG,GG,GG,GG,GG
rs1935465,GG,AG,GG,AA,GG,AG,GG,AG,GG,AG,AG,AG,AG,AG
rs12357528,AG,AG,AG,GG,AG,GG,AG,GG,GG,GG,GG,GG,GG,GG
rs11195062,CC,AC,CC,AA,CC,AC,CC,AC,CC,AC,CC,AC,AC,AC
rs928929,TT,TC,TC,TC,TC,TC,TT,TC,TC,TT,TC,TC,CC,TT
rs1133195,AA,AA,AA,AG,AA,AA,AA,AA,AA,AA,AA,AA,AA,AG
rs17658,CC,CC,TC,TC,TC,TC,CC,CC,TC,CC,TC,CC,TC,TC
rs1803997,GG,GG,GG,GG,GG,GG,GG,GG,GG,GG,GG,GG,GG,GG
rs11154794,TT,TC,TT,TC,TT,TT,TT,TT,TT,TC,TT,TT,TT,TT
rs743589,TC,TT,TT,TC,TT,CC,TC,TC,TC,TT,TC,TC,CC,TC
rs3819409,TG,GG,GG,TG,GG,TT,TG,TG,TG,GG,TG,TG,TT,TG
rs210942,TC,TT,TT,TC,TT,CC,TC,TC,TC,TT,TC,TC,CC,TT
rs210941,CC,TC,TT,CC,TT,CC,TC,TC,TC,TC,TC,TC,CC,TT
rs16932983,TT,TT,TT,TT,TT,TT,TT,TT,TT,TT,TT,TT,TT,TT
rs10504398,TT,TT,TT,TT,TC,TT,TT,TT,TT,TT,TT,TT,TT,TT
rs11990331,CC,CC,CC,CC,CC,CC,CC,CC,CC,CC,CC,CC,CC,CC
rs28707159,AA,AA,AA,AA,AA,AA,AA,AA,AA,AA,AA,AA,AA,AA
rs10088017,AA,AA,AA,AA,AA,AA,AA,AA,AA,AA,AA,AA,AA,AA
rs17310467,AA,AG,AA,AA,AA,AA,AA,AA,AG,AG,AA,AA,AA,AG
rs6088664,AG,AA,AG,GG,AG,AG,AG,AG,AG,AG,AG,GG,AG,AG
rs6579204,AA,AG,AG,AA,AG,AA,AA,AA,AA,AA,AG,AA,AG,AA
rs6120778,TC,CC,TC,TT,TC,TC,TC,TC,TC,TC,TC,TT,TC,TC
rs6060137,CC,TC,TC,CC,TC,CC,CC,CC,CC,CC,TC,CC,TC,CC
rs3746446,TC,TT,TT,TT,TT,TC,TC,TC,TT,TT,TT,TT,TT,TT
rs2425012,AG,GG,AG,AA,AG,AG,AG,AG,AG,AG,AG,AA,AG,AG
rs4911167,GG,AA,AG,GG,AG,GG,GG,GG,AG,AG,AG,GG,AG,AG
rs2955361,AA,AA,AA,AA,AA,AA,AA,AA,AA,AA,GG,GG,AA,AA
rs854767,CC,CC,CC,AA,CC,CC,CC,CC,AA,AA,CC,CC,CC,AA
rs854786,AA,AA,AA,AA,AA,AA,AA,AA,GG,GG,AA,AA,AA,GG
rs854779,CC,TT,CC,CC,CC,CC,CC,CC,CC,TT,TT,TT,TT,CC
rs11658477,GG,GG,GG,GG,GG,GG,GG,GG,AA,GG,GG,GG,GG,AA
rs2072653,GG,GG,GG,GG,GG,GG,GG,GG,GG,AA,GG,GG,GG,GG
rs8065026,TT,TT,TT,TT,TT,TT,TT,TT,CC,TT,TT,TT,TT,CC
rs2272571,GG,GG,GG,GG,GG,GG,GG,GG,GG,AA,GG,GG,GG,GG
rs854774,CC,TT,CC,CC,CC,CC,CC,CC,CC,CC,TT,TT,TT,CC
rs16960959,AG,GG,AG,AG,AG,AG,GG,AG,GG,GG,GG,GG,GG,GG
rs16960961,GG,GG,GG,GG,GG,GG,GG,GG,GG,GG,GG,GG,GG,GG
rs11688048,TT,TC,TT,TT,TT,TT,TT,TT,TT,TT,TT,TT,TT,TT
rs995647,AA,AG,AA,AA,AA,AA,AA,AA,AA,AA,AA,AA,AA,AA
rs10204713,AA,AA,AA,AA,AA,AA,AA,AA,AA,AA,AA,AA,AA,AA
rs11894248,AA,AA,AA,AA,AA,AA,AA,AA,AA,AA,AG,AG,AA,AG
rs7561414,GG,AG,GG,GG,GG,GG,GG,GG,GG,GG,GG,GG,GG,GG
rs17046446,CC,CC,CC,CC,CC,CC,CC,AC,CC,CC,CC,CC,AC,CC
rs11693687,AA,AA,AA,AA,AA,AA,AA,AA,AA,AA,AG,AG,AA,AG
rs2119120,TT,TC,TT,TT,TT,TT,TT,TT,TT,TT,TT,TT,TT,TT
rs6749833,AA,AA,AA,AA,AA,AA,AA,AC,AA,AA,AC,AC,AC,AC
rs11125751,TC,TC,TT,TT,TT,TC,TT,TT,TT,TC,TT,TC,TT,TT
rs3731628,AA,AA,AA,AA,AA,AA,AA,TA,AA,AA,AA,AA,TA,AA
rs1049038,TT,TT,TT,TT,TT,TT,TT,TT,TT,TT,TT,TT,TT,TT
rs6063126,GG,GG,GG,GG,GG,GG,GG,GG,GG,GG,GG,GG,GG,GG
rs6094723,GG,AG,GG,GG,GG,GG,GG,GG,GG,AG,GG,GG,GG,GG
rs1206882,TT,CC,TT,TC,TC,TT,TT,TT,TC,TC,CC,TC,TT,TC
rs11700063,GG,AG,GG,AG,AG,GG,GG,GG,AG,GG,AA,AG,GG,AG
rs11906162,GG,GG,GG,GG,GG,GG,GG,GG,GG,GG,GG,GG,GG,GG
rs2425947,TT,TT,TT,TT,TT,TT,TT,TT,TT,TT,TT,TT,TT,TT
rs6012207,GG,GG,GG,GG,GG,GG,GG,GG,GG,GG,GG,GG,GG,GG
rs1569438,AA,AA,CC,AA,AA,AC,AA,AC,AC,AA,AA,AC,AA,AA
rs6122597,GG,AA,AA,AA,AA,AG,AG,AA,AA,AA,AA,AA,AG,AA
rs16992616,CC,CC,CC,CC,CC,CC,CC,CC,CC,CC,CC,CC,CC,CC
rs6125048,GG,GG,GG,GG,GG,GG,GG,GG,GG,GG,GG,GG,GG,GG
rs2143491,GG,AG,GG,AG,AG,GG,GG,GG,AG,GG,AA,AG,GG,AG
rs6066408,GG,AG,GG,GG,GG,GG,GG,GG,GG,AG,GG,GG,GG,GG
rs2284322,GG,GG,GG,GG,GG,GG,GG,GG,GG,GG,GG,GG,GG,GG
rs6094752,CC,CC,CC,CC,CC,CC,CC,CC,CC,CC,CC,CC,CC,CC
rs6018600,GG,GG,AA,AG,AG,AG,AG,AA,AG,AG,GG,AG,AG,AG
rs6094756,CC,CC,CC,CC,CC,CC,CC,CC,CC,CC,CC,CC,CC,CC
rs2230782,GG,GC,GG,GG,GG,GG,GG,GG,GG,GC,GG,GG,GG,GG
rs2076546,AA,AA,AA,AA,AA,AG,AA,AA,AA,AA,AA,AA,AA,AA
rs396221,TT,GG,TT,TG,TG,TG,TT,TT,TG,TG,GG,TG,TT,TG
rs6094766,CC,CC,CC,CC,CC,CC,CC,CC,CC,CC,CC,CC,CC,CC
rs11699879,AA,AG,AA,GG,AG,AA,AG,AG,AA,AA,GG,AG,AA,AG
rs12952466,AA,AA,AA,AA,AA,AA,AA,AA,AA,AA,AA,AA,AA,AA
rs4792717,GG,GG,AG,GG,AA,AA,GG,GG,AG,GG,GG,AG,GG,GG
rs1073093,TC,CC,CC,CC,CC,CC,CC,CC,CC,CC,CC,CC,CC,CC
rs2285583,CC,CC,TC,CC,TT,TT,CC,CC,TC,CC,CC,TC,CC,CC
rs3785628,TT,TT,TC,TT,CC,CC,TT,TT,TC,TT,TT,TC,TT,TT
rs9891379,TG,GG,TG,GG,TT,TT,GG,GG,TG,GG,GG,TG,GG,GG
rs4566208,GG,GG,AG,GG,AA,AA,GG,GG,AG,GG,GG,AG,GG,GG
rs4792723,TC,TT,TT,TT,TT,TT,TT,TT,TT,TT,TT,TT,TT,TT
rs7218945,AA,AA,AA,AA,AA,AA,AA,AA,AA,AA,AA,AA,AA,AA
rs16959542,AA,AA,AA,AA,AA,AA,AA,AA,AA,AA,AA,AA,AA,AA
rs16959544,AG,AA,AA,AA,AA,AA,AA,AA,AA,AA,AA,AA,AA,AA
rs3762382,AG,AG,AA,AA,AG,AA,AA,AG,AA,AA,AG,AA,AA,AA
rs6671879,GG,AG,AG,AA,AG,AG,AG,GG,AA,AA,AG,AA,AG,AG
rs10158410,GG,TG,GG,GG,TG,GG,GG,TG,GG,GG,TG,GG,GG,GG
rs6670073,AG,AA,AG,AA,AA,AG,AG,AG,AA,AA,AA,AA,AA,AG
rs9628685,AA,AA,AA,AA,AA,AA,AA,AA,AA,AA,AA,AA,AA,AA
rs2359665,AG,AG,AA,AA,AG,AA,AA,AG,AA,AA,AG,AA,AG,AA
rs6428437,TT,TG,TG,GG,TG,TG,TG,TT,GG,GG,TG,GG,TG,TG
rs4600071,GG,GG,GG,GG,GG,GG,GG,GG,GG,GG,GG,GG,GG,GG
rs12060034,GG,GG,GG,GG,GG,GG,GG,GG,GG,GG,GG,GG,AG,GG
rs16842621,CC,CC,CC,CC,CC,CC,CC,CC,CC,CC,CC,CC,CC,CC
rs1927252,AA,AC,AC,CC,AC,AC,CC,AA,CC,CC,AC,CC,CC,AC
rs6668469,TC,TC,TT,TT,TC,TT,TT,TC,TT,TT,TC,TT,TT,TT
rs12090377,CC,CC,CC,CC,CC,CC,CC,CC,CC,CC,TC,CC,TC,CC
rs16842754,CC,AC,CC,CC,AC,CC,CC,AC,CC,CC,CC,CC,CC,CC
rs7529192,CC,TC,TC,TT,TC,TC,TT,CC,TT,TT,CC,TT,TC,TC
rs1061258,GG,GG,GG,GG,GG,GG,GG,GG,GG,GG,AG,GG,GG,GG
rs9628687,GG,GG,GG,GG,GG,GG,GG,GG,GG,GG,GG,GG,GG,GG
rs10238918,TG,TT,TG,TT,TT,TT,TG,TT,TT,TG,TT,TG,GG,TT
rs6759443,TT,TT,TT,TT,TT,TT,TT,TT,TT,TT,TT,TT,TT,TT
rs5031039,AA,AA,AA,AA,AA,AA,AA,AA,AA,AA,AA,AA,AA,AA
rs1135118,CC,CC,CC,CC,CC,CC,CC,CC,CC,CC,CC,CC,CC,CC
rs2001350,TT,TT,TT,TT,TT,TT,TT,TC,TT,TT,CC,TC,TT,TC
rs6726395,GG,AG,AG,GG,GG,AG,AG,AA,GG,AG,AA,AG,AA,AG
rs13402068,AA,AA,AA,AA,AA,AA,AA,AA,AA,AA,AA,AA,AA,AA
rs1962142,GG,GG,GG,GG,GG,GG,GG,AG,GG,GG,AA,AG,GG,AG
rs1806649,CC,TC,TC,CC,CC,TC,TC,CC,CC,TC,CC,TC,TT,CC
rs13001694,AA,AG,AG,AA,AA,AG,AG,AG,AA,AG,AA,AG,GG,AA
rs2364722,AA,AA,AG,AA,GG,AG,AA,AA,GG,AG,AA,AG,AA,AG
rs484555,AA,GG,AG,AA,AG,AA,AG,AG,AG,AA,AA,AG,GG,AA
rs7858,CC,TC,CC,CC,TC,CC,TC,TC,TC,CC,CC,TC,CC,CC
rs548824,TT,TC,TT,TT,TC,TT,TC,TC,TC,TT,TT,TC,TT,TT
rs7863561,GG,GG,GG,GG,GG,GG,GG,GG,GG,GG,GG,GG,GG,GG
rs542733,TT,TC,TC,TT,TC,TT,TC,TC,TC,TT,TT,TC,TT,TT
rs508940,CC,TT,TC,CC,TT,CC,TC,TC,TC,CC,CC,TC,TC,CC
rs510970,TT,TC,TT,TT,TC,TT,TC,TC,TC,TT,TT,TC,TT,TT
rs571693,TT,TG,TT,TT,TG,TT,TG,TG,TG,TT,TT,TG,TT,TT
rs573057,AA,AC,AA,AA,CC,AA,AC,AC,AC,AA,AA,AC,AA,AA
rs498010,CC,TC,TC,CC,TC,CC,TC,TC,TC,CC,CC,TC,CC,CC
rs580501,AA,GG,AG,AA,GG,AA,AG,AG,AG,AA,AA,AG,AG,AA
rs10810092,GG,AG,GG,GG,AG,GG,AG,AG,AG,GG,GG,AG,GG,GG
rs2307079,GG,TG,GG,GG,TG,GG,TG,TG,TG,GG,GG,TG,GG,GG
rs7031859,AA,AA,AA,AA,AA,AA,AA,AA,AA,AA,AA,AA,AA,AA
rs7032297,GG,GG,GG,GG,GG,GG,GG,GG,GG,GG,GG,GG,GG,GG
rs2382437,TT,TC,TT,TT,TC,TT,TT,TT,TT,TT,TT,TT,TC,TT
rs7042365,CC,AC,AC,CC,AC,CC,CC,CC,CC,CC,CC,CC,AC,CC
rs7031735,TT,TG,TT,TT,TG,TT,TT,TT,TT,TT,TT,TT,TG,TT
rs10756531,CC,AA,AC,CC,AA,CC,AC,AC,AC,CC,CC,AC,AC,CC
rs723968,TT,TC,TT,TT,TC,TT,TT,TT,TT,TT,TT,TT,TC,TT
rs10810096,TT,TT,TT,TT,TT,TT,TT,TT,TT,TT,TT,TT,TT,TT
rs7863447,AA,AG,AG,AA,AG,AA,AA,AA,AA,AA,AA,AA,AG,AA
rs7044402,GG,AG,GG,GG,AG,GG,GG,GG,GG,GG,GG,GG,AG,GG
rs2382443,CC,TT,CC,CC,TT,CC,TC,TC,TC,CC,CC,TC,TC,CC
rs10810099,GG,AG,AG,GG,AG,AG,AG,AG,GG,GG,GG,AG,AG,AG
rs10961399,CC,CC,TC,CC,CC,TC,TC,TC,CC,CC,CC,TT,CC,TC
rs12377502,AA,AA,AA,AA,AA,AG,AG,AG,AA,AA,AA,AG,AA,AG
rs6474821,GG,GG,GG,GG,GG,GG,GG,GG,GG,GG,GG,GG,GG,GG
rs10810102,AA,AA,AG,AA,AA,AA,AA,AA,AA,AA,AA,AA,AA,AA
rs2890982,CC,CC,TC,CC,TC,TC,TC,TC,CC,CC,CC,TC,CC,TC
rs16931436,GG,AG,GG,GG,GG,GG,GG,GG,GG,GG,GG,GG,AG,GG
rs4375095,AA,GG,AG,AA,GG,AG,GG,GG,AG,AA,AA,AG,AG,AG
rs2382451,TT,TT,TC,TT,TC,TC,TC,TC,TT,TT,TT,TC,TT,TC
rs10756538,GG,GG,GG,GG,GG,GG,GG,GG,GG,GG,GG,GG,GG,GG
rs2382454,CC,CC,CC,CC,TC,TC,TC,TC,CC,CC,CC,TC,CC,TC
rs10738355,GG,GG,GG,GG,AG,AG,AG,AG,GG,GG,GG,AG,GG,AG
rs10810110,AA,AA,AG,AA,AG,AG,AG,AG,AA,AA,AA,AG,AA,AG
rs10810113,CC,CC,TC,CC,CC,TC,TC,TC,CC,CC,CC,TC,CC,TC
rs12551619,GG,AA,AG,GG,AG,GG,AG,AG,AG,GG,GG,GG,AG,GG
rs12339675,GG,AA,AG,GG,AA,AG,AG,AG,AG,GG,GG,GG,AG,GG
rs10961424,CC,AA,CC,CC,AC,AC,AC,CC,AC,CC,CC,CC,AC,CC
rs12340584,AA,AG,AA,AA,AA,AG,AG,AA,AA,AA,AA,AA,AG,AA
rs10961426,AA,AG,AA,AA,AA,AG,AG,AA,AA,AA,AA,AA,AG,AA
rs12682686,CC,TC,CC,CC,CC,TC,TC,CC,CC,CC,CC,CC,TC,CC
rs10511593,TT,TT,TT,TT,TC,TT,TC,TC,TT,TT,TT,TC,TT,TC
rs7048086,CC,CC,TC,CC,CC,CC,CC,CC,CC,CC,CC,CC,CC,CC
rs10961436,GG,GG,GG,GG,AG,AG,GG,AG,GG,GG,GG,GG,GG,GG
rs10961439,TT,TT,TT,TT,TT,TT,TT,TT,TT,TT,TG,TG,TG,TT
rs10961440,TT,TC,TT,TT,TC,TC,TT,TC,TT,TT,TT,TT,TT,TC
rs7040053,TC,TC,TT,TT,TC,TC,TC,TT,CC,CC,TT,TC,TC,TT
rs10961441,TC,TC,TT,TT,TC,TC,TC,TT,CC,CC,TT,TC,TC,TT
rs10756542,AC,AA,CC,CC,AC,AC,AC,CC,AA,AA,AC,AC,AC,CC
rs1322985,AC,CC,CC,CC,AC,AC,AC,CC,AA,AA,CC,AC,CC,CC
rs1555553,TG,TG,GG,TT,GG,GG,TG,GG,GG,GG,TT,GG,TG,TG
rs10810120,TT,TT,TT,TT,TT,TT,TT,TT,TT,TT,TC,TC,TT,TT
rs1322986,TC,TC,TC,TT,TC,TC,TC,TC,CC,CC,TT,TC,TC,TT
rs7030457,TT,TT,TT,TT,TT,TT,TT,TT,TT,TT,TC,TT,TC,TC
rs10961450,AA,AA,AC,AA,AC,AC,AA,CC,AA,AA,AA,AC,AA,AC
rs7866589,TC,TC,CC,TT,CC,CC,TC,CC,CC,CC,TC,CC,TC,TC
rs7027899,AA,AA,AA,AA,AG,AA,AA,AA,AA,AA,AA,AA,AG,AA
rs7874591,TC,TC,CC,CC,CC,CC,CC,CC,TC,CC,CC,CC,CC,CC
rs3761668,AG,AA,AA,AG,AA,AG,AA,AA,AA,AA,AA,AA,AG,AG
rs10435726,GG,GG,GG,TG,GG,GG,GG,GG,GG,GG,GG,GG,GG,GG
rs4740564,TT,TT,TT,TT,TT,TT,TT,TT,TT,TT,TT,TT,TT,TT
rs1322990,TT,TT,TG,TT,TT,TT,TG,TT,TT,GG,TT,TG,TT,TG
rs10122910,AA,AA,AG,AG,AA,AA,AG,AA,AA,GG,AA,AG,AG,AG
rs7846889,GG,GG,GG,GG,GG,GG,GG,GG,GG,GG,GG,GG,GG,GG
rs10961455,AA,AA,AA,AA,AA,AA,AA,AA,AA,AA,AA,AA,AA,AA
rs1061820,AG,AG,AA,AA,GG,GG,AG,GG,GG,AG,GG,AA,GG,AG
rs1033837,CC,CC,TC,TC,CC,CC,CC,CC,CC,CC,CC,CC,TC,CC
rs4740567,TC,TT,CC,TC,CC,CC,TC,CC,CC,TT,CC,TC,CC,TC
rs6474827,GG,GG,AG,AG,GG,GG,GG,GG,GG,GG,GG,AG,GG,GG
rs10810124,TC,TT,TT,TC,CC,TC,TT,CC,TC,TT,CC,TC,TC,TT
rs10810126,AG,GG,GG,GG,AA,AG,GG,AG,AG,GG,AA,GG,AG,GG
rs10124289,TT,TT,TT,TT,TT,TC,TT,TT,TT,TT,TT,TT,TT,TT
rs10961466,TC,CC,CC,CC,TT,CC,CC,TC,TC,CC,TC,CC,TC,CC
rs12685327,GG,GG,GG,GG,GG,AG,GG,GG,GG,GG,GG,GG,GG,GG
rs10810127,TT,CC,TC,TC,TT,CC,CC,TC,TC,CC,TT,CC,TC,CC
rs17213362,TT,TT,TT,GG,TT,TT,TT,GG,TG,TT,TT,TT,TT,TT
rs10429540,GG,GG,GG,GG,GG,GG,GG,GG,GG,GG,GG,GG,GG,AG
rs11999144,TT,TT,TC,TT,TT,TT,TT,TT,TT,TT,TT,TT,TT,TT
rs2382468,GG,GG,GG,GG,GG,GG,GG,GG,GG,GG,GG,GG,GG,TG
rs7021322,CC,CC,CC,TC,CC,CC,CC,CC,CC,CC,CC,CC,CC,TC
rs10810130,TT,TT,TT,AT,TT,TT,TT,TT,TT,TT,TT,TT,AT,AT
rs17213755,GG,GG,GG,AG,GG,AG,GG,GG,AG,GG,GG,GG,GG,GG
rs10810131,CC,TT,TC,TT,TT,TT,TT,TC,TT,TT,TT,TC,TC,TT
rs10961473,CC,TT,TC,TT,TT,TT,TT,TC,TT,TT,TT,TC,TC,TC
rs2273933,GG,GG,GG,TG,GG,GG,GG,GG,GG,GG,GG,GG,GG,TG
rs7874736,AA,GG,GG,AG,AG,AG,AA,AG,AA,AG,AG,AG,AG,GG
rs7040685,GG,GG,TG,TG,GG,GG,GG,GG,GG,GG,GG,GG,GG,GG
rs7048960,TT,TT,TC,TC,TC,TT,TC,TC,TT,TC,TC,CC,TT,TT
rs10810132,CC,CC,CC,CC,AC,AC,AC,CC,AC,CC,AC,AC,CC,AC
rs13295646,AG,AA,AG,AA,AA,GG,AA,AG,AG,AA,AA,AG,AA,GG
rs598296,TC,TC,TC,TC,TC,TC,TC,TT,CC,TC,TT,CC,CC,CC
rs877571,AC,AC,CC,CC,CC,AC,CC,CC,AC,AC,AC,AC,CC,AC
rs877569,AA,AA,AA,AA,AG,AA,AA,AG,AG,AA,AA,AA,AA,AA
rs13289800,GG,AG,AG,GG,GG,AA,GG,GG,AG,GG,GG,AG,GG,AG
rs10961483,GG,GG,AG,AG,GG,GG,GG,GG,GG,GG,GG,GG,GG,GG
rs7864996,CC,AC,AA,AA,AA,AA,AA,AC,AA,CC,AC,AC,AA,AA
rs13296301,GG,TT,TG,TT,GG,TG,GG,GG,GG,GG,GG,TG,GG,TG
rs10756546,CC,TC,TC,TT,CC,TT,TC,CC,TC,CC,TC,TC,CC,TT
rs683474,TT,CC,TT,CC,TT,TC,TC,CC,TC,TC,TC,TC,TT,CC
rs2021306,AG,GG,GG,GG,AG,GG,AG,GG,AG,AG,AG,GG,AG,GG
rs471088,AG,GG,GG,GG,GG,GG,GG,GG,GG,GG,GG,GG,GG,GG
rs10961490,TT,TT,TC,TT,TC,TT,TT,TT,TT,TT,TT,TC,TC,TT
rs4741365,GG,GG,AG,GG,GG,GG,GG,GG,AG,GG,GG,GG,GG,AG
rs4741366,TC,TC,TT,TT,CC,CC,TC,CC,TT,CC,TC,TC,TC,TT
rs2382469,AC,CC,AC,CC,CC,AC,CC,CC,AC,AC,CC,AC,CC,CC
rs509609,GG,GG,AG,GG,GG,GG,GG,GG,AG,GG,GG,GG,GG,GG
rs1108676,AC,AA,AC,AA,CC,CC,CC,AC,AC,CC,CC,AC,AC,AA
rs568008,TC,TT,TT,TT,CC,CC,TC,TC,TT,CC,TC,TC,TC,TT
rs630973,TG,TT,TT,TT,TT,TG,TT,TT,TT,TG,TT,TG,TT,TT
rs7867427,CC,CC,TC,CC,TT,TT,TT,CC,TC,TT,TT,TC,TC,CC
rs17708974,CC,CC,CC,CC,AA,AC,AC,CC,CC,AC,AC,CC,AC,CC
rs679613,AA,AG,AG,AA,GG,GG,GG,AA,AA,GG,GG,AG,AG,AG
rs10810134,AA,AG,AA,AA,AG,AG,AG,AA,AA,AG,GG,AA,AG,AG
rs717932,TC,TC,TT,CC,TC,TT,TT,TC,TC,TC,TC,TC,TT,TC
rs2208919,TC,TC,TT,CC,CC,TC,TC,TC,CC,TC,CC,CC,TC,TC
rs10810136,AG,AG,AA,GG,AG,AA,AA,AG,AG,AA,AG,AA,AA,AG
rs2076872,GG,GG,GG,GG,AG,AG,AG,GG,AG,AG,AA,AA,AG,GG
rs1807429,TT,TG,TT,TG,TT,TT,TT,TT,TG,TG,TG,TG,TT,TT
rs10481545,TC,CC,TT,CC,TT,TT,TC,TC,TC,CC,TC,TC,TC,TC
rs10810137,TT,TT,TT,TT,TT,TT,TC,TT,TC,TT,TC,TT,TC,TT
rs4807453,CC,CC,CC,CC,CC,CC,CC,CC,CC,CC,CC,TC,CC,CC
rs3810421,TC,CC,CC,TC,CC,TC,TC,TT,TT,CC,TC,TC,CC,TC
rs740521,AA,AA,AG,AA,AA,AG,AG,AG,GG,AA,AA,AG,AG,AG
rs718202,CC,CC,TT,CC,CC,TC,CC,TC,CC,TC,CC,CC,TC,TC
rs10422402,GG,GG,AG,GG,GG,AA,AG,GG,AG,GG,GG,GG,GG,AG
rs2074944,CC,CC,TC,CC,TC,TC,CC,TC,CC,CC,TC,CC,TC,TC
rs11670339,AA,AA,AG,AA,AA,AG,AA,AG,AA,AA,AA,AA,AA,AA
rs4806928,AA,AA,AG,AA,AA,AA,AG,AA,GG,AA,AA,AA,AA,AA
rs3922397,GG,GG,AG,GG,AG,AG,AG,AG,AG,AG,AG,GG,AG,GG
rs7255927,AA,AA,AG,AA,AG,AG,AA,AA,AA,AG,AG,AA,AG,AA
rs12981408,TT,TT,GG,TT,TG,TG,TG,TG,GG,TG,TG,TT,TG,TT
rs12975319,GG,GG,GG,GG,AG,AG,AG,GG,AG,GG,AG,GG,AG,GG
rs10424563,GG,GG,GG,GG,GG,GG,GG,AG,GG,GG,GG,GG,GG,GG
rs2074977,AA,AC,AC,AA,AC,AC,AA,AC,AA,AC,AC,AC,AC,AA
rs2302219,GG,AG,GG,GG,GG,GG,GG,AG,GG,GG,GG,AG,GG,GG
rs11085019,CC,AC,CC,CC,AC,AC,CC,AC,CC,CC,AC,AC,AA,CC
rs11085020,TT,TC,TC,TT,TC,CC,TT,TC,TT,TT,TT,TC,TC,TC
rs1060363,CC,CC,CC,CC,CC,CC,CC,CC,CC,CC,CC,CC,CC,CC
rs10410814,GG,GG,GG,GG,GG,GG,GG,GG,GG,GG,GG,GG,GG,GG
rs4807475,TT,TC,TT,TT,CC,CC,CC,TC,TC,TC,TC,TC,CC,TT
rs11574845,TT,TT,TT,TT,TT,TT,TT,TT,TT,TT,TT,TT,TT,TT
rs7897947,TT,TG,GG,TT,TG,TG,TG,TT,TT,TT,TT,TG,TG,TT
rs2295587,CC,CC,CC,CC,CC,CC,CC,CC,CC,CC,CC,CC,CC,CC
rs11574849,GG,GG,GG,GG,GG,GG,GG,GG,GG,AG,GG,GG,AG,AG
rs11574851,CC,CC,CC,TC,CC,TC,CC,TC,CC,CC,CC,TC,CC,CC
rs11191279,CC,CC,CC,CC,CC,CC,CC,CC,CC,CC,CC,TC,TC,CC
rs7309185,GG,AA,GG,GG,AG,GG,GG,AG,GG,AA,AG,GG,AA,GG
rs12427339,GG,GG,GG,GG,GG,GG,GG,GG,GG,AA,GG,GG,GG,GG
rs7979713,CC,CC,CC,AC,CC,CC,CC,CC,CC,CC,CC,CC,CC,CC
rs12552611,TT,TT,CC,TT,TT,TT,TT,TC,TT,TT,TT,TT,TT,TT
rs2487714,GG,AG,GG,AG,AG,GG,GG,GG,AG,AA,AA,AG,GG,AG
rs10991376,TC,TC,TT,TC,TC,TT,TC,TT,TC,TT,TT,TC,CC,TT
rs2472476,CC,TC,TT,TC,TC,CC,CC,TC,TC,TT,TT,TC,CC,TC
rs12064822,GG,GG,GG,AG,GG,AG,GG,GG,GG,GG,GG,GG,AG,GG
rs1220421,AA,AA,AG,AG,AA,AG,AA,AG,AA,AA,AA,AA,AG,AA
rs12062953,TT,TT,TT,TC,TT,TC,TT,TT,TT,TT,TT,TT,TC,TT
rs7516611,AA,AA,AA,AC,AA,AC,AA,AA,AA,AA,AA,AA,AC,AA
rs2890358,AA,AA,AG,AG,AA,AG,AA,AG,AA,AA,AA,AA,AG,AA
rs6683452,GG,GG,AG,GG,GG,GG,GG,AG,GG,GG,GG,GG,GG,GG
rs11121507,AA,AA,AA,AA,AA,AA,AA,AA,AA,AA,AA,AA,AA,AA
rs383319,GG,AA,AG,AA,AA,AA,AA,AG,GG,AG,AG,AG,GG,AG
rs217528,AA,GG,AG,AA,GG,GG,AG,AG,AA,AG,AG,AG,AA,AG
rs891205,AC,AA,AA,AC,AA,AC,CC,AC,AC,AC,AC,AA,AC,AC
rs6198,TT,TT,TT,TT,TT,TT,TC,TC,TC,TC,TC,TC,TT,TT
rs10482714,CC,CC,CC,CC,CC,CC,CC,CC,CC,CC,CC,CC,CC,CC
rs10482713,AA,AA,AA,AA,AA,AA,AA,AA,AA,AA,AA,AA,AA,AA
rs10482712,TT,TT,TT,TT,TT,TT,TT,TT,TT,TT,TT,TT,TT,TT
rs6187,CC,CC,CC,CC,CC,CC,CC,CC,CC,CC,CC,CC,CC,CC
rs10482709,GG,GG,GG,GG,GG,GG,GG,GG,GG,GG,GG,GG,GG,GG
rs13306585,TT,TT,TT,TT,TT,TT,TT,TT,TT,TT,TT,TT,TT,TT
rs6196,AG,AA,AG,AA,AA,AG,AG,AA,AA,AA,AA,AA,AG,AA
rs10482704,CC,CC,CC,CC,CC,CC,CC,CC,CC,CC,CC,AC,CC,CC
rs258750,AG,AA,AG,AA,AA,AG,GG,AG,AG,AG,AG,AG,AG,AA
rs258751,GG,GG,GG,GG,GG,GG,GG,GG,GG,GG,GG,GG,GG,GG
rs9324912,AA,AA,AA,AA,AA,AA,AA,AA,AA,AA,AA,AA,AA,AA
rs10482701,AA,AA,AA,AA,AA,AA,AA,AA,AA,AA,AA,AA,AA,AA
rs864082,TT,TT,TT,TT,TT,TT,TT,TT,TT,TT,TT,TT,TT,TT
rs2963146,AA,AA,AA,AA,AA,AA,AA,AA,AA,AA,AA,AA,AA,AA
rs10482697,GG,GG,GG,GG,GG,GG,GG,GG,GG,GG,GG,GG,GG,GG
rs10053963,AA,AA,AA,AA,AA,AA,AA,AA,AA,AA,AA,AA,AA,AA
rs10039663,GG,GG,GG,GG,GG,GG,GG,GG,GG,GG,GG,GG,GG,GG
rs17209258,AG,AA,AG,AA,AA,AG,AA,AG,AA,AG,AA,AG,AA,AA
rs10482695,AA,AA,AA,AA,AA,AA,AA,AA,AA,AA,AA,AA,AA,AA
rs10482694,GG,GG,GG,GG,GG,GG,GG,GG,GG,GG,GG,GG,GG,GG
rs10482691,GG,GG,GG,GG,GG,GG,GG,GG,GG,GG,GG,GG,GG,GG
rs258813,AG,GG,AG,GG,GG,AG,AA,AG,AG,AG,AG,AG,AG,GG
rs9324913,TT,TT,TT,TT,TT,TT,TT,TT,TT,TT,TT,TT,TT,TT
rs9324914,CC,CC,CC,CC,CC,CC,CC,CC,CC,CC,CC,CC,CC,CC
rs2918420,CC,CC,CC,CC,CC,CC,CC,CC,CC,CC,CC,CC,CC,CC
rs10482683,GG,GG,GG,AG,GG,GG,GG,GG,GG,GG,GG,GG,GG,GG
rs10482680,GG,GG,GG,GG,GG,GG,GG,GG,GG,GG,GG,GG,GG,GG
rs3776216,GG,GG,GG,GG,GG,GG,GG,GG,GG,GG,GG,GG,GG,GG
rs6188,AC,CC,AC,CC,CC,AC,AA,AC,AC,AC,AC,AC,AC,CC
rs10482677,GG,GG,GG,GG,GG,GG,GG,GG,GG,GG,GG,GG,GG,GG
rs13358709,CC,CC,CC,CC,CC,CC,CC,CC,CC,CC,CC,CC,CC,CC
rs13361442,TT,TT,TT,TT,TT,TT,TT,TT,TT,TT,TT,TT,TT,TT
rs13358784,CC,CC,CC,CC,CC,CC,CC,CC,CC,CC,CC,CC,CC,CC
rs852977,AG,AA,AG,AA,AA,AG,GG,AG,AG,AG,AG,AG,AG,AA
rs860457,TC,TT,TC,TT,TT,TC,CC,TC,TC,TC,TC,TC,TC,TT
rs3822376,AA,AA,AA,AA,AA,AA,AA,AA,AA,AA,AA,AA,AA,AA
rs10482672,GG,GG,GG,AG,GG,GG,GG,GG,GG,GG,GG,GG,GG,AG
rs13306587,AA,AA,AA,AA,AA,AA,AA,AA,AA,AA,AA,AA,AA,AA
rs4986593,AG,AA,AG,AA,AA,AG,AA,AG,AA,AG,AA,AG,AA,AA
rs10482666,TT,TT,TT,TT,TT,TT,TT,TT,TT,TT,TT,TT,TT,TT
rs10482664,TT,TT,TT,TT,TT,TT,TT,TT,TT,TT,TT,TT,TT,TT
rs33388,AA,TT,AA,TT,TT,AA,AA,AA,AT,AA,AT,AA,AT,TT
rs33389,TC,CC,TC,CC,CC,TC,TC,CC,CC,CC,CC,CC,TC,CC
rs10482661,GG,GG,GG,GG,GG,GG,GG,GG,GG,GG,GG,GG,GG,GG
rs10482658,CC,CC,CC,CC,CC,CC,CC,CC,CC,CC,CC,CC,CC,CC
rs13158118,GG,GG,GG,GG,GG,GG,GG,GG,GG,GG,GG,GG,GG,GG
rs852982,AG,GG,AG,GG,GG,AG,AA,AG,AG,AG,AG,AG,AG,GG
rs9324915,CC,CC,CC,CC,CC,CC,CC,CC,CC,CC,CC,CC,CC,CC
rs10482654,TT,TT,TT,TT,TT,TT,TT,TT,TT,TT,TT,TT,TT,TT
rs10482653,GG,GG,GG,AG,GG,GG,GG,GG,GG,GG,GG,GG,GG,GG
rs33383,CC,TT,CC,TT,TT,CC,CC,CC,TC,CC,TC,CC,TC,TT
rs10477205,GG,GG,GG,GG,GG,GG,GG,GG,GG,GG,GG,GG,GG,GG
rs7730946,AA,AA,AA,AA,AA,AA,AA,AA,AA,AA,AA,AA,AA,AA
rs10076037,TT,TT,TT,TT,TT,TT,TT,TT,TT,TT,TT,TT,TT,TT
rs10051482,GG,GG,GG,GG,GG,GG,GG,GG,GG,GG,GG,GG,GG,GG
rs13180461,TT,TT,TT,TT,TT,TT,TT,TT,TT,TT,TT,TT,TT,TT
rs11745958,TC,CC,TC,CC,CC,TC,CC,TC,CC,TC,CC,TC,CC,CC
rs17100236,TT,TT,TT,TC,TT,TT,TT,TT,TT,TT,TT,TT,TT,TC
rs17100237,GG,GG,GG,GG,GG,GG,GG,GG,GG,GG,GG,GG,GG,GG
rs2918419,TC,TT,TC,TT,TT,TC,TC,TT,TT,TT,TT,TT,TC,TT
rs6866890,TT,TT,TT,TT,TT,TT,TT,TT,TT,TT,TT,TT,TT,TT
rs9324917,CC,CC,CC,CC,CC,CC,CC,CC,CC,CC,CC,CC,CC,CC
rs4912650,TT,GG,TT,TT,GG,TT,TT,TT,TG,TT,TG,TT,TG,TG
rs2918417,TC,CC,TC,CC,CC,TC,TT,TC,TC,TC,TC,TC,TC,CC
rs10482646,CC,CC,CC,CC,CC,CC,CC,CC,CC,CC,CC,CC,CC,CC
rs6877893,GG,AA,GG,AA,AA,GG,GG,GG,AG,GG,AG,GG,AG,AA
rs10482644,GG,GG,GG,GG,GG,GG,GG,GG,GG,GG,GG,GG,GG,GG
rs10482642,TT,TT,TT,TT,TT,TT,TC,TC,TC,TC,TC,TC,TT,TT
rs10482640,AA,AA,AA,AA,AA,AA,AA,AA,AA,AA,AA,AA,AA,AA
rs13178847,GG,GG,GG,GG,GG,GG,GG,GG,GG,GG,GG,GG,GG,GG
rs13356889,GG,GG,GG,GG,GG,GG,GG,GG,GG,GG,GG,GG,GG,GG
rs2963151,TC,TT,TC,TT,TT,TC,TC,TT,TT,TT,TT,TT,TC,TT
rs10036734,CC,CC,CC,CC,CC,CC,CC,CC,CC,CC,CC,CC,CC,CC
rs10041074,AA,AA,AA,AA,AA,AA,AA,AA,AA,AA,AA,AA,AA,AA
rs10482639,TT,TT,TT,TT,TT,TT,TT,TT,TT,TT,TT,TT,TT,TT
rs10482637,TT,TT,TT,TT,TT,TT,TT,TT,TT,TT,TT,TT,TT,TT
rs10482635,TT,TT,TT,TT,TT,TT,TT,TT,TT,TT,TT,TT,TT,TT
rs10515521,GG,GG,GG,GG,GG,GG,AG,AG,AG,AG,AG,AG,GG,GG
rs10038827,GG,GG,GG,GG,GG,GG,GG,GG,GG,GG,GG,GG,GG,GG
rs2918416,TC,CC,TC,CC,CC,TC,TT,TC,TC,TC,TC,TC,TC,CC
rs2963154,TC,TT,TC,TT,TT,TC,TC,TT,TT,TT,TT,TT,TC,TT
rs2918415,AC,AA,AC,AA,AA,AC,AC,AA,AA,AA,AA,AA,AC,AA
rs6861962,CC,CC,CC,CC,CC,CC,CC,CC,CC,CC,CC,CC,CC,CC
rs10482634,AG,AA,AG,AA,AA,AG,AA,AG,AA,AG,AA,AG,AA,AA
rs10482633,TT,TT,TT,TT,TT,TT,TG,TG,TG,TG,TG,TG,TT,TT
rs10482632,TT,TT,TT,TT,TT,TT,TT,TT,TT,TT,TT,TT,TT,TT
rs13176292,CC,CC,CC,CC,CC,CC,CC,CC,CC,CC,CC,CC,CC,CC
rs13360865,GG,GG,GG,GG,GG,GG,GG,GG,GG,GG,TG,GG,GG,GG
rs13186482,GG,GG,GG,GG,GG,GG,GG,GG,GG,GG,GG,GG,GG,GG
rs2963155,AG,AA,AG,AA,AA,AG,AG,AA,AA,AA,AA,AA,AG,AG
rs10482631,GG,GG,GG,GG,GG,GG,GG,GG,GG,GG,GG,GG,GG,GG
rs10038464,CC,CC,CC,CC,CC,CC,CC,CC,CC,CC,CC,CC,CC,CC
rs10515522,TC,TT,TC,TT,TT,TC,TC,TT,TT,TT,TT,TT,TC,TT
rs2963156,TC,CC,TC,CC,CC,TC,CC,TC,CC,TC,CC,TC,CC,CC
rs10042644,TT,TT,TT,TT,TT,TT,TT,TT,TT,TT,TT,TT,TT,TT
rs13171962,TT,TT,TT,TT,TT,TT,TT,TT,TT,TT,TT,TT,TT,TT
rs10045381,GG,GG,GG,GG,GG,GG,GG,GG,GG,GG,GG,GG,GG,GG
rs13355103,GG,GG,GG,GG,GG,GG,GG,GG,GG,GG,GG,GG,GG,GG
rs13360160,CC,CC,CC,CC,CC,CC,CC,CC,CC,CC,CC,CC,CC,CC
rs9324918,TC,TT,TC,TT,TT,TC,TC,TT,TT,TT,TT,TT,TC,TT
rs4912907,AA,AA,AA,AA,AA,AA,AA,AA,AA,AA,AA,AA,AA,AA
rs10482625,TT,TT,TT,TT,TT,TT,TT,TT,TT,TT,TT,TT,TT,TT
rs12652915,TT,TT,TT,TT,TT,TT,TT,TT,TT,TT,TT,TT,TT,TT
rs11742942,AA,AA,AA,AA,AA,AA,AA,AA,AA,AA,AA,AA,AA,AA
rs10065326,TT,TT,TT,TT,TT,TT,TT,TT,TT,TT,TT,TT,TT,TT
rs10482623,TT,TT,TT,TC,TT,TT,TT,TT,TT,TT,TT,TT,TT,TT
rs13306589,TT,TT,TT,TT,TT,TT,TT,TT,TT,TT,TT,TT,TT,TT
rs6192,AA,AA,AA,AA,AA,AA,AA,AA,AA,AA,AA,AA,AA,AA
rs6190,CC,CC,CC,CC,CC,CC,CC,CC,TC,TC,CC,TC,CC,CC
rs10482621,CC,CC,CC,CC,CC,CC,CC,CC,CC,CC,CC,CC,CC,CC
rs10482619,TT,TT,TT,TT,TT,TT,TT,TT,TT,TT,TT,TT,TT,TT
rs10482617,TT,TT,TT,TT,TT,TT,TT,TT,TT,TT,TT,TT,TT,TT
rs10482616,CC,CC,CC,TC,CC,CC,CC,CC,CC,CC,CC,CC,CC,TC
rs9324922,GG,GG,GG,GG,GG,GG,GG,GG,GG,GG,GG,GG,GG,GG
rs10482612,GG,GG,GG,GG,GG,GG,GG,GG,GG,GG,GG,GG,GG,GG
rs10482604,TT,TT,TT,TT,TT,TT,TT,TT,TT,TT,TT,TT,TT,TT
rs10052957,AG,GG,AG,GG,GG,AG,AA,AG,AG,AG,AG,AG,AG,GG
rs9324924,TG,GG,TG,TT,GG,TG,TG,GG,GG,GG,GG,TG,TG,TG
rs7701443,AA,GG,AA,AG,GG,AG,AA,AA,AG,AA,AG,AG,AG,AG
rs6865292,TC,TT,TC,TC,TT,TC,TC,TT,TT,TT,TT,TC,TC,TT
rs4912909,GG,GG,GG,GG,GG,GG,GG,GG,GG,GG,GG,GG,GG,GG
rs4607376,AG,GG,AG,AG,AG,GG,AG,AG,AA,AA,AG,AG,GG,AA
rs13182800,GG,GG,GG,TG,GG,GG,TG,TG,TT,TG,TG,TG,GG,GG
rs13184611,CC,CC,CC,TC,CC,CC,TC,TC,TT,TC,TC,TC,CC,CC
rs11167810,TT,TT,TT,TT,TT,TT,TT,TT,TT,TT,TT,TT,TT,TT
rs10477211,AG,AA,AG,AA,AA,AG,AG,AG,AA,AA,AA,AA,AG,AA
rs4912910,AG,GG,AG,GG,GG,AG,AG,AG,GG,GG,GG,GG,AG,GG
rs4912912,TC,TC,TT,CC,CC,TC,TC,TC,CC,CC,TC,CC,TC,CC
rs2871,TT,TT,TC,TT,TT,TT,TT,TT,TC,TC,TT,TC,TT,TT
rs5536,CC,CC,CC,CC,CC,CC,CC,CC,CC,CC,CC,CC,CC,CC
rs9993133,TT,TT,TT,TT,TT,TT,TC,TC,TT,TT,TC,TC,TT,TT
rs6840127,AA,AA,AA,AA,AA,AA,AG,AG,AA,AA,AG,AG,AA,AA
rs13137823,AA,AG,AA,GG,AG,AA,AA,AA,AG,AA,AG,AA,AA,AA
rs17024387,GG,AG,GG,AA,AG,GG,AG,GG,AG,GG,AG,GG,GG,GG
rs11737660,AG,GG,AA,GG,AG,AG,GG,AG,GG,GG,GG,GG,AA,AG
rs13142954,GG,AG,GG,AA,AG,GG,GG,GG,AG,GG,AA,GG,GG,GG
rs1879829,CC,TC,CC,TT,TC,CC,TC,CC,TT,TT,TC,TC,CC,TC
rs17483391,TC,TC,CC,CC,CC,TC,TC,CC,CC,CC,CC,CC,CC,CC
rs1403142,AG,AG,AG,AA,AA,GG,AG,AA,AG,GG,AA,AG,AG,GG
rs1403143,TC,TC,TC,CC,CC,TT,TC,CC,TC,TT,CC,TC,TC,TT
rs6857011,CC,CC,CC,CC,CC,CC,CC,CC,TC,TT,CC,TC,CC,TC
rs17024404,CC,CC,CC,CC,TC,CC,CC,TC,CC,CC,CC,TC,CC,CC
rs11736161,AG,AG,AG,GG,AG,AA,AG,AG,AG,AA,GG,AA,GG,AA
rs2272089,TC,TC,TC,TT,TT,TT,TC,CC,TT,TT,TC,TC,CC,TT
rs6844155,AG,AG,AG,GG,GG,GG,AG,AA,GG,GG,AG,AG,AA,GG
rs17024437,GG,GG,GG,GG,AG,GG,GG,GG,GG,GG,GG,GG,GG,GG
rs6810951,GG,TG,TG,TT,TG,TT,TG,GG,TG,GG,TG,GG,GG,TG
rs6535584,TT,TC,TC,CC,TC,CC,CC,TT,CC,CC,TC,TC,TT,CC
rs4835490,GG,GG,GG,GG,GG,GG,GG,GG,AG,AA,GG,AG,GG,AG
rs10519942,GG,GG,GG,GG,AG,GG,GG,GG,GG,GG,GG,GG,GG,GG
rs17024456,AA,AG,AA,AA,AA,AG,AG,AA,AA,AA,AA,AA,AA,AA
rs11099681,CC,TC,TC,TT,TT,TT,TT,CC,TT,TT,TC,TC,CC,TT
rs3910054,AA,AG,AG,GG,GG,GG,GG,AA,AG,GG,AG,AG,AA,GG
rs3846302,GG,AG,GG,GG,GG,GG,AG,GG,GG,AG,GG,GG,GG,GG
rs6535594,GG,GG,AG,AA,AA,AA,AG,GG,AG,AG,AG,AG,GG,AA
rs7699349,TC,TC,CC,CC,CC,CC,TC,CC,CC,TC,CC,TC,TC,CC
rs10050229,AA,AG,AA,AA,AG,AA,AG,AA,AA,AG,AA,AG,AA,AA
rs17483979,AC,AC,AC,AA,AC,AA,AA,CC,AC,AA,AC,AC,AC,CC
rs3857080,TC,CC,CC,CC,CC,CC,CC,CC,CC,TC,CC,CC,TC,CC
rs13116347,AA,AA,AA,AA,AG,AG,AG,AA,AA,AA,AA,AG,AA,AA
rs12641471,AC,AC,AC,AC,AC,CC,CC,AC,AC,AC,CC,AC,AC,AA
rs3910044,CC,CC,CC,TC,TC,TT,TT,TC,TC,CC,TT,TC,TC,CC
rs2883917,TC,TC,TC,CC,CC,CC,CC,CC,CC,TC,CC,CC,CC,CC
rs982076,TC,TC,CC,TC,CC,CC,CC,CC,TC,CC,TT,CC,CC,CC
rs3846313,CC,CC,CC,TC,CC,CC,CC,CC,CC,TC,CC,TC,CC,CC
rs3846317,CC,TT,TC,CC,CC,TC,TC,TC,TC,TC,TC,TC,TT,TC
rs3846318,AA,AA,AA,AG,GG,AA,AG,AG,AG,AG,AA,AG,AA,AG
rs3846321,AA,CC,AC,AC,CC,AC,CC,CC,CC,CC,AC,CC,CC,CC
rs3846322,TT,TT,TT,TT,TC,TC,TT,TT,TT,TC,TC,TT,TC,TT
rs6855341,CC,CC,CC,CC,CC,TC,CC,CC,CC,TC,TC,CC,TC,CC
rs6836191,TT,TT,TT,TC,CC,TT,TC,TC,TC,TC,TT,TC,TC,TC
rs6812904,GG,AA,AG,AG,GG,AG,AG,AG,AG,AG,AG,AG,AG,AA
rs17484357,AA,AA,AA,AA,AA,AA,AG,AA,AA,AG,AA,AG,AA,AA
rs10012553,TT,TT,TT,TC,TT,TT,TT,TT,TT,TT,TT,TT,TT,TC
rs3846323,GG,GG,GG,GG,AG,GG,AG,AG,AG,AG,GG,AG,GG,GG
rs17484454,TT,TT,TT,TC,TT,TT,TC,TC,TC,TC,TT,CC,TT,TT
rs3910047,TT,TT,TT,TT,TT,TC,TT,TT,TT,TC,TC,TT,TT,TC
rs13147775,CC,TT,TC,TC,CC,TC,TT,TT,TT,TT,TC,TT,TC,TT
rs2883929,AA,GG,AG,AA,AA,AA,AG,AG,AG,AA,AA,AA,AG,AG
rs3846329,GG,GG,GG,GG,GG,TG,GG,GG,GG,TG,TG,GG,GG,TG
rs10434128,GG,GG,GG,GG,GG,GG,GG,GG,GG,AG,AG,GG,GG,AG
rs6828378,CC,CC,CC,CC,CC,CC,CC,CC,CC,CC,CC,CC,CC,CC
rs6851669,TT,TT,TT,TT,TT,TT,TT,TC,TC,TT,TT,TT,TT,TT
rs6826213,GG,GG,GG,GG,GG,GG,GG,AG,AG,GG,GG,GG,GG,GG
rs3920217,GG,GG,GG,GG,GG,GG,GG,TG,TG,TG,TG,GG,GG,TG
rs1546531,CC,TT,TC,TC,TC,CC,TC,TC,TT,TT,TC,TT,TT,TT
rs1546529,CC,CC,CC,CC,CC,CC,CC,TC,TC,TC,TC,CC,CC,TC
rs17024631,TT,TT,TT,TT,TC,TT,TT,TT,TT,TT,TT,TT,TC,TT
rs2137335,AA,AA,AA,AA,AA,AA,AA,AG,AG,AG,AG,AA,AA,AA
rs10034789,CC,TT,TC,TC,CC,CC,TC,CC,TC,TC,CC,TT,CC,TC
rs17484671,GG,TT,TG,GG,GG,GG,TG,GG,TG,GG,GG,GG,GG,TG
rs17484678,GG,GG,GG,AG,GG,GG,GG,GG,GG,AG,GG,AA,GG,GG
rs992556,TT,CC,TC,TC,TC,TT,TC,TT,TC,CC,TC,CC,TC,CC
rs2063555,AA,AA,AA,AA,AA,AA,AA,AA,AA,AC,AC,AA,AA,AA
rs2137330,GG,GG,GG,GG,GG,GG,GG,GG,GG,AG,AG,GG,GG,GG
rs10434100,CC,CC,CC,CC,CC,CC,CC,CC,CC,TC,TC,CC,CC,CC
rs13109808,CC,AA,AC,AC,AC,CC,AC,CC,AC,AA,AC,AA,AC,AA
rs10519963,GG,GG,GG,GG,GG,GG,GG,GG,GG,AG,AG,GG,GG,GG
rs17581884,AA,AA,AA,AG,AA,AA,AA,AA,AA,AG,AA,GG,AA,AA
rs907620,TT,CC,TC,TT,TC,TT,TC,TT,TC,TT,TT,TT,TC,CC
rs878232,GG,GG,GG,GG,GG,GG,GG,GG,GG,GG,GG,GG,GG,GG
rs11725509,AA,AA,AA,AA,AC,AA,AA,AA,AA,AA,AA,AA,AC,AC
rs6825048,CC,CC,CC,CC,CC,CC,CC,CC,CC,CC,TC,CC,CC,CC
rs6831212,CC,TT,TC,TC,TC,CC,TC,CC,TC,TT,TC,TT,TC,TT
rs1490453,GG,GG,GG,GG,AG,GG,GG,GG,GG,AG,AG,GG,AG,AG
rs1913023,TT,TT,TT,TT,TT,TT,TT,TT,TT,TT,TT,TT,TT,TT
rs6834935,TT,TT,TT,TT,TT,TT,TT,TT,TT,TG,TG,TT,TT,TT
rs1512328,CC,CC,CC,CC,CC,CC,CC,CC,CC,CC,CC,CC,CC,CC
rs1994624,GG,AA,AG,GG,AG,GG,AG,GG,AG,AG,AG,GG,AG,AA
rs17024708,AA,GG,AG,AA,AA,AA,AG,AA,AG,AA,AA,AA,AA,AG
rs2048546,CC,CC,CC,CC,CC,CC,CC,CC,CC,AC,AC,CC,CC,CC
rs10026568,TC,TC,TC,TC,CC,TC,CC,CC,TT,TC,TC,TC,TC,TC
rs4635799,TT,TC,TT,TT,TC,TC,TC,TC,TC,CC,TC,CC,TC,TC
rs2172002,AA,AA,AG,AA,AA,AG,AA,AG,AA,AA,AA,AA,AA,AG
rs5529,AA,AA,AA,AA,AA,AA,AA,AA,AA,AA,AA,AA,AA,AA
rs5527,TT,TT,TT,TT,TT,TT,TT,TT,TT,TT,TT,TT,TT,TT
rs5522,TT,TT,TC,TT,TT,TC,TT,TC,TT,TT,TT,TT,TT,TC
rs7658048,AA,AG,AG,AA,AG,GG,AG,GG,AG,GG,AG,GG,AG,GG
rs16961516,GG,GG,GG,AA,GG,GG,GG,GG,GG,GG,GG,GG,GG,GG
rs9912109,GG,GG,GG,GG,GG,GG,GG,GG,GG,AG,GG,AA,GG,AG
rs6502579,TT,TT,TT,TT,CC,CC,CC,TT,TT,TT,TT,TT,TT,TT
rs9905836,GG,GG,GG,AA,GG,GG,GG,GG,GG,AA,GG,AA,GG,AG
rs7226068,GG,GG,GG,GG,GG,GG,GG,GG,GG,GG,GG,GG,GG,GG
rs16961564,GG,GG,GG,GG,GG,GG,GG,GG,GG,TG,GG,TT,GG,GG
rs1860553,TT,TT,TT,TT,CC,CC,CC,TT,TT,TT,TT,TT,TT,TT
rs10468464,TT,TT,TT,CC,CC,CC,CC,TT,TT,CC,TT,CC,CC,TT
rs16989519,CC,CC,CC,TC,CC,CC,CC,CC,CC,CC,TC,CC,CC,CC
rs713619,TT,TT,TC,TT,TT,TC,TT,TC,TT,TT,TT,TT,TT,TT
rs12620338,GG,AG,GG,AA,GG,AG,GG,GG,AG,AA,AG,AG,GG,GG
rs1978859,CC,TC,CC,TT,CC,TC,CC,CC,TC,TT,TC,TT,CC,CC
rs1013262,TG,TG,TG,TT,TG,TT,GG,GG,TT,TT,TG,TT,GG,TG
rs1549773,CC,CC,CC,CC,CC,CC,CC,CC,CC,CC,CC,TC,CC,CC
rs2118666,TG,TG,TG,GG,TG,TG,TT,TT,GG,GG,GG,GG,TT,TG
rs1367409,TG,TG,TG,GG,TT,GG,TT,TT,GG,GG,TG,GG,TT,TG
rs13410020,GG,GG,GG,GG,GG,GG,GG,GG,GG,GG,GG,AG,AG,GG
rs10498134,TC,TT,TT,TC,TC,CC,TT,TC,TC,CC,TC,TC,TC,TC
rs1367413,TG,GG,GG,TG,GG,TG,GG,TG,TG,TT,GG,GG,GG,GG
rs6436302,TC,CC,CC,TC,TC,TT,CC,TC,TT,TT,TC,TC,TC,TC
rs12053273,GG,GG,GG,GG,AG,AG,GG,GG,GG,GG,AG,AG,AG,AG
rs6436304,AG,GG,GG,AG,AG,AA,GG,AG,AA,AA,AG,AG,AG,AG
rs1367415,AG,AG,AG,AG,AA,AA,AA,AA,AG,AA,AA,AG,AA,AA
rs11695486,CC,CC,TC,CC,CC,TT,TC,TC,CC,TC,TC,CC,CC,TT
rs12328631,AA,AA,AA,AA,AA,AA,AA,AA,AA,AA,AA,AA,AA,AA
rs1430657,AA,AG,AA,AA,AA,AA,AA,AA,AA,AA,AA,AA,AA,AG
rs17403188,TT,TT,TT,TT,TT,TT,TT,TT,TT,TT,TT,TC,TT,TT
rs1430659,CC,CC,CC,TC,TC,TC,CC,CC,TC,CC,TC,CC,TC,TC
rs7589708,CC,CC,CC,TC,TC,TC,CC,CC,TC,CC,TC,CC,TC,TC
rs4674639,AA,AA,AG,AG,AA,AA,AA,AG,AA,AA,AG,AA,AA,AA
rs10932949,AG,GG,GG,GG,AG,AG,AG,GG,GG,AG,GG,AG,AG,GG
rs12995399,TT,TT,TC,TT,TT,TT,TC,CC,TT,TT,TC,TT,TT,TT
rs930140,TC,CC,TC,TC,TT,TC,TT,TT,CC,TC,TC,TT,TC,CC
rs6436309,TC,CC,CC,CC,TT,CC,TC,CC,CC,CC,CC,CC,TC,CC
rs10174636,CC,TC,CC,TC,CC,TC,CC,CC,CC,CC,CC,CC,CC,TC
rs7600206,TT,TT,TT,TT,TT,TT,TC,CC,TT,TT,TC,TT,TT,TT
rs2276630,AG,AG,AG,GG,AG,GG,GG,GG,AG,GG,GG,GG,AG,GG
rs13405641,CC,AC,CC,CC,CC,AC,CC,CC,CC,CC,CC,CC,CC,AC
rs6754024,TG,GG,TG,GG,GG,GG,TG,GG,GG,GG,GG,GG,TG,GG
rs3026401,TC,TC,TC,TT,TT,TC,TT,TT,TT,TT,TC,TC,TT,TC
rs662702,CC,CC,CC,CC,CC,CC,CC,CC,CC,CC,TC,CC,CC,CC
rs2071754,TC,TC,TC,TT,TT,TC,TT,TT,TT,TT,TT,TC,TT,TC
rs3026354,AG,AG,AG,AA,AA,AG,AA,AA,AA,AA,AA,AG,AA,AG
rs7942007,AG,AG,AG,AA,AA,AG,AA,AA,AA,AA,AA,AG,AA,AG
rs4440995,AG,AG,AG,GG,GG,AG,GG,GG,GG,GG,GG,AG,GG,AG
rs895412,TC,TT,TC,TC,TC,TT,TT,CC,TC,TT,TT,TC,TC,CC
rs1478,TG,TT,TT,TT,TG,GG,TT,TT,TG,TG,TT,TT,TG,TT
rs4849179,CC,TC,TC,TC,CC,CC,TT,CC,CC,CC,TT,TC,TC,CC
rs2863242,CC,TC,TC,TC,CC,CC,TT,CC,CC,CC,TT,TC,CC,CC
rs7589901,AA,AC,AC,AC,AA,AA,CC,AA,AA,AA,CC,AC,AC,AA
rs1110839,TG,GG,TG,TG,TG,GG,TG,TT,TG,GG,GG,TG,TG,TT
rs2863244,AG,GG,AG,AG,AG,GG,AG,AA,AG,GG,GG,AG,AA,AA
rs3768768,AA,AA,AA,AA,AA,AA,AA,AA,AA,AA,AA,AA,AA,AA
rs11886472,GG,GG,GG,GG,GG,GG,GG,GG,GG,GG,GG,GG,GG,GG
rs4848320,CC,TC,TC,TC,CC,CC,TC,CC,CC,CC,TT,TC,CC,TC
rs1374163,TC,TC,TT,TT,TC,CC,TT,TT,TC,CC,TT,TT,TT,TT
rs6734610,AG,GG,AG,AG,AG,GG,AG,AA,AG,GG,GG,AG,AA,AG
rs11691437,GG,AG,AG,AG,GG,GG,AG,GG,GG,GG,AA,AG,GG,AG
rs895415,GG,AA,AG,AG,AG,AA,AG,GG,AG,AA,AA,AG,GG,AG
rs708633,TT,CC,TC,TC,TC,CC,TC,TT,TC,CC,CC,TC,TT,TC
rs4848323,CC,TT,TC,TC,TC,TT,TC,CC,CC,TC,TT,TC,CC,TC
rs28986320,TT,TT,TT,TT,TT,TT,TT,TT,TT,TT,TT,AA,TT,TT
rs2078167,GG,GG,GG,GG,GG,GG,GG,GG,GG,GG,GG,GG,GG,GG
rs204995,AA,AA,AG,AA,AG,AA,AG,AG,AA,AG,AG,AA,AA,AA
rs2853806,CC,CC,CC,CC,CC,CC,CC,CC,CC,CC,CC,CC,CC,CC
rs2395100,CC,CC,CC,CC,CC,CC,CC,CC,CC,CC,CC,CC,CC,CC
rs204993,AA,AA,AG,AA,AA,AG,GG,AG,AA,AG,AG,AA,AA,AA
rs204992,GG,GG,AG,GG,GG,GG,AG,AG,GG,AG,AG,GG,GG,GG
rs2555459,GG,GG,GG,GG,GG,GG,GG,GG,GG,GG,GG,GG,GG,GG
rs2856437,GG,GG,GG,GG,GG,AG,AG,GG,GG,GG,GG,GG,GG,GG
rs4646408,TT,TT,CC,TT,TT,TT,TT,TT,TT,TT,TT,CC,CC,CC
rs3785499,CC,CC,CC,TT,CC,CC,TT,CC,CC,TT,CC,CC,TT,TT
rs4244593,GG,GG,GG,TT,GG,GG,TT,GG,GG,TT,GG,GG,TT,GG
rs3744120,AA,AA,AA,AA,AA,AA,AA,AA,AA,AA,AA,AA,AA,AA
rs897453,TT,TT,TT,CC,TT,TT,CC,CC,TT,CC,TT,CC,CC,CC
rs747770,CC,CC,CC,TT,CC,CC,TT,CC,CC,TT,CC,CC,TT,CC
rs4646384,CC,CC,CC,CC,CC,CC,CC,CC,CC,CC,CC,CC,CC,CC
rs4646383,CC,CC,CC,CC,CC,CC,CC,CC,TT,CC,CC,CC,CC,TT
rs13342397,TT,TT,TT,TT,TT,TT,TT,CC,TT,TT,TT,CC,TT,TT
rs4646365,TT,TT,TT,CC,TT,TT,CC,CC,TT,CC,TT,CC,CC,TT
rs4646364,CC,CC,CC,CC,CC,CC,CC,CC,CC,CC,CC,CC,CC,CC
rs8068641,AA,AA,AA,AA,AA,AA,AA,GG,AA,AA,AA,GG,AA,AA
rs2124344,GG,GG,GG,AA,GG,GG,AA,GG,GG,AA,GG,GG,AA,GG
rs2278952,GG,GG,GG,GG,GG,GG,GG,GG,AA,GG,GG,GG,GG,AA
rs3760188,TT,TT,TT,CC,TT,TT,CC,CC,CC,CC,TT,CC,CC,CC
rs4646344,GG,GG,GG,AA,GG,GG,AA,AA,AA,AA,GG,AA,AA,AA
rs4646341,GG,GG,GG,AA,GG,GG,AA,GG,GG,AA,GG,GG,AA,GG
rs8102140,AA,AG,AA,AG,AG,AA,GG,AG,AG,AG,AG,GG,GG,AG
rs11086076,GG,AG,GG,AG,AG,GG,AA,AG,AG,AG,AG,AA,AA,AG
rs6743,AA,AA,AA,AG,AG,AA,GG,AG,AG,AG,AG,GG,GG,AG
rs8104468,TT,TT,TT,TC,TC,TT,CC,TC,TC,TC,TC,CC,CC,TC
rs707542,GG,AA,GG,AG,GG,AA,GG,AA,AA,AG,GG,AG,GG,GG
rs707998,AG,GG,AG,GG,AG,GG,AG,GG,GG,AG,GG,GG,GG,AG
rs1046279,CC,TT,TC,TT,CC,TT,CC,TT,TT,TC,TC,TC,TC,TC
rs178791,AC,CC,AC,CC,AA,AA,CC,CC,AC,CC,CC,AC,CC,CC
rs178787,AA,AA,AG,GG,GG,GG,AA,AA,AG,AA,AA,AG,AA,AG
rs2014604,CC,CC,TC,TT,TT,TT,CC,CC,TC,CC,CC,TC,CC,TC
rs7225649,AA,AA,AA,AA,AA,AA,AA,AA,AA,AA,AA,AA,AA,AA
rs2109262,TG,GG,TG,TT,TT,TT,GG,GG,TG,GG,GG,TG,GG,TG
rs3112512,GG,GG,GG,GG,GG,GG,GG,GG,GG,GG,GG,GG,GG,GG
rs4792728,TC,TT,TC,CC,CC,CC,TT,TT,TC,TT,TT,TC,TT,TC
rs8065649,TG,TT,TT,TT,TT,TT,TT,TT,TT,TT,TT,TT,TT,TT
rs4791665,GG,GG,AG,AA,AA,AA,GG,GG,AG,GG,GG,AG,GG,AG
rs11868284,TC,CC,TC,TT,TT,TT,CC,CC,TC,CC,CC,TC,CC,TC
rs17779879,GG,GG,GG,GG,AG,AG,GG,GG,GG,GG,GG,AG,GG,GG
rs3785623,CC,CC,TC,TT,TT,TT,CC,CC,TC,CC,CC,TC,CC,TC
rs3112511,GG,GG,AG,AA,AA,AA,GG,GG,AG,GG,GG,AG,GG,AG
rs1005380,TC,TT,TT,TT,TT,TT,TT,TT,TT,TT,TT,TT,TT,TT
rs15739,AG,GG,AG,AA,AA,AA,GG,GG,AG,GG,GG,AG,GG,AG
rs11782817,AA,AA,AA,AA,AA,AA,AA,AA,AA,AA,AA,AA,AA,AA
rs11993194,CC,CC,CC,CC,CC,CC,CC,CC,CC,CC,CC,CC,CC,CC
rs12676829,CC,TC,TC,CC,CC,CC,CC,CC,CC,CC,CC,TC,TC,TT
rs36077344,AG,GG,GG,GG,GG,GG,GG,GG,GG,GG,GG,GG,GG,GG
rs4985749,AA,GG,AA,AA,AA,AA,AA,AA,AA,AG,GG,GG,AA,AG
rs9894565,GG,AA,GG,GG,GG,GG,GG,GG,GG,AG,AA,AA,GG,AG
rs7538,AG,AG,AG,GG,AG,AA,AA,GG,AG,GG,GG,AG,AA,AG
rs13422,TG,TG,TG,TT,TG,GG,GG,TT,TG,TT,TT,TT,TG,TG
rs16951239,GG,AG,GG,GG,AG,GG,AA,GG,GG,GG,GG,GG,GG,GG
rs3785653,GG,AG,GG,GG,AG,GG,AA,GG,GG,GG,GG,GG,GG,GG
rs230950,AG,AG,AG,AA,AG,GG,GG,AA,AG,AA,AA,AA,AG,AG
rs16951242,CC,CC,CC,CC,CC,CC,CC,CC,CC,CC,CC,CC,CC,CC
rs230915,TC,TT,TC,TT,TT,CC,TT,TT,TC,TT,TT,TT,TC,TC
rs3785646,CC,TC,CC,CC,CC,CC,TT,CC,CC,CC,CC,CC,CC,TC
rs231024,CC,CC,TC,TC,TC,TT,CC,CC,TC,CC,TT,TC,TC,TC
rs231023,GG,AG,AG,AG,AG,AA,AA,GG,AG,GG,AA,AG,AG,AA
rs3490,AA,GG,AA,GG,GG,AG,GG,AG,AG,AG,GG,GG,AA,AG
rs12321105,CC,CC,CC,CC,CC,CC,CC,CC,CC,CC,CC,CC,CC,CC
rs12423352,TT,TT,TT,TC,TT,TT,TT,TT,TT,TT,TT,TT,TT,TT
rs11608364,GG,AG,GG,AG,AG,GG,AA,GG,AG,AG,AA,AG,GG,AG
rs10783419,AA,GG,AA,GG,GG,AG,GG,AG,AG,AG,GG,GG,AA,AG
rs11169761,AA,AG,AA,GG,AG,AG,AA,AG,AA,AA,AA,AG,AA,AA
rs6580809,TT,TC,TT,TC,TC,TC,TT,TT,TT,TT,TC,TC,TT,TT
rs7399018,CC,TC,CC,CC,CC,TC,CC,CC,CC,CC,TC,TC,CC,CC
rs17171509,TC,TC,TT,TT,TT,TT,TC,TT,TT,TC,TT,TT,TT,TT
rs17171511,AC,AC,CC,CC,CC,CC,AC,CC,CC,AC,CC,CC,CC,CC
rs17176375,AG,AG,GG,GG,GG,GG,AG,GG,GG,AG,GG,GG,GG,GG
rs17176480,GG,GG,GG,GG,TG,TG,GG,TG,GG,GG,GG,TT,GG,TG
rs1229014,CC,CC,TC,TC,TT,TT,TC,TC,CC,CC,TC,TT,TT,TC
rs859549,TG,TG,TG,TG,TT,TG,TT,GG,GG,TG,TG,TT,TT,TG
rs940876,AG,AG,AA,AA,AA,AA,AG,AA,AA,AG,AA,GG,AA,AA
rs1229057,TC,CC,CC,CC,CC,TC,CC,TT,TC,TC,TC,CC,CC,TC
rs35787066,CC,CC,CC,CC,CC,CC,CC,CC,CC,CC,CC,TT,CC,CC
rs859548,AA,AA,AA,AA,AG,AA,AA,AA,AA,AA,AG,AA,AG,AG
rs17255994,TC,CC,TC,TC,TT,TT,TC,TT,TC,TC,TT,TT,TT,TT
rs17171521,TT,TT,TT,TT,TT,TT,TT,TT,TT,TT,TT,CC,TT,TT
rs7801660,CC,CC,TC,TC,TC,TC,TC,CC,CC,CC,CC,CC,TC,CC
rs10085472,AA,AG,GG,GG,AG,AG,AG,AA,AG,AA,AG,GG,GG,AA
rs12531458,AA,AC,CC,CC,CC,AC,AC,AA,AC,AA,AA,AA,AC,AC
rs6462889,AA,AA,AG,AG,AG,AG,AG,AA,AA,AA,AA,GG,AG,AA
rs1949880,TT,TC,TC,TC,TC,TT,TT,TT,TC,TT,TC,TT,TC,TC
rs10230144,GG,GG,GG,GG,GG,GG,GG,GG,GG,GG,GG,GG,GG,GG
rs17171524,GG,GG,GG,GG,GG,GG,GG,GG,GG,GG,GG,GG,GG,GG
rs10258862,TT,TT,TT,TT,TT,TT,TT,TT,TC,TT,CC,CC,TC,TC
rs1534415,TT,TC,CC,CC,CC,TC,TC,TT,CC,TT,CC,CC,CC,CC
rs11761423,CC,CC,AC,AC,CC,CC,CC,CC,AC,CC,CC,CC,CC,CC
rs1527952,AA,AC,AC,AC,CC,AC,AC,AA,AA,AA,AA,AA,AC,AC
rs12535553,TT,TC,TT,TT,TC,TT,TT,TT,TT,TT,TT,TT,TT,TC
rs1404999,CC,CC,CC,CC,CC,CC,CC,CC,TC,CC,TT,TT,TC,TC
rs6959715,AA,AG,AG,AA,GG,AG,AG,AA,AG,AA,GG,GG,GG,GG
rs17171532,GG,AG,GG,GG,AG,GG,GG,GG,GG,GG,GG,GG,GG,AG
rs12672089,GG,GG,AG,GG,AG,GG,AG,GG,AG,GG,GG,GG,AG,GG
rs12216590,TT,TT,TT,TT,TT,TC,TT,TT,TT,TT,TC,CC,TT,TC
rs11763728,CC,CC,TC,CC,TC,CC,TC,CC,TC,CC,CC,CC,TC,CC
rs953874,GG,GG,AG,GG,AG,GG,AG,GG,AG,GG,GG,GG,AG,GG
rs10951595,AA,AA,GG,GG,AG,AA,AG,AA,GG,AA,AA,AA,AG,AA
rs2280667,AA,AA,AC,AA,AC,AA,AC,AA,AC,AA,AA,AA,AC,AA
rs17171543,TT,TT,TT,TT,TT,TT,TT,TT,TT,TT,TT,TT,TT,TT
rs12701698,AA,AA,GG,GG,AG,AA,AG,AA,GG,AA,AA,AA,AG,AA
rs10273694,GG,GG,GG,GG,GG,AG,GG,GG,GG,GG,AG,AG,GG,AG
rs10242528,TT,TT,TG,GG,TG,TT,TG,TT,GG,TT,TT,TT,TG,TT
rs6462895,AA,AG,AA,AA,AG,AG,AA,AA,AA,AA,GG,GG,AG,GG
rs17171546,CC,CC,TC,TT,CC,CC,CC,CC,TC,CC,CC,CC,CC,CC
rs4323393,TT,TT,TC,TT,TC,TC,TC,TT,TC,TT,TT,TT,TC,TT
rs4472423,TT,TC,TT,TT,TC,TT,TT,TT,TT,TT,CC,CC,TC,CC
rs12534084,TT,TC,TT,TT,TC,TT,TT,TT,TT,TT,CC,CC,TC,CC
rs12531437,GG,AG,GG,GG,AG,GG,GG,GG,GG,GG,AA,AA,AG,AA
rs7777684,AA,AC,AC,CC,AC,AA,AA,AA,AC,AA,CC,CC,AC,CC
rs3923506,CC,CC,TC,TT,CC,TC,TC,CC,TT,CC,CC,CC,TC,TC
rs4236356,TT,TT,TG,TT,TT,TG,TG,TT,TG,TT,TT,TT,TG,TG
rs11764181,TC,TC,TC,TT,CC,TC,TT,CC,TT,TC,CC,CC,TC,TC
rs11771925,AG,AG,AG,AA,AA,AG,GG,AA,AG,AG,AA,AA,AG,AG
rs6974806,AA,AG,AA,GG,GG,AA,AA,AA,AG,AA,AA,AG,AA,AG
rs11505525,TT,TT,TT,TT,TT,TC,TT,TT,TT,TT,TT,TT,TC,TT
rs4574755,CC,TC,CC,TT,TT,CC,CC,CC,TC,CC,CC,TT,CC,TC
rs4404830,GG,AG,GG,AA,AA,GG,GG,GG,AG,GG,GG,AA,GG,AG
rs4629763,AG,GG,AG,GG,GG,AG,GG,AA,GG,AG,AA,GG,AG,GG
rs11762823,AA,AA,AA,GG,AA,AA,AA,AA,AG,AA,AA,AA,AA,AA
rs10081326,AG,AA,AG,AA,AA,AG,AA,GG,AA,AG,GG,AA,AG,AA
rs9655034,TG,TG,TG,GG,GG,TG,TT,GG,TG,TG,GG,GG,TG,TG
rs6967316,AC,AA,AC,AA,AA,AC,AA,CC,AA,AC,CC,AC,AC,AA
rs4294089,CC,CC,TC,TC,CC,TC,CC,CC,CC,CC,CC,CC,TC,CC
rs12701705,TT,TT,TT,TT,TT,TC,TT,TT,TC,TT,TC,TT,TC,TC
rs10257516,AG,GG,GG,AA,GG,GG,AG,AG,AG,AG,GG,GG,GG,GG
rs4302750,AG,GG,GG,GG,GG,AG,AG,AG,AG,AG,GG,GG,GG,GG
rs3923295,AG,GG,AG,AA,GG,AG,AG,AG,AA,AG,AG,GG,AG,AG
rs4524676,GG,GG,AG,AA,GG,GG,GG,GG,AG,GG,GG,GG,GG,GG
rs4723834,AG,AG,GG,GG,AA,AG,AG,AG,AG,AG,AG,AA,AG,AG
rs4723836,AA,AA,AG,GG,AA,AA,AA,AA,AG,AA,AG,AA,AG,AG
rs4318977,GG,AG,AG,AA,AA,AG,GG,GG,AA,GG,AA,AG,AA,AA
rs13246263,CC,AC,CC,CC,AA,AC,CC,CC,AC,CC,CC,AC,CC,AC
rs6462901,GG,AG,GG,AA,AA,AG,GG,GG,AA,GG,AA,AG,AA,AA
rs4551241,CC,CC,CC,TT,CC,CC,CC,CC,TC,CC,CC,CC,CC,CC
rs12701716,CC,CC,CC,CC,CC,CC,CC,CC,TC,CC,TT,TC,TT,TC
rs4330591,TC,CC,TC,CC,CC,TC,TC,TC,CC,TC,CC,CC,CC,CC
rs4364548,AG,AG,AG,AA,AA,AG,AG,AG,AG,AG,GG,AG,GG,AG
rs4377848,AG,AG,AG,GG,GG,AG,AG,AG,GG,AG,GG,GG,GG,GG
rs6962816,TC,CC,TC,TT,CC,TC,TC,TC,TC,TC,CC,CC,CC,CC
rs6968121,TC,TT,TC,CC,TT,TC,TC,TC,CC,TC,CC,TT,CC,TC
rs13222559,CC,CC,CC,CC,CC,CC,CC,CC,AC,CC,AC,CC,AC,AC
rs10447664,AG,GG,AG,AA,GG,AG,AG,AG,AG,AG,GG,GG,GG,GG
rs4723858,CC,TC,CC,TT,TT,CC,CC,CC,TC,CC,TC,TC,CC,TC
rs4723859,GG,AG,GG,GG,AA,GG,GG,GG,GG,GG,AG,AG,GG,AG
rs7786697,TC,CC,TC,CC,CC,TC,TC,TC,CC,TC,CC,CC,TC,TC
rs12701735,TT,TT,TT,GG,TT,TT,TT,TT,TG,TT,TG,TT,TT,TT
rs12533451,GG,GG,GG,TT,GG,GG,GG,GG,TG,GG,GG,GG,GG,GG
rs2237413,AG,AA,AG,AA,GG,AA,AG,AA,AA,AA,AA,AG,AG,GG
rs2074937,GG,GG,GG,AA,GG,GG,GG,GG,AG,GG,GG,GG,GG,GG
rs2329388,TC,CC,TC,TT,TT,CC,TC,CC,TC,CC,TC,TC,TC,TT
rs6962623,CC,TC,TC,CC,CC,TT,CC,TC,TC,CC,TC,TC,TC,CC
rs6946515,TT,TT,TT,TT,TT,TT,TT,TT,TT,TT,TC,TT,TT,TT
rs12672997,AG,GG,AG,GG,GG,GG,AG,GG,GG,GG,GG,GG,AG,AG
rs17686832,GG,GG,GG,GG,GG,GG,GG,GG,GG,GG,GG,GG,GG,GG
rs6462914,TG,TT,TG,TT,TT,TT,TG,TT,TT,TT,TT,TT,TG,TG
rs6942833,TT,TT,TT,CC,TT,TT,TT,TT,TC,TT,TT,TT,TT,TT
rs1990243,AG,AA,AG,GG,AA,AA,AG,AA,AG,AA,AA,AA,AG,AG
rs10256992,TC,CC,CC,CC,TT,CC,TC,CC,CC,CC,CC,TC,TC,TC
rs10227915,AG,AA,AA,AA,AA,AA,AG,AA,AA,AA,AA,AA,AG,AA
rs10951603,AG,AA,AA,GG,GG,AA,AG,AA,AG,AG,AG,AG,AG,AG
rs2190893,AG,AA,AG,GG,AA,AA,AG,AA,AG,AA,AA,AG,AG,AA
rs10248165,AG,AA,AG,GG,GG,AA,AG,AA,AG,AA,AA,AG,AG,AG
rs917400,TT,TT,TT,TT,CC,TT,TT,TT,TT,TT,TT,TT,TT,TC
rs7789243,AA,AA,AA,AA,AA,AA,AA,AA,AA,AA,AA,AA,AA,AA
rs10259786,AG,AA,AG,GG,AA,AA,AG,AA,AG,AA,AA,AG,AG,AA
rs2237400,AG,AA,AG,GG,AA,AA,AG,AA,AG,AA,AA,AG,AG,AA
rs2024101,CC,CC,AC,AA,CC,CC,AC,CC,AC,CC,CC,AC,CC,CC
rs17619647,TC,TC,TC,CC,CC,TT,TC,TC,TC,CC,TT,TC,TT,TC
rs3819426,GG,GG,AG,AG,GG,GG,AG,GG,AG,GG,GG,AG,GG,GG
rs17712867,GG,GG,GG,AG,GG,GG,GG,GG,AG,GG,GG,GG,GG,GG
rs2302123,AA,AA,AG,AG,AA,AA,AG,AA,AG,AA,AA,AG,AA,AA
rs17171578,CC,CC,CC,CC,CC,CC,CC,CC,CC,CC,CC,CC,CC,CC
rs1155269,TT,TT,TG,TG,TT,TT,TG,TT,TG,TT,TT,TG,TT,TG
rs17619856,CC,CC,TC,CC,CC,CC,TC,CC,CC,CC,CC,TC,CC,CC
rs12533673,TG,GG,GG,GG,GG,GG,GG,TG,GG,TT,GG,GG,GG,GG
rs4253618,GG,GG,GG,GG,GG,GG,GG,GG,GG,GG,GG,GG,GG,GG
rs4253782,AG,GG,GG,GG,GG,GG,GG,GG,GG,GG,GG,GG,GG,GG
rs4253623,AA,AA,AA,AA,AG,AG,AG,AA,GG,AG,AA,AA,AG,AA
rs4253624,TT,TT,TT,TT,TT,TT,TT,TT,TT,TT,TT,TT,TT,TT
rs135552,TT,TC,TC,TT,TT,TT,TC,TT,TT,TT,TT,TT,TC,TC
rs135551,GG,AG,AG,GG,GG,GG,AG,GG,GG,GG,GG,GG,AG,AG
rs135549,TT,TC,TC,TT,TC,TC,CC,TT,CC,TC,TT,TT,TC,TC
rs4253783,GG,GG,GG,GG,GG,GG,GG,GG,GG,GG,GG,GG,GG,GG
rs4253636,CC,CC,CC,CC,CC,CC,CC,CC,CC,CC,CC,CC,CC,CC
rs135542,TT,TC,TC,TT,TT,TT,TC,TT,TT,TT,TT,TT,TC,TC
rs129600,AA,AG,AG,AA,AA,AA,AG,AA,AA,AA,AA,AA,AG,AG
rs9627046,GG,GG,GG,GG,AG,AG,AG,GG,AA,AG,GG,GG,GG,GG
rs4253638,AA,AA,AA,AA,AA,AA,AA,AA,AA,AA,AA,AA,AA,AA
rs4253639,AA,AA,AA,AA,AA,AA,AA,AA,AA,AA,AA,AA,AA,AA
rs5769184,CC,CC,CC,CC,CC,CC,CC,CC,CC,CC,CC,CC,CC,CC
rs4253653,TT,TT,TT,TT,TT,TT,TT,TT,TT,TT,TT,TT,TT,TT
rs4253654,GG,GG,GG,GG,GG,GG,GG,GG,GG,GG,GG,GG,GG,GG
rs4253655,AG,GG,AA,AA,GG,AG,GG,GG,GG,GG,AG,AG,GG,GG
rs4253786,AA,AA,AA,AA,AA,AA,AA,AA,AA,AA,AA,AA,AA,AA
rs9626736,AG,AG,GG,GG,GG,GG,AG,AA,AG,AG,GG,GG,AA,AA
rs9626737,AA,AA,AA,AA,AA,AA,AA,AA,AA,AA,AA,AA,AA,AA
rs4253662,GG,GG,GG,GG,GG,GG,GG,GG,GG,GG,GG,GG,GG,AG
rs4253679,GG,GG,GG,GG,GG,GG,GG,GG,GG,GG,GG,GG,GG,GG
rs1555208,GG,TT,GG,GG,GG,GG,GG,GG,GG,TG,GG,TG,GG,GG
rs4253682,GG,GG,GG,GG,GG,GG,GG,GG,GG,GG,GG,GG,GG,GG
rs4253683,AA,AA,AA,AA,AA,AA,AA,AA,AA,AA,AA,AA,AA,AA
rs4253685,TT,TT,TT,TT,TT,TT,TT,TT,TT,TT,TT,TT,TT,TT
rs4253688,CC,CC,CC,CC,CC,CC,CC,CC,CC,CC,CC,CC,CC,CC
rs4253691,TT,TT,TT,TT,TT,TT,TT,TT,TT,TT,TT,TT,TT,TT
rs4253693,AA,AA,AA,AA,AA,AA,AA,AA,AA,AA,AA,AA,AA,AA
rs4253694,CC,CC,CC,CC,CC,CC,CC,CC,CC,CC,CC,CC,CC,CC
rs9627100,GG,GG,GG,GG,GG,GG,GG,GG,GG,GG,GG,GG,GG,GG
rs7364220,AG,AA,AG,AG,AG,AA,AA,AA,AG,AA,AG,AA,AA,AA
rs4253698,CC,CC,CC,CC,CC,CC,CC,CC,CC,CC,TC,CC,CC,CC
rs4253699,TC,TT,TC,TC,TC,TT,TT,TT,TC,TT,TC,TT,TT,TT
rs4253791,TT,TT,TT,TT,TT,TT,TT,TT,TT,TT,TT,TT,TT,TT
rs4253701,GG,GG,AG,GG,GG,GG,GG,GG,GG,GG,AG,GG,GG,GG
rs12330015,AA,AG,AG,AA,AA,AA,AA,AA,AA,AA,AA,AG,AA,AA
rs4253711,GG,AG,AG,AG,AG,GG,GG,AG,AG,GG,GG,AG,GG,GG
rs4253712,AA,AG,AG,AG,AG,AA,AA,AG,AG,AA,AA,AG,AA,AA
rs4823613,AA,AG,GG,AG,AG,AG,AA,AG,AG,AA,AA,AG,AA,AA
rs5766743,AA,AG,GG,AG,AG,AG,AA,AG,AG,AA,AA,AG,AA,AA
rs4253721,TC,TT,TT,TC,TT,TT,TT,TT,TT,TC,TT,TT,TT,TT
rs4253724,TT,AT,AT,AT,AT,AT,TT,AT,AT,TT,TT,AT,TT,TT
rs4253725,TT,AT,AT,AT,AT,AT,TT,AT,AT,TT,TT,AT,TT,TT
rs4253728,GG,AG,AA,AG,AG,AG,GG,AG,AG,GG,GG,AG,GG,GG
rs4253747,TT,AT,AT,AT,AT,TT,TT,AT,AT,TT,TT,AT,TT,TT
rs4253754,GG,AG,AG,AG,AG,GG,GG,AG,AG,GG,GG,AG,GG,GG
rs4253755,GG,AG,GG,AG,AG,GG,GG,AG,AG,GG,GG,AG,GG,GG
rs1800246,GG,GG,GG,GG,GG,GG,GG,GG,GG,GG,GG,GG,GG,GG
rs1800234,TT,TT,TT,TT,TT,TT,TT,TT,TT,TT,TT,TT,TT,TT
rs1800235,CC,CC,CC,CC,CC,CC,CC,CC,CC,CC,CC,CC,CC,CC
rs4253756,CC,CC,CC,CC,CC,CC,CC,CC,CC,CC,CC,CC,CC,CC
rs4253757,AA,AA,AA,AA,AA,AA,AA,AA,AA,AA,AA,AA,AA,AA
rs6008197,GG,CG,CG,CG,GG,GG,GG,GG,GG,GG,GG,CG,GG,GG
rs6007662,AA,GG,AG,AG,AG,AA,AG,AG,AG,AA,AA,AG,AA,AA
rs4253765,CC,TC,TC,TC,TC,CC,TC,TC,TC,CC,TC,TC,CC,CC
rs11090819,GG,GG,GG,GG,GG,GG,GG,GG,GG,GG,GG,GG,GG,GG
rs4253772,CC,TC,CC,TC,TC,CC,TC,TC,TC,CC,TC,TC,CC,CC
rs1042311,CC,CC,CC,CC,CC,CC,CC,CC,CC,CC,CC,CC,CC,CC
rs4253773,CC,CC,CC,CC,CC,CC,CC,CC,CC,CC,CC,CC,CC,CC
rs4253776,AA,AG,AA,AG,AG,AA,AG,AG,AG,AA,AG,AG,AA,AA
rs4253780,TT,TT,TT,TT,TT,TT,TT,TT,TT,TT,TT,TT,TT,TT
rs9615784,GG,GG,GG,GG,GG,GG,GG,GG,GG,GG,GG,GG,GG,GG
rs7286168,CC,CC,CC,CC,CC,CC,CC,CC,CC,CC,CC,CC,CC,CC
rs9626814,GG,AG,GG,AG,AG,GG,AG,AG,AG,GG,AG,AG,GG,GG
rs1055659,CC,TC,TC,TC,TC,CC,TC,TC,TC,CC,TC,TC,CC,CC
rs11704508,AA,AG,AA,AG,AG,AA,AG,AG,AG,AA,AG,AG,AA,AA
rs666334,GG,GG,AA,AG,AA,GG,AG,GG,AG,GG,AG,AA,AG,GG
rs666214,GG,TG,GG,GG,GG,GG,GG,TG,GG,GG,GG,GG,GG,TG
rs17033965,AG,GG,GG,GG,GG,AG,GG,GG,AG,AG,AG,GG,GG,GG
rs585156,TT,CC,TT,TT,TT,CC,TT,CC,TT,TC,TT,TT,TC,TC
rs556650,CC,TC,CC,CC,CC,TC,CC,TT,CC,CC,CC,CC,CC,TC
rs3213438,AA,AC,AA,AA,AA,AA,AA,AA,AA,AA,AA,AA,AA,AA
rs12185636,AA,AA,AA,GG,AA,AG,AA,AA,AG,AG,AG,AA,AA,AA
rs2285024,CC,CC,TC,TT,TC,CC,CC,TC,TT,CC,TT,CC,CC,TC
rs506134,AG,GG,AG,GG,AG,AG,AG,AG,GG,GG,GG,AA,AG,AG
rs645565,CC,CC,CC,CC,TC,CC,CC,CC,CC,CC,CC,TC,CC,CC
rs542413,AG,GG,AA,AG,AA,GG,AA,AA,AA,GG,AA,AG,AG,AA
rs6720782,CC,CC,CC,CC,CC,CC,CC,TC,CC,CC,TC,CC,TC,TC
rs629772,TC,TT,CC,TC,CC,TT,TC,TC,CC,TT,TT,TC,TT,TC
rs656823,GG,GG,AG,GG,AG,GG,AG,GG,GG,GG,GG,AG,GG,GG
rs11674329,AA,AA,AC,AC,AC,AC,AC,AA,CC,AA,AA,AC,AA,AC
rs483404,GG,GG,AG,GG,AG,GG,AG,AG,GG,GG,AG,AG,AG,AG
rs6746467,TT,TT,TT,TT,TT,TC,TT,TT,TT,TT,TT,TC,TT,TT
rs11899394,CC,CC,CC,CC,CC,CC,TC,CC,CC,CC,CC,CC,CC,CC
rs642200,AA,CC,AA,AC,AA,AC,AA,AA,AA,AC,AC,AA,AC,AA
rs6709673,GG,GG,AG,GG,AG,GG,AG,GG,GG,GG,GG,AG,GG,GG
rs1464573,CC,TT,TC,TC,TC,TT,TT,CC,CC,CC,TT,TT,TT,TC
rs7606454,CC,CC,CC,CC,CC,CC,CC,CC,CC,CC,TC,CC,TC,TC
rs6725257,GG,AG,AG,GG,AG,GG,AG,GG,GG,GG,GG,AG,GG,GG
rs7577664,TC,TT,TT,TT,TT,TT,TT,TT,TT,CC,TC,TT,TT,TT
rs1464572,TC,CC,TC,TC,TC,TC,CC,TT,TT,CC,CC,TC,CC,TC
rs4557033,AG,AG,GG,AG,GG,AG,GG,GG,GG,AA,AA,GG,AA,AG
rs10201978,TC,TT,TT,TT,TT,TT,TT,TC,TT,CC,TT,TT,TC,TT
rs6740453,GG,GG,GG,GG,GG,GG,GG,GG,GG,GG,GG,GG,GG,GG
rs952331,AG,AG,GG,AG,GG,AG,GG,GG,AG,AA,AG,AG,AG,AG
rs2176347,TG,TG,TT,TT,TT,TG,TT,TG,TT,GG,TG,TG,TG,TG
rs1878383,AG,AG,AA,AA,AA,AG,AA,AG,AA,GG,AG,AG,AG,AG
rs1878384,TC,TC,CC,CC,CC,TC,CC,TC,CC,TT,TC,TC,TC,TC
rs7424090,AG,AG,GG,GG,GG,AG,GG,AG,GG,AA,AG,AG,AG,AG
rs6716268,AG,GG,GG,GG,AG,AG,GG,AG,GG,AA,AG,AG,GG,AG
rs11125030,AG,GG,GG,AG,AG,AG,GG,AG,GG,AA,AG,AG,GG,AG
rs4953245,AG,AG,AG,AG,AG,AG,AG,AG,GG,AA,AA,AG,GG,GG
rs6757543,AC,AA,AA,AA,AC,AC,AA,AC,AA,CC,AA,AA,AA,AA
rs7579246,AA,AA,AA,AA,AA,AA,AA,AA,AA,AA,AA,AA,AA,AC
rs1533476,TC,TC,CC,CC,TC,TT,CC,TT,CC,TT,TC,TT,CC,TC
rs940052,AG,AG,GG,AG,AG,AA,GG,AA,GG,AA,AG,AA,GG,AG
rs6716622,GG,GG,GG,AG,GG,GG,GG,GG,GG,GG,GG,GG,GG,GG
rs1468042,AG,AG,GG,GG,AG,AA,GG,AA,GG,AA,AG,AA,GG,AG
rs7582320,AA,AA,AG,AG,AG,AA,AG,AG,AG,AA,AA,AA,AG,AA
rs4953251,TC,TT,TC,TT,TC,TC,TT,TC,CC,TT,CC,TC,TT,CC
rs3924523,AA,AA,AA,AA,AA,AA,AA,AA,AA,AA,AA,AA,AA,AG
rs13401638,TG,GG,TG,GG,GG,TG,GG,TG,TT,GG,TT,TG,GG,TG
rs13404751,AG,GG,AG,GG,GG,AG,GG,AG,AA,GG,AA,AG,GG,AA
rs13404973,AG,GG,AG,GG,GG,AG,GG,AG,AA,GG,AA,AG,GG,AG
rs4446102,TT,TT,TC,CC,TC,TT,TC,TC,TT,TC,TT,TT,TC,TT
rs4952771,CC,CC,TC,TT,TC,CC,TC,TC,CC,TC,CC,CC,TC,CC
rs6758953,AA,AG,AG,GG,AG,AG,GG,AG,AG,GG,AA,AG,GG,AG
rs13002562,AA,AG,AG,GG,AG,AG,GG,AG,AG,GG,AA,AG,GG,AG
rs13017423,GG,AG,AA,AA,AG,AG,AA,AG,AG,AA,GG,AG,AA,AG
rs4264601,CC,TT,TT,TT,TC,TC,TT,TC,TC,TT,CC,TC,TT,CC
rs6707046,TT,TT,TT,TT,TT,TT,TT,TT,TT,TT,TC,TT,TT,TT
rs10191412,AA,AA,AA,AA,AA,AC,AA,AA,AA,AA,CC,AC,AA,AA
rs10170073,GG,GG,AG,AG,GG,GG,AG,AG,AG,AA,AA,GG,GG,GG
rs11898209,AA,AA,AG,AA,AA,AA,AA,AG,AG,AG,AA,AA,AA,AA
rs4952775,CC,CC,TC,TT,CC,CC,TC,TC,TC,TC,TT,CC,CC,CC
rs6544852,CC,CC,CC,CC,CC,CC,CC,TC,TC,TC,CC,CC,CC,CC
rs6720975,TT,TT,CC,CC,TT,TT,TC,CC,CC,CC,CC,TT,TT,TC
rs6743144,AA,AA,AG,GG,AA,AA,GG,AG,AG,GG,GG,AA,AA,AA
rs10164633,AA,AA,AA,AG,AA,AA,AG,AG,AG,AG,AG,AA,AA,AA
rs4296473,GG,AA,GG,GG,AG,GG,GG,GG,GG,GG,AG,GG,GG,GG
rs7593800,TT,CC,CC,TT,TC,TT,TT,TC,TC,TT,TC,TT,TT,TC
rs4953262,GG,AA,AA,AG,AG,GG,AG,AG,AG,AG,AA,GG,GG,AG
rs3886870,GG,GG,AG,AG,GG,GG,AG,GG,GG,AG,AG,GG,GG,GG
rs7596891,CC,CC,CC,CC,CC,CC,CC,CC,CC,CC,CC,CC,CC,CC
rs935672,TC,CC,CC,TC,TC,CC,CC,CC,TC,CC,TC,TC,TC,CC
rs11125034,GG,AA,GG,GG,GG,GG,AG,GG,GG,GG,GG,AG,GG,GG
rs7559522,GG,GG,GG,AG,AG,AG,AA,GG,AG,GG,GG,AA,AG,AG
rs6747706,AA,AA,AA,AA,AA,AA,AC,AA,AA,AA,AA,AA,AA,AA
rs10175198,AG,GG,AA,AA,AG,AG,AA,GG,AG,AG,AA,AG,AG,AG
rs4952779,AG,GG,AG,AA,AG,AG,AA,GG,AG,AG,AA,AG,AG,AG
rs6738409,TC,CC,TC,TT,TC,TC,TC,CC,TC,TC,TT,TC,TC,TC
rs7591351,TC,CC,TC,TT,TC,TC,TC,CC,TC,TC,TT,TC,TC,TC
rs6732900,TC,CC,TC,TT,TC,TC,TC,CC,TC,TC,TC,TC,TC,TC
rs6761327,AG,GG,AG,GG,AG,AG,AG,AA,AG,AG,AG,AG,AG,AG
rs3896679,GG,TT,GG,GG,GG,GG,GG,TG,GG,GG,GG,GG,GG,GG
rs6719779,TC,CC,TC,TT,TT,TC,TC,CC,TT,TT,TC,TC,TC,TT
rs10166692,TT,TT,TT,TT,TC,TT,TT,TT,TC,TC,TT,TT,TT,TC
rs6756452,GG,GG,GG,GG,GG,AG,AG,GG,AG,GG,GG,GG,GG,AG
rs6760363,AG,GG,AG,GG,GG,AG,GG,AG,GG,AG,AA,AA,AA,GG
rs7581914,AG,AA,AG,AA,AG,AA,AA,AG,AA,GG,GG,GG,GG,AA
rs7558378,TC,TT,TC,TC,CC,TC,TC,TC,CC,TT,TT,TT,TT,TC
rs4953274,CC,CC,CC,CC,TC,TC,CC,CC,CC,TT,TC,TC,TC,CC
rs4953276,AC,AA,CC,AA,CC,CC,CC,CC,CC,CC,CC,CC,CC,AC
rs1947195,CC,CC,CC,CC,CC,TC,TT,CC,TC,CC,CC,CC,CC,CC
rs4953277,CC,TT,CC,TC,CC,CC,CC,CC,CC,CC,CC,CC,CC,TC
rs12465045,AG,AA,GG,AA,GG,GG,AG,GG,AG,GG,GG,GG,GG,AG
rs935653,TC,TT,CC,TT,CC,CC,TC,CC,TC,CC,CC,CC,CC,TC
rs10460535,GG,GG,GG,GG,GG,GG,GG,GG,GG,GG,GG,GG,GG,GG
rs3911797,AG,GG,AG,GG,GG,AG,AG,GG,GG,GG,AG,AG,AG,GG
rs10179520,AG,GG,AA,GG,AG,AA,GG,GG,GG,AA,AA,AA,AA,GG
rs10181963,AC,CC,AC,CC,CC,CC,CC,CC,CC,CC,AC,AC,AC,CC
rs10189339,AA,AA,AA,AA,AG,AA,AA,GG,AG,AA,AA,AA,AA,AG
rs4952787,GG,AA,GG,AG,GG,AG,AG,GG,GG,GG,GG,GG,GG,AG
rs11889501,CC,CC,CC,CC,CC,CC,CC,CC,CC,CC,CC,CC,CC,CC
rs11125038,AG,AA,AG,AG,GG,GG,AG,GG,GG,GG,AG,AG,AG,AG
rs11125039,AG,GG,AA,GG,AA,AG,GG,AA,AG,AA,AA,AA,AA,AG
rs1966813,TG,TT,TT,TG,TG,TG,GG,GG,GG,TT,TT,TT,TT,TG
rs7585985,TC,TC,TC,TC,TC,TC,TC,TT,TT,TT,TC,TT,TC,TC
rs2122110,GG,GG,AG,GG,GG,GG,AG,GG,GG,AG,GG,AA,AG,GG
rs4245804,GG,AG,GG,GG,AA,AG,GG,AG,AG,AG,AG,AG,GG,AG
rs13384667,TT,TT,TT,TT,TT,TT,TT,TT,TT,TT,TT,TT,TT,TT
rs13400225,GG,AG,GG,GG,AA,AG,AG,AG,AG,AG,AG,AG,GG,AG
rs10185201,AG,GG,AG,GG,GG,AG,GG,GG,GG,GG,AG,GG,AG,GG
rs10201568,AG,AG,AG,GG,AA,AG,AG,AG,AG,AA,AG,AG,GG,AG
rs1375341,GG,TG,GG,GG,GG,TG,GG,TG,TG,TG,GG,GG,GG,TG
rs13010241,CC,TC,CC,TC,TT,TT,CC,TC,TC,TT,TT,TT,TT,TC
rs13011605,TC,TT,TC,TT,TT,TT,TT,TT,TT,TT,TT,TT,TT,TT
rs6720958,CC,CC,CC,CC,CC,CC,CC,CC,CC,CC,CC,CC,CC,CC
rs13036100,AA,GG,AA,AG,GG,GG,AA,AG,AG,GG,AG,GG,GG,AG
rs12999695,AA,GG,AA,AG,GG,GG,AA,AG,AG,GG,AG,GG,GG,AG
rs7577540,CC,CC,CC,CC,CC,CC,CC,CC,CC,CC,CC,CC,CC,CC
rs10206343,TT,CC,TC,TT,TT,TT,TC,TT,TT,TT,TC,TC,TC,TT
rs7578578,TT,TC,TC,TT,TC,TC,TT,TT,TC,TC,TT,TC,TC,CC
rs12712955,GG,AA,AG,GG,AG,AG,AG,GG,AG,AG,AG,AG,AA,AA
rs2595192,TT,TG,TT,TT,TT,TT,TT,TT,TT,TT,TT,TG,TG,TT
rs2711292,GG,GG,GG,GG,AG,AG,GG,GG,AG,AG,GG,GG,GG,AG
rs2711299,CC,TC,CC,CC,TC,TC,TC,CC,TC,TC,TC,CC,TC,TC
rs12466402,TT,GG,TT,TT,TG,TG,TG,TT,TG,TG,TG,TG,GG,GG
rs6750700,AA,AC,AA,AA,AC,AC,AA,AA,AC,AC,AA,AC,AC,CC
rs6751349,CC,AC,CC,CC,CC,CC,AC,CC,CC,CC,AC,CC,AC,CC
rs2711293,GG,GG,GG,GG,TG,TG,GG,GG,TG,TG,GG,GG,GG,TG
rs1463162,AA,AA,AA,AA,AG,AG,AA,AA,AG,AG,AA,AG,AA,GG
rs2711305,GG,TT,GG,GG,TG,TG,TT,TG,TT,TG,TG,TT,TT,TG
rs4953292,AG,AA,GG,AG,GG,AG,AG,AG,GG,AG,AG,GG,GG,AG
rs2595202,TG,TT,GG,TG,TG,TG,TG,TG,TG,TT,TG,TG,TG,TT
rs2595203,AG,GG,AG,AG,AG,GG,AG,GG,AG,GG,AG,AG,AG,GG
rs6715568,AA,AA,AA,AA,AA,AG,AA,AG,AA,AA,AA,AA,AA,AA
rs6706140,TT,CC,TC,CC,TC,TC,TC,TC,TT,TC,TC,TT,TT,CC
rs7607360,GG,AA,AA,AA,AG,AA,AA,AG,AA,AA,AG,AG,AG,AG
rs2711303,TT,TT,TT,TT,TG,TT,TG,TT,TG,TG,TT,TG,TG,TT
rs1562653,AC,CC,AA,AC,AC,AC,AC,AA,AA,AC,AC,AA,AA,CC
rs6751933,CC,CC,CC,CC,CC,TC,CC,TT,CC,CC,CC,CC,CC,CC
rs753572,TC,CC,TT,TC,CC,TC,CC,TT,TC,CC,TC,TC,TC,CC
rs12464563,TC,TT,CC,TC,TC,TT,TC,TT,CC,TC,TC,CC,CC,TT
rs7594827,AA,CC,AC,AC,AC,AC,AA,AA,AA,AC,AA,AA,AA,AC
rs4953294,GG,AA,AG,AG,AG,AG,GG,GG,GG,AG,GG,GG,GG,AG
rs2245633,TC,CC,CC,CC,TC,CC,TC,TC,TT,TT,CC,TC,TC,TC
rs2595214,AG,AA,AG,AG,AA,AG,AG,AG,AA,AA,GG,AG,AG,AA
rs2711302,AG,AA,AG,AG,AA,AA,AG,AA,AA,AA,GG,AG,AG,AA
rs12622193,CC,AA,AC,AC,AC,AC,CC,CC,CC,CC,CC,CC,CC,AC
rs2122113,TC,CC,TC,TC,TC,TC,TT,TC,TT,TT,TT,TT,TT,CC
rs2595218,AA,GG,AG,AG,GG,AG,AG,AA,GG,GG,AG,AG,AG,AG
rs6755308,AG,GG,GG,GG,GG,GG,GG,AG,GG,GG,GG,GG,GG,AG
rs2595221,TC,CC,TC,TC,CC,CC,TC,CC,CC,CC,TC,TC,TC,CC
rs2255094,CC,CC,CC,CC,AC,CC,AC,CC,AA,AA,AC,AC,AC,CC
rs1987070,CC,CC,CC,CC,AC,CC,AC,CC,AA,AA,AC,AC,AC,CC
rs3738901,AA,AG,AG,AG,AG,AG,AA,AA,AA,AA,AA,AA,AA,AG
rs13402503,AA,AA,AA,AA,AA,AG,AA,GG,AA,AA,AA,AA,AA,AA
rs7581295,TC,CC,CC,CC,TC,TC,TC,TT,TT,TT,TC,TC,TC,TC
rs10167883,TC,TT,TT,TT,TT,TC,TT,CC,TT,TT,TT,TT,TT,TC
rs6544868,TC,TC,TT,TT,TC,TC,TC,CC,CC,CC,TC,TC,TC,TC
rs13024806,AC,AA,AA,AA,AA,AA,AA,AA,AA,AA,AA,AA,AA,AC
rs7600159,AG,GG,GG,GG,AG,AG,AG,AA,AA,AA,AG,AG,AG,AG
rs1009399,AA,AG,AA,AA,AG,AG,AG,GG,GG,GG,AG,AG,AG,AA
rs1470598,AA,AA,AA,AA,AG,AA,AG,AA,GG,GG,AG,AG,AG,AA
rs13420874,TT,TC,TT,TT,TC,TC,TC,CC,CC,CC,TC,TC,TC,TT
rs13024907,TC,TC,CC,CC,TC,CC,TC,TC,TT,TC,TC,TC,TC,TC
rs6751805,AG,AA,AA,AA,AA,AA,AA,AG,AA,AA,AA,AA,AA,AG
rs921183,AA,AC,AA,AA,AA,AA,AA,AC,AA,AA,AA,AC,AA,AA
rs12994911,TT,TC,TT,TT,TC,TC,TC,TT,CC,TC,TC,TC,TC,TT
rs13405039,AA,AA,AA,AA,AA,AA,AA,AG,AA,AA,AA,AG,AA,AA
rs12712962,TT,CC,TC,TC,TC,TC,CC,TC,CC,TC,CC,CC,TC,TC
rs12712963,AA,AG,AA,AA,AG,AG,AG,AG,GG,AG,AG,GG,AG,AG
rs6742625,TG,TG,GG,GG,GG,TG,TT,TT,GG,TG,TG,TT,TG,TG
rs6742737,GG,AG,AG,AA,AA,AG,GG,GG,AG,AG,AG,GG,GG,GG
rs12467673,AC,AC,AC,AC,AC,AA,AA,AC,CC,AA,AA,AA,AC,AC
rs6712557,AG,GG,AG,GG,GG,GG,GG,GG,AG,GG,GG,GG,GG,AG
rs11125048,TC,CC,TC,CC,TC,CC,CC,CC,TT,CC,CC,CC,CC,TC
rs17034455,CC,TC,CC,TC,CC,CC,CC,CC,CC,CC,CC,TC,CC,TC
rs1124787,AC,AA,AC,AA,AA,AC,AC,CC,AC,AA,AA,AC,AC,AA
rs1868271,TT,TC,TT,TC,TT,TT,TC,TT,TT,TT,TT,CC,TT,TC
rs3768761,AA,AA,AA,AA,AA,AA,AA,AA,AA,AA,AA,AA,AA,AA
rs3768760,TC,TT,TC,TT,TT,TC,TC,CC,TC,TT,TT,TC,TC,TC
rs2345955,TC,TT,TT,TT,TT,TT,TC,TT,TT,TT,TT,TC,TT,TT
rs10167555,TG,GG,GG,GG,GG,GG,TG,GG,GG,GG,GG,TG,GG,GG
rs12993373,TC,TC,TC,TC,CC,TC,TC,TT,TC,CC,CC,TT,TC,TC
rs13024886,AG,GG,AG,GG,GG,AG,AG,AA,AG,GG,GG,AG,AG,AG
rs3768757,TC,TC,TT,TC,TT,TC,TC,TT,TT,TT,TT,CC,TT,CC
rs3754573,CC,TC,TC,CC,CC,CC,CC,TC,CC,CC,TC,TC,TC,TC
rs12712970,AA,AA,AA,AA,AA,AG,AG,AA,AA,AA,AA,AA,AA,AA
rs10865212,TT,TT,TT,TT,TT,TG,TG,TT,TT,TT,TT,TT,TG,TT
rs1597158,CC,AC,AC,CC,CC,CC,CC,AC,CC,CC,AC,AC,AC,AC
rs1375055,AA,AA,AA,AA,AA,AG,AG,AA,AA,AA,AA,AA,AA,AA
rs3768753,GG,AG,AG,GG,GG,GG,GG,AG,GG,GG,AG,AG,AG,AG
rs12616328,AA,AA,AA,AA,AA,AG,AG,AA,AA,AA,AA,AA,AA,AA
rs3768751,TT,TT,TC,TT,TC,TT,TT,CC,TC,TT,TT,TT,TC,TT
rs12623399,TT,TT,TT,TT,TT,TT,TT,TT,TT,TT,TT,TT,TT,TT
rs3754569,TG,TT,TG,TT,TG,TG,GG,GG,TT,TT,GG,TG,TG,TT
rs10495927,AG,AA,AG,AA,AG,AG,AG,GG,AA,AA,AG,AG,AG,AA
rs10495928,AG,AA,AG,AA,AG,AG,AG,GG,AA,AA,AG,AG,AG,AA
rs4952801,TC,TT,TC,TT,TT,TC,TC,CC,TT,TT,TC,TC,TC,TT
rs4953318,AC,AA,AC,AA,AC,AC,AC,CC,AA,AA,AC,AC,AC,AA
rs13406773,TC,TT,TC,TT,TC,TC,TC,CC,TT,TT,TC,TC,TC,TT
rs6724315,TT,TT,TT,TT,TT,TC,TT,TT,TT,TT,TT,TT,TC,TT
rs4952803,TT,TT,TT,TT,TT,TT,TC,TT,TT,TT,TC,TT,TT,TT
rs2053797,AG,GG,GG,GG,AG,AG,AG,GG,GG,GG,AG,AG,GG,GG
rs3754568,TC,TT,TC,TT,TC,CC,TC,CC,TT,TT,TC,TC,CC,TT
rs10495930,AA,AA,AA,AA,AG,AG,AG,AA,AA,AA,AG,AG,AA,AA
rs7604415,AA,AA,AG,AA,AA,AA,AA,GG,AA,AA,AA,AA,AG,AA
rs4953320,TT,TT,TT,TT,TC,TT,TC,TT,TT,TT,TC,TT,TT,TT
rs4952805,AA,AA,AA,AA,AA,AA,AG,AA,AA,AA,AG,AA,AA,AA
rs10205024,AG,GG,AG,GG,AG,AG,AG,AG,AG,GG,AA,GG,AG,AG
rs2034360,TT,TT,TT,TT,TT,TC,TC,TT,TT,TT,CC,TT,TC,TT
rs2278775,GG,AA,AG,AA,AG,AG,AG,AG,AG,AA,GG,AA,GG,AG
rs3820729,TC,CC,CC,CC,TC,CC,CC,CC,CC,CC,CC,CC,CC,CC
rs11125055,GG,GG,GG,GG,GG,TG,TG,GG,GG,GG,TT,GG,TG,GG
rs951012,AC,CC,AC,CC,AC,AC,AC,AC,AC,CC,AA,CC,AC,AC
rs281477,CC,CC,CC,CC,CC,AC,AC,CC,CC,CC,AA,CC,AC,CC
rs281476,AA,AA,AG,AA,AA,AG,AG,AG,AG,AA,GG,AA,AG,AG
rs7601785,AG,GG,GG,GG,GG,GG,GG,GG,GG,GG,GG,GG,AG,GG
rs281472,AG,AA,AA,AA,AG,AA,AA,AA,AA,AA,AA,AA,AA,AA
rs281467,CC,CC,CC,CC,AC,AC,AC,CC,AC,AC,AA,CC,AC,AC
rs2594489,TC,TT,TT,TC,CC,TC,CC,TC,TC,CC,CC,TC,CC,CC
rs2594494,TC,TT,TC,TC,CC,TC,CC,CC,TC,TC,CC,CC,TC,CC
rs2592156,CC,CC,CC,CC,AC,AC,AC,CC,AC,AC,AC,AC,AC,CC
rs281508,AC,CC,AC,AC,AC,CC,CC,AA,AC,CC,CC,CC,CC,AC
rs281507,TC,TC,TT,TC,TC,CC,TC,TT,TC,TC,TC,TC,CC,TC
rs2278774,TT,TT,TT,TT,TT,TT,TT,TT,TT,TT,TT,TT,TT,TT
rs3738894,GG,GG,GG,GG,GG,GG,GG,GG,GG,GG,GG,GG,GG,GG
rs3738893,CC,CC,CC,CC,CC,CC,CC,CC,CC,CC,CC,CC,CC,CC
rs14138,GG,GG,GG,AG,AG,GG,GG,GG,GG,GG,GG,GG,GG,AG
rs8066385,CC,CC,TT,TT,CC,TT,CC,CC,CC,CC,CC,CC,CC,TT
rs1037037,AA,GG,GG,GG,GG,GG,AA,AA,AA,AA,AA,AA,AA,GG
rs4393623,AA,GG,GG,GG,GG,GG,AA,AA,AA,AA,AA,AA,AA,GG
rs11078421,TT,TT,CC,TT,TT,CC,TT,TT,TT,TT,TT,TT,TT,CC
rs7223173,AA,GG,GG,GG,GG,GG,AA,AA,AA,AA,AA,AA,AA,GG
rs12936834,GG,GG,GG,GG,GG,GG,AA,AA,AA,AA,GG,GG,GG,GG
rs9899848,TT,GG,TT,TT,GG,TT,TT,TT,TT,TT,TT,TT,TT,TT
rs9914901,GG,GG,GG,GG,GG,GG,GG,GG,GG,GG,GG,GG,GG,GG
rs8070707,CC,CC,CC,CC,CC,CC,TT,TT,TT,TT,TT,TT,TT,CC
rs2469862,CC,TT,TT,TT,TT,TT,TT,TT,TT,TT,TT,TT,TT,TT
rs11657284,TT,GG,TT,TT,GG,TT,TT,TT,TT,TT,TT,TT,TT,TT
rs1634411,CC,CC,TT,TT,CC,TT,CC,CC,CC,CC,CC,CC,CC,TT
rs6846,GG,TT,GG,GG,TT,GG,GG,GG,GG,GG,GG,GG,GG,GG
rs9890929,GG,GG,GG,GG,GG,GG,GG,GG,GG,GG,GG,GG,AA,GG
rs6502615,TT,TT,TT,CC,TT,TT,CC,CC,CC,CC,CC,CC,CC,CC
rs11654526,CC,CC,CC,CC,CC,CC,CC,TT,CC,CC,CC,TT,TT,CC
rs4244601,GG,GG,GG,GG,GG,GG,GG,GG,GG,GG,AA,GG,GG,GG
rs11078396,GG,GG,GG,GG,GG,GG,GG,TT,GG,GG,GG,TT,GG,GG
rs4925108,TT,TT,TT,CC,TT,TT,TT,CC,CC,TT,CC,CC,CC,CC
rs4925109,GG,GG,GG,AA,GG,GG,GG,GG,AA,GG,AA,GG,AA,AA
rs16961993,GG,GG,GG,GG,GG,GG,GG,GG,GG,GG,GG,GG,GG,GG
rs4924815,AA,AA,AA,AA,AA,AA,AA,AA,AA,AA,AA,AA,AA,AA
rs8066159,CC,CC,CC,CC,CC,CC,CC,TT,CC,CC,CC,TT,CC,CC
rs4925111,GG,GG,GG,GG,GG,GG,GG,GG,GG,GG,GG,GG,GG,GG
rs1006656,AA,AA,AA,AA,AA,AA,AA,GG,GG,AA,AA,GG,GG,GG
rs3818717,CC,CC,CC,TT,CC,CC,CC,TT,TT,TT,CC,TT,TT,TT
rs16962003,CC,CC,CC,CC,CC,CC,CC,CC,CC,CC,CC,CC,CC,CC
rs9904270,CC,CC,CC,CC,CC,CC,CC,CC,CC,CC,TC,CC,CC,CC
rs2715554,AG,GG,AA,AA,AG,AG,AA,AG,AG,AA,AA,AG,AA,AA
rs2715553,AA,AA,GG,GG,AG,AA,GG,AA,AA,GG,AG,AG,AG,GG
rs11653720,AA,AA,AA,AA,AA,AA,AA,AA,AA,AA,AA,AA,AA,AA
rs482284,AG,GG,GG,GG,GG,AG,GG,GG,GG,GG,AG,GG,GG,GG
rs9894845,TC,TT,TT,TT,TT,TT,TT,TT,TT,TT,TT,TT,TT,TT
rs2246292,CC,CC,CC,CC,CC,CC,CC,CC,CC,GG,GG,CC,GG,GG
rs755661,TT,TT,TC,TC,TC,TC,CC,CC,TC,TC,TT,CC,TC,CC
rs7613553,CC,CC,AC,AC,CC,AC,AC,AA,CC,AC,CC,AA,AC,AA
rs4416353,AA,AG,AA,AA,AA,AG,AA,AA,AG,AA,AG,AA,AA,AA
rs9284856,GG,GG,GG,GG,AG,GG,AG,GG,AG,GG,GG,GG,GG,GG
rs9284857,CC,CC,CC,CC,CC,CC,CC,CC,CC,CC,CC,CC,CC,CC
rs6800566,AA,AG,AG,AG,AG,AG,AG,AG,GG,AG,AG,GG,AG,AG
rs12631063,AA,AA,AA,AA,AG,AA,AG,AA,AG,AA,AA,AA,AA,AA
rs4681063,TC,TT,TC,TC,TC,TC,TC,TT,TC,TT,TT,TC,TC,TT
rs6793694,GG,AG,GG,GG,GG,GG,GG,AG,AG,AG,AG,GG,AG,AA
rs13070407,TT,TT,TT,TT,TT,TT,TT,TT,TT,TC,TC,TT,TC,TC
rs13314219,AA,AC,AA,AA,AA,AA,AA,AC,AC,AC,CC,AA,AC,CC
rs957950,AA,AA,AA,AA,AA,AA,AA,AA,AA,AA,AA,AG,AA,AA
rs7629902,AG,GG,GG,GG,AG,GG,GG,GG,GG,AG,GG,AG,GG,GG
rs6778350,GG,GG,GG,GG,GG,GG,GG,GG,GG,AG,GG,GG,AG,AG
rs7616467,TT,CC,TC,TT,TC,TT,CC,CC,CC,TC,CC,TT,TC,CC
rs4393871,CC,CC,CC,CC,CC,CC,TC,TC,TC,TC,TC,TC,CC,TC
rs7629478,TG,TT,TG,TT,TT,TT,TG,TT,TT,TG,TT,TT,TT,TG
rs4607073,TT,TG,TG,TT,TG,TG,TG,TG,TG,TG,TG,GG,TG,TT
rs6775425,TT,TT,TC,TT,TT,TC,TC,TC,TC,TT,TC,TC,TT,TT
rs13087022,CC,CC,CC,CC,CC,CC,CC,CC,CC,CC,CC,CC,CC,CC
rs1529672,CC,CC,AC,CC,CC,CC,CC,CC,CC,CC,CC,CC,CC,CC
rs2364120,AG,AA,AA,AG,AA,AA,AA,AA,AA,AA,AA,AA,AA,AA
rs13314209,GG,GG,GG,GG,GG,AG,AG,AG,AG,GG,AG,AG,GG,GG
rs1286661,AG,AA,AA,AG,AA,AA,AA,AA,AG,AA,AA,AA,AA,AA
rs1286664,CC,CC,TC,CC,CC,CC,CC,CC,CC,CC,CC,CC,CC,TC
rs7616278,AG,GG,AG,AG,GG,AG,AG,AG,AA,GG,AA,AG,GG,GG
rs1286654,CC,CC,AC,CC,CC,AC,CC,CC,AC,CC,AC,CC,CC,AC
rs11916491,GG,GG,GG,GG,GG,GG,AG,AG,AA,GG,AA,AG,GG,GG
rs1286648,TG,TT,TG,TG,TT,TG,TG,TG,GG,TT,GG,TG,TT,TG
rs2568875,AG,AA,AG,AG,AA,AG,AA,AA,AA,AA,AA,AA,AA,AG
rs1406575,AA,AA,AG,AA,AA,AG,AG,GG,GG,AA,GG,AG,AA,AA
rs1286644,AG,AA,AG,AG,AA,AG,AG,GG,AG,AA,AG,AG,AA,AG
rs1560633,CC,CC,TC,TC,CC,TC,TC,TT,TC,CC,TC,CC,CC,CC
rs1286646,AA,AA,AA,AA,AA,AG,AG,AG,AA,AA,AG,AG,AA,AA
rs6767543,AA,AA,AG,AA,AA,AG,AG,AG,AG,AA,AG,AG,AA,AG
rs1153589,AG,GG,AG,AG,GG,GG,GG,GG,AG,GG,GG,GG,GG,AG
rs6781783,CC,CC,CC,CC,CC,CC,CC,CC,CC,CC,CC,CC,CC,CC
rs1153594,CC,CC,TC,CC,CC,CC,CC,CC,CC,CC,CC,CC,CC,CC
rs1435703,TG,GG,GG,TG,GG,GG,GG,GG,GG,GG,GG,GG,GG,GG
rs1153596,AA,AA,AG,AA,AA,AA,AA,AA,AG,AA,AA,AA,AA,AG
rs6805350,TG,TT,TT,TG,TT,TT,TT,TT,TT,TT,TT,TT,TT,TT
rs7615754,AG,GG,GG,AG,GG,GG,GG,GG,GG,GG,GG,GG,GG,GG
rs1286754,TC,CC,TC,TC,TC,CC,CC,TC,TC,CC,CC,CC,CC,TC
rs1286757,TC,CC,TC,TC,TC,CC,CC,TC,TC,CC,CC,CC,CC,TC
rs1435705,GG,GG,GG,GG,AG,GG,GG,GG,AG,GG,GG,GG,GG,GG
rs17525900,TT,TT,TT,TT,TC,TT,TT,TT,TC,TT,TT,TT,TT,CC
rs1153603,TC,CC,TC,TC,CC,CC,CC,CC,TC,CC,CC,CC,CC,TC
rs1286760,CC,CC,TC,TC,TC,CC,CC,CC,CC,CC,CC,CC,CC,TC
rs1153606,AA,AA,AG,AG,AG,AA,AA,AA,AA,AA,AA,AA,AG,AG
rs1286665,TC,CC,TC,TT,TC,CC,CC,CC,CC,CC,CC,CC,CC,TC
rs1992005,GG,GG,GG,GG,GG,GG,GG,GG,GG,GG,GG,GG,GG,GG
rs1881703,AC,AC,AC,CC,AC,AC,AA,AA,AA,AA,AA,AA,AC,AC
rs7616062,CC,CC,TC,CC,TC,CC,CC,CC,CC,CC,CC,CC,CC,TC
rs7631979,TC,TC,TT,CC,TT,TC,TT,TC,TT,TT,TT,TT,TC,TT
rs11707637,AG,AG,AA,GG,AA,AG,AA,AG,AA,AA,AA,AA,AG,AA
rs1286771,TT,TT,TC,TT,TC,TT,TT,TT,TT,TT,TT,TT,TT,TC
rs1865613,AG,AA,AA,AG,AA,AA,AA,AA,AA,AA,AA,AA,AA,AA
rs4681027,TT,TT,TT,TG,TT,TT,TT,TT,TT,TT,TT,TT,TT,TT
rs1286769,AG,AG,AG,AA,AG,AG,GG,GG,GG,GG,GG,GG,AG,AG
rs17016718,TT,TC,TT,TT,TT,TC,TT,TT,TT,TT,TT,TT,TC,TT
rs1286762,GG,GG,AG,AG,AG,GG,GG,GG,GG,GG,GG,GG,GG,AG
rs17016738,CC,TC,CC,CC,CC,TC,CC,CC,CC,CC,CC,CC,TC,CC
rs17016773,CC,TC,CC,CC,CC,TC,CC,CC,CC,CC,CC,CC,TC,CC
rs17526839,AC,AA,AA,AC,AA,AA,AA,AA,AA,AA,AA,AA,AA,AA
rs1286729,CC,CC,CC,CC,CC,CC,CC,CC,CC,CC,CC,CC,CC,TC
rs6795340,AG,AG,GG,AA,AG,AG,AG,AG,GG,GG,GG,GG,AG,GG
rs4081949,AA,AA,AA,AG,AA,AA,AA,AG,AA,AA,AA,AA,AA,AA
rs3773445,AG,AG,AA,GG,GG,AG,AG,AG,AA,AA,AA,AA,AG,GG
rs1286733,TC,TC,TT,TC,CC,TC,TC,TT,TT,TT,TT,TT,TC,CC
rs1286738,CC,CC,CC,TT,TC,CC,TC,TC,CC,CC,CC,CC,CC,TT
rs17526942,CC,CC,CC,CC,CC,CC,CC,CC,CC,CC,CC,CC,CC,TC
rs3773439,TC,TT,TT,CC,CC,TC,TC,TC,TT,TT,TT,TT,TC,TC
rs1656463,GG,GG,GG,AG,AG,GG,AG,GG,GG,GG,GG,GG,GG,AG
rs3821629,TC,TT,TT,TC,TC,TC,TT,TC,TT,TT,TT,TT,TC,TT
rs7634326,AA,AA,AA,AA,AA,AA,AA,AA,AA,AA,AG,AA,AA,AA
rs868368,TT,TT,TT,TC,TT,TT,TT,TT,TT,TT,TT,TT,TT,TT
rs11917304,TT,TT,TT,CC,TC,TT,TC,TC,TT,TT,TT,TT,TT,TT
rs4681028,GG,GG,GG,TG,GG,GG,GG,TG,GG,GG,GG,GG,GG,TG
rs6782425,GG,GG,GG,AG,GG,GG,GG,AG,GG,GG,GG,GG,GG,GG
rs2164360,CC,CC,TC,CC,CC,CC,CC,TC,CC,CC,CC,CC,CC,CC
rs1975250,GG,GG,GG,GG,GG,GG,GG,GG,GG,GG,GG,GG,GG,GG
rs1058378,TT,TT,TT,TG,TT,TT,TT,TT,TT,TT,TT,TT,TT,TT
rs3741434,TT,TT,TT,TT,TC,TT,TT,TT,TT,TT,TT,TT,TT,TT
rs2229774,GG,GG,GG,GG,GG,GG,GG,GG,GG,AG,GG,GG,GG,GG
rs1465057,TT,TT,TT,TT,TT,TT,TT,TT,TT,TC,TT,TT,TT,TT
rs941138,TT,TT,TT,TT,TT,TT,TT,TT,TT,TC,TT,TT,TT,TT
rs1465058,AA,AG,AA,AA,AA,AA,AA,AA,AG,AG,AA,AA,AA,AA
rs6580936,AA,GG,AA,AA,AA,AA,AA,AA,AA,AG,AG,AA,AA,AA
rs11170486,AA,AA,AA,AA,AA,AA,AA,AA,AA,AG,AA,AA,AA,AA
rs10082919,GG,GG,GG,GG,GG,GG,GG,GG,GG,TG,GG,GG,GG,GG
rs10082776,AA,AG,AA,AA,AA,AA,AA,AA,AA,AG,AA,AA,AA,AA
rs17173608,TT,TT,TT,TG,TT,TT,TT,TT,TT,TG,TT,TT,TT,TT
rs10275627,CC,CC,CC,CC,CC,CC,CC,CC,CC,CC,CC,CC,CC,CC
rs1713985,TT,TT,TT,TT,TT,TT,TT,TT,TT,TT,TG,TT,TT,TT
rs6847086,AA,GG,GG,AG,AG,AG,GG,GG,AA,GG,GG,AG,AG,GG
rs1050483,TT,TT,TT,TT,TT,TC,TT,TT,TT,TC,CC,TT,TC,TT
rs10419684,GG,GG,GG,GG,GG,GG,GG,GG,GG,GG,GG,GG,GG,GG
rs10401713,AA,AA,AA,AA,AA,AG,AA,AA,AA,GG,GG,AA,AG,AA
rs1802498,CC,CC,CC,CC,CC,CC,CC,CC,CC,CC,CC,CC,CC,CC
rs9547679,CC,CC,TC,TC,CC,CC,TC,CC,CC,CC,CC,CC,CC,CC
rs10976,GG,GG,GG,GG,AG,GG,AG,GG,GG,AG,AG,AG,GG,GG
rs13345720,TT,TT,TT,TT,TT,TT,TT,TT,TC,TC,TT,TC,TT,TT
rs7247284,TT,TT,TT,TT,TT,TT,TT,TT,TC,TC,TT,TC,TT,TT
rs739830,TT,TT,CC,TT,TT,TT,CC,TT,CC,TT,CC,CC,CC,CC
rs1295330,AA,AA,GG,AA,AA,AA,GG,AA,GG,AA,GG,GG,GG,GG
rs2072121,TT,TT,TT,TT,TT,TT,TT,TT,TT,TT,TT,TT,TT,TT
rs2072120,AA,AA,AA,AA,AA,AA,AA,AA,AA,AA,AA,AA,AA,AA
rs2072119,TT,TT,TT,TT,TT,TT,TT,TT,TT,TT,TT,TT,TT,TT
rs852441,AA,AA,AA,AA,AA,AA,AA,AA,AG,AA,AA,AA,AA,AA
rs852456,TC,TC,CC,TC,CC,CC,TC,CC,TC,CC,CC,CC,CC,CC
rs13236790,TT,TT,TT,TT,TT,TT,TT,TT,TT,TT,TT,TT,TT,TT
rs7780518,TT,TC,TT,TT,TT,TT,TC,TT,TT,TT,TT,TT,TT,TT
rs3779091,TT,TT,TT,TT,TT,TT,TT,TT,TT,TT,TT,TT,TT,TT
rs6971289,TT,TT,TT,TT,TT,TT,TT,TT,TC,TT,TT,TT,TT,TT
rs852517,TT,TT,GG,TT,GG,TG,TG,TT,TT,TG,TG,TG,TT,TT
rs6953970,TT,TT,CC,TT,CC,CC,TC,TC,CC,TC,TC,TC,TT,TT
rs13247447,AA,AA,GG,AA,GG,GG,AG,AG,GG,AG,AG,AG,AA,AA
rs4415230,CC,CC,CC,CC,CC,CC,TC,CC,CC,CC,CC,CC,CC,CC
rs3779092,CC,CC,TT,CC,TT,TT,TC,TC,TT,TC,TC,TC,CC,CC
rs3807583,TT,TC,TT,TT,TT,TT,TC,TT,TT,TT,TT,TT,TT,TT
rs852403,TT,TT,TT,TT,TT,TT,TT,TT,TT,TT,TT,TT,TT,TT
rs852397,AA,AA,AA,AA,AA,AA,AA,AA,AG,AA,AA,AA,AA,AA
rs852396,GG,GG,GG,GG,GG,GG,GG,GG,GG,GG,GG,GG,GG,GG
rs852394,AG,AG,GG,AG,GG,GG,AG,AG,AG,AG,AG,AG,AA,AA
rs4724712,GG,GG,AA,GG,AA,AA,AG,AG,AA,AG,AG,AG,GG,GG
rs3801009,GG,GG,GG,GG,GG,GG,GG,GG,GG,GG,GG,GG,GG,GG
rs3801012,TT,TT,TT,TT,TT,TT,TT,TT,TC,TT,TT,TT,TT,TT
rs10242141,TT,TT,TT,TT,TT,TT,TT,TT,TT,TT,TT,TT,TT,TT
rs2287592,CC,CC,TC,CC,TT,TT,TC,TC,TT,TC,TC,TC,CC,CC
rs2302907,GG,GG,AG,GG,AA,AA,AG,AG,AG,AG,AG,AG,GG,GG
rs2345864,TT,TT,TT,TT,TT,TT,TT,TT,TT,TT,TT,TT,TT,TT
rs4724718,GG,GG,GG,GG,GG,GG,GG,GG,TG,GG,GG,GG,GG,GG
rs10951960,CC,CC,TT,CC,TC,TT,TC,TC,TC,TC,TC,TC,CC,CC
rs17135724,GG,GG,GG,GG,GG,GG,GG,GG,GG,GG,GG,GG,GG,GG
rs6463513,GG,GG,GG,GG,GG,GG,GG,GG,AG,GG,GG,GG,GG,GG
rs11980653,TT,TT,TT,TT,TT,TT,TT,TT,TT,TT,TT,TT,TT,TT
rs6972718,TT,TT,TT,TT,TT,TT,TT,TT,TT,TT,TT,TT,TT,TT
rs6944358,CC,CC,TT,CC,TT,TT,TC,TC,TC,TC,TC,TC,CC,CC
rs12538870,CC,CC,TT,CC,TT,TT,TC,TC,TT,TC,TC,TC,CC,CC
rs2008415,AA,AA,GG,AG,GG,GG,AG,AG,AG,AG,AG,AG,AA,AA
rs36009719,TT,TT,TT,TT,TT,TT,TT,TT,TT,TT,TT,TT,TT,TT
rs1130609,GG,GG,TG,GG,GG,GG,GG,TG,TG,GG,TT,GG,TG,GG
rs6759180,AG,AA,AG,AA,AA,AA,AA,AG,GG,AA,AG,AA,AA,AA
rs4668664,AG,GG,AG,GG,GG,GG,GG,AG,AA,GG,AG,GG,GG,GG
rs1138729,AG,GG,AA,AG,AA,AG,AG,AA,AA,AA,AA,AG,AA,AG
rs7855881,GG,GG,GG,GG,GG,GG,GG,GG,GG,GG,GG,GG,GG,GG
rs872298,AG,GG,AG,AG,AA,AA,AG,AG,AG,GG,AG,AG,GG,GG
rs4917354,TC,CC,TC,TC,TT,TT,TC,TC,TT,CC,TC,TC,CC,CC
rs914853,AG,AA,AG,AG,GG,GG,AG,AG,GG,AA,AG,AG,AA,AA
rs11185659,TC,CC,TC,TC,TC,TT,TC,CC,TC,CC,TC,TC,CC,CC
rs12348547,TT,TT,TT,TT,TT,TT,TT,TT,TT,TT,TT,TT,TT,TT
rs7853934,CC,TC,TC,TC,TC,TT,TC,CC,TC,CC,TC,TC,CC,CC
rs7048602,GG,GG,GG,GG,AG,GG,GG,GG,GG,GG,GG,GG,GG,GG
rs10881582,GG,GG,AG,GG,AG,AG,AG,AG,AA,GG,AG,AG,GG,GG
rs7039190,AA,AA,AC,AA,AA,AA,AA,AC,AC,AA,AA,AA,AA,AA
rs34312136,TT,CC,TC,TC,TT,TC,TC,TC,TC,TC,TT,TC,CC,TC
rs35079168,AA,AA,AA,AA,AG,GG,GG,GG,GG,GG,AG,AG,AA,AA
rs4501664,GG,GG,GG,GG,GG,GG,GG,GG,GG,GG,GG,GG,GG,GG
rs11103473,AA,AA,AA,AA,TA,TT,TT,TT,TT,TT,TA,TA,AA,AA
rs11103633,GG,GG,GG,GG,GG,GG,GG,AG,AG,GG,GG,GG,GG,GG
rs6537998,TT,TT,TT,TT,TT,TT,TT,TT,TT,TC,TT,TT,TT,TT
rs7869783,GG,GG,GG,GG,GG,GG,GG,GG,GG,AG,GG,GG,GG,GG
rs11789076,CC,CC,CC,CC,CC,CC,CC,CC,CC,CC,CC,CC,CC,CC
rs731516,AA,AA,AA,AA,AA,AA,AA,AA,AA,AG,AA,AA,AA,AA
rs3118536,CC,CC,CC,CC,AC,AC,CC,AC,CC,CC,AC,CC,CC,CC
rs4240705,AA,AA,AA,AA,AG,GG,AG,GG,AA,AG,AG,AA,AA,AA
rs11103462,AA,AA,AA,AA,AA,AA,AA,AA,AA,AA,AA,AA,AA,AA
rs12349076,GG,GG,GG,GG,GG,GG,GG,GG,GG,GG,GG,GG,GG,GG
rs3118571,TT,TT,TT,TT,TC,CC,TC,CC,TC,CC,TC,TT,TT,TT
rs1536475,GG,GG,GG,GG,AG,AG,GG,AG,AG,GG,AG,GG,GG,GG
rs35315770,GG,GG,GG,GG,GG,GG,GG,GG,GG,GG,GG,GG,GG,GG
rs1805343,AA,AA,AA,AA,AG,GG,AG,GG,AG,GG,AG,AA,AA,AA
rs1805342,CC,CC,CC,CC,CC,CC,CC,CC,CC,CC,CC,CC,CC,CC
rs1368442,TT,TG,GG,TT,TG,GG,TT,TG,TT,TG,TG,TG,TT,GG
rs8102889,AA,AA,AA,AA,AA,AA,AA,AA,AA,AA,AA,AA,AA,AA
rs30453,TT,TG,TT,TT,TT,TT,TT,TT,TT,TT,TG,TT,TT,TT
rs11669586,CC,TC,CC,CC,CC,CC,CC,CC,CC,CC,CC,CC,CC,CC
rs685125,TT,TC,TT,TT,TT,TT,TT,TT,TT,TT,TC,TT,TT,TT
rs1375910,GG,GG,GG,GG,GG,GG,GG,GG,GG,GG,AG,GG,GG,GG
rs10424274,AA,AA,AA,AA,AA,AA,AA,AA,AA,AA,AA,AA,AA,AA
rs11666780,TT,TC,TT,TT,TT,TT,TT,TT,TT,TT,TT,TT,TT,TT
rs36264,TT,TC,TT,TT,TT,TT,TT,TT,TT,TT,TC,TT,TT,TT
rs36268,CC,CC,CC,CC,CC,CC,CC,CC,CC,CC,CC,CC,CC,CC
rs36270,TT,TC,TT,TT,TT,TT,TT,TT,TT,TT,TC,TT,TT,TT
rs12402578,CC,CC,CC,CC,CC,CC,CC,CC,CC,CC,CC,CC,CC,CC
rs1046188,TC,CC,TC,CC,TC,CC,TC,CC,TT,CC,CC,CC,TC,CC
rs35694954,CC,CC,CC,CC,CC,CC,CC,CC,CC,CC,CC,CC,CC,CC
rs2214565,GG,GG,GG,TG,GG,GG,GG,GG,TT,TG,GG,GG,TT,TG
rs3095492,AG,AG,AG,GG,AG,AG,AG,GG,GG,AG,AG,GG,GG,GG
rs2287001,CC,CC,CC,CC,CC,CC,CC,CC,CC,CC,CC,CC,CC,CC
rs3760160,AG,AG,AG,AA,AG,AG,AG,AA,AA,AG,AG,AA,AA,AA
rs8074066,AG,AG,AG,GG,AG,AG,AG,GG,GG,AG,AG,GG,GG,GG
rs17833633,TC,TC,TC,CC,TT,TT,TT,TT,CC,TC,TT,TC,CC,CC
rs8066415,TT,TT,TT,TT,TT,TT,TT,TT,TT,TT,TT,TT,TT,TT
rs12940187,TT,TT,TT,TC,TT,TT,TT,TT,TC,TC,TT,TT,CC,TC
rs12451254,GG,GG,CG,GG,GG,GG,GG,GG,GG,GG,GG,CG,GG,CG
rs16942803,AA,AA,AA,AA,AA,AA,AA,AA,AA,AA,AA,AA,AA,AA
rs11831330,AA,AA,AA,AA,AA,AA,AA,AA,AA,AA,AA,AA,AA,AA
rs4704610,CC,CC,CC,TC,CC,CC,TC,CC,CC,TC,CC,TC,CC,TC
rs11950944,CC,CC,TT,TT,TC,TT,TT,TC,TC,TT,TT,TC,TC,TC
rs10057542,CC,CC,CC,CC,TC,CC,CC,CC,TC,TC,CC,CC,CC,CC
rs2164993,GG,GG,GG,AG,GG,AA,AG,GG,GG,AG,AG,AG,GG,AG
rs10072008,CC,CC,CC,CC,CC,CC,CC,TC,TT,CC,CC,TC,TC,CC
rs4704618,GG,GG,AG,AA,GG,AA,AA,AA,AA,AG,AG,AA,AA,AG
rs4703803,AA,AA,AA,AC,AA,CC,AC,AA,AA,AC,AC,AC,AA,AC
rs7707754,GG,GG,AG,AG,GG,GG,AG,AA,AA,GG,GG,AG,AA,GG
rs1132801,AA,AA,AG,AG,AA,AA,AG,AA,AA,AA,AA,AA,AG,AA
rs11959429,AA,AG,AG,AG,AA,AA,AG,AA,AA,AA,AG,AA,AG,AA
rs13186313,AG,AA,AA,AG,AG,AA,AG,AG,AA,AG,AA,AG,AA,AG
rs10050980,AG,AG,AG,GG,AG,AG,AG,AG,GG,AG,AG,GG,GG,AG
rs4447967,AA,AA,AG,AA,AA,AA,AA,AA,AG,AG,AA,AA,AG,AA
rs6890275,GG,GG,TG,GG,GG,GG,GG,GG,GG,GG,GG,GG,TG,GG
rs4704624,TC,TC,CC,TC,TC,TT,TC,TC,CC,TC,TC,CC,TC,TC
rs4704627,CC,TC,TC,CC,CC,CC,CC,TC,TT,CC,TC,TC,TC,CC
rs6876176,TC,TC,TC,TT,TC,CC,TC,CC,TC,CC,TC,TT,TC,TC
rs4704633,CC,CC,CC,CC,CC,CC,CC,CC,AC,CC,AC,CC,CC,CC
rs4704634,GG,GG,AG,GG,GG,GG,GG,AG,AG,GG,AG,GG,AG,GG
rs10075871,TC,TC,TT,TT,TC,CC,TC,TC,TT,CC,TT,TT,TT,TC
rs6868932,CC,CC,CC,TC,CC,CC,CC,CC,TC,CC,CC,TC,TC,CC
rs6880905,CC,CC,CC,TC,CC,CC,CC,CC,TC,CC,CC,TC,TC,CC
rs10058567,TT,TC,TT,TT,TT,TT,TT,TT,TT,TT,TC,TT,TT,TT
rs13188069,GG,GG,AG,GG,GG,GG,GG,AG,GG,GG,GG,GG,AG,GG
rs10514178,TT,TT,TT,TC,TT,TT,TT,TT,TC,TT,TT,TC,TC,TT
rs17259420,GG,GG,AG,GG,GG,AG,GG,AG,GG,GG,GG,GG,AG,GG
rs6872447,GG,GG,AG,AG,GG,AG,GG,AG,AG,GG,GG,AG,AA,GG
rs10068511,TC,CC,TC,TC,TC,CC,TC,CC,CC,CC,CC,TC,CC,TC
rs10036776,AG,GG,AG,AG,AG,GG,AG,GG,AG,AG,AG,AG,GG,AG
rs11960254,CC,TC,TC,TC,CC,TC,CC,TC,TC,CC,TC,TC,TT,CC
rs6895353,AG,AG,AA,AA,AG,AG,AG,AG,AA,AG,AA,AA,AA,AG
rs7711197,GG,GG,GG,AG,GG,GG,GG,GG,AG,GG,GG,AG,AG,GG
rs13355369,TC,TT,CC,CC,TC,TC,TC,TC,CC,TC,TC,CC,CC,TC
rs7726099,AG,AA,AG,GG,AG,AA,AG,AA,GG,AG,AG,GG,AG,AG
rs13355153,TC,CC,TC,TC,TC,CC,TC,CC,CC,CC,TC,TC,CC,TC
rs10041917,AG,AA,AG,GG,AG,AA,AG,AA,GG,AG,AG,GG,AG,AG
rs16877647,CC,CC,CC,CC,CC,CC,TC,CC,TC,TC,TC,CC,CC,TC
rs17200856,TC,CC,CC,CC,TC,CC,CC,CC,CC,CC,CC,TC,CC,TC
rs12189352,AC,CC,AA,AA,AC,AC,AC,CC,AA,CC,AC,AA,AA,AA
rs1010809,GG,GG,AA,GG,GG,AG,GG,GG,GG,GG,GG,GG,AG,GG
rs16877662,CC,CC,CC,TC,CC,CC,TC,TC,TC,TC,TC,CC,CC,TC
rs881708,CC,CC,CC,TC,CC,CC,TC,TC,TC,TC,TC,CC,CC,TC
rs930205,TT,CC,TC,TT,TC,TC,TC,CC,TC,CC,TC,TT,CC,TC
rs4705303,CC,TT,TC,CC,TC,TC,TC,TC,TC,TT,TC,CC,TT,TC
rs13359285,CC,CC,CC,CC,CC,CC,CC,CC,CC,CC,AC,CC,CC,CC
rs13166730,CC,CC,CC,CC,CC,TC,TC,TC,CC,TT,TC,CC,CC,CC
rs3763022,GG,AA,AA,GG,AG,AA,AA,AA,AG,AA,AG,AA,AA,AA
rs10050933,CC,CC,TC,CC,CC,TC,TC,CC,CC,CC,CC,TT,CC,TC
rs10477401,AA,AA,AA,AA,AA,AA,AA,AA,AA,AA,AA,AA,AA,AA
rs1025476,AA,GG,AG,AA,AG,AG,AG,GG,AG,GG,GG,AA,GG,AG
rs1549907,TT,TT,TC,TT,TT,TC,TC,TT,TT,TT,TT,CC,TT,TC
rs10075404,CC,CC,TC,CC,CC,TC,TC,CC,CC,CC,CC,TT,CC,TC
rs17795193,GG,GG,GG,GG,GG,GG,GG,GG,GG,GG,GG,GG,GG,GG
rs6875902,AA,CC,CC,AA,AC,CC,CC,CC,AC,CC,CC,CC,CC,CC
rs17722227,CC,CC,CC,CC,CC,CC,CC,CC,CC,CC,CC,CC,CC,CC
rs2304034,AA,AA,AC,AA,AA,AA,AC,AA,AA,AA,AC,AA,AC,AC
rs17109268,AA,AA,AG,AA,AA,AA,AA,AA,AA,AA,AA,AG,AA,AA
rs17795259,TT,TT,TC,TT,TT,TC,TC,TT,TT,TT,TT,TT,TC,TC
rs36067,GG,TT,TT,GG,TG,TT,TT,TT,TG,TT,TT,TT,TT,TT
rs17722293,CC,CC,CC,CC,CC,CC,CC,CC,CC,CC,TC,CC,CC,CC
rs10066882,CC,CC,CC,CC,CC,CC,CC,CC,CC,CC,CC,CC,CC,CC
rs36077,AA,GG,AA,AA,AG,AG,AG,GG,AG,GG,AG,AG,AG,AG
rs36044,CC,TT,TT,CC,TC,TT,TT,TT,TC,TT,TC,TT,TT,TT
rs36047,TT,CC,TC,TT,TC,TC,TC,CC,TC,CC,TC,CC,TC,TC
rs1981,AA,AA,AA,AG,AG,AA,AA,AA,AG,GG,GG,AG,AG,AG
rs8098413,CC,CC,CC,CC,CC,CC,CC,CC,TC,CC,CC,CC,TC,CC
rs8085335,AA,AA,AA,AA,AA,AA,AA,AA,AG,AA,AA,AA,AG,AA
rs1792689,GG,GG,GG,GG,GG,GG,GG,GG,GG,GG,AG,GG,GG,GG
rs17813908,AA,AA,AA,AC,AC,AA,AA,AA,AC,CC,CC,AC,AC,AC
rs9956201,TT,TT,TT,TT,TT,TT,TT,TT,TT,TT,TT,TT,TT,TT
rs1792658,AA,AA,AA,AA,AA,AA,AA,AA,AC,AA,AC,AC,AC,AA
rs16958543,GG,GG,GG,GG,GG,GG,GG,GG,GG,GG,GG,GG,GG,GG
rs1792675,GG,GG,GG,TG,TG,GG,GG,GG,TG,TT,TT,TG,TG,TG
rs16958553,TT,TT,TT,TT,TT,TT,TT,TT,TT,TT,TT,TT,TT,TT
rs1631576,TT,TT,TT,TC,TC,TT,TT,TT,TC,CC,CC,TC,TC,TC
rs1792670,CC,CC,CC,TC,TC,CC,CC,CC,TC,TT,TT,TC,TC,TC
rs6507788,TT,TT,TT,TT,TT,TT,TT,TT,TT,TT,TT,TT,TT,TT
rs1539872,CC,CC,CC,AC,AC,CC,CC,CC,AC,AA,AA,AC,AC,AC
rs12968107,CC,CC,CC,TC,TC,CC,CC,CC,TC,TT,TT,TC,TC,TC
rs7232994,GG,GG,GG,GG,GG,GG,GG,GG,GG,GG,GG,GG,GG,GG
rs3813068,AA,AA,AA,AG,AG,AA,AA,AA,AG,GG,GG,AG,AG,AG
rs3764465,TT,CC,TC,TC,TT,TC,CC,CC,TC,TC,TC,CC,TT,TT
rs12455792,CC,TT,TC,TC,CC,TC,TT,TT,TC,TC,TC,TT,CC,CC
rs16952779,AA,AA,AA,AA,AA,AA,AA,AA,AA,AA,AA,AA,AA,AA
rs8084630,GG,AA,AG,AG,GG,AG,AA,AA,AG,AG,AG,AA,GG,GG
rs948588,CC,CC,CC,CC,CC,CC,CC,CC,CC,CC,CC,TC,CC,CC
rs11875522,GG,GG,GG,GG,GG,GG,GG,GG,GG,GG,GG,GG,GG,GG
rs11663402,CC,CC,CC,CC,CC,CC,CC,CC,CC,CC,CC,CC,CC,CC
rs12456284,AA,GG,AG,AG,AA,AG,AG,GG,AG,AG,AG,AA,AA,AA
rs3809569,AG,AA,AA,GG,AG,AA,AA,AA,AG,AG,AA,AG,AA,AA
rs12915166,AG,GG,AG,AA,AG,GG,AG,GG,AG,AG,AG,AG,AG,GG
rs2278602,GG,GG,AG,GG,GG,GG,AG,GG,GG,GG,AG,GG,AG,GG
rs2278603,GG,AG,GG,GG,GG,AG,GG,AG,GG,GG,AG,AG,GG,GG
rs2119261,CC,TC,TC,CC,CC,TC,TC,TC,TC,CC,TT,TC,CC,CC
rs2469116,CC,TC,CC,CC,CC,TC,CC,TC,TC,CC,TT,TC,CC,CC
rs893902,TC,TC,CC,TC,TC,CC,CC,CC,TC,TC,CC,TC,TC,CC
rs16953584,AG,AA,AG,AA,AA,AA,AG,AA,AA,AA,AA,AA,AA,AA
rs2469095,TT,TC,TT,TT,TT,TC,TT,TC,TC,TT,CC,TC,TT,TT
rs8024238,AG,GG,AA,AG,AG,AG,AA,AG,GG,AG,GG,GG,AG,AA
rs11636457,GG,GG,AG,AG,AG,AG,AG,AG,GG,AG,GG,GG,AG,AA
rs11636413,TC,TC,TT,TC,TC,TC,TT,TC,CC,TC,CC,CC,TC,TT
rs11630260,GG,GG,AG,AG,AG,AG,AG,AG,GG,AG,GG,GG,AG,AA
rs755451,AC,AC,AA,AC,AC,AC,AA,AC,CC,AA,CC,CC,AC,AA
rs1440374,TC,TC,TC,TT,TT,TT,TC,TT,TT,TT,TT,TT,TT,TT
rs7179372,AG,AG,AG,GG,GG,GG,AG,GG,GG,GG,GG,GG,GG,GG
rs12913356,AA,AA,AG,AA,AA,AA,AA,AA,AA,AA,AA,AA,AA,AA
rs8028202,AG,AA,AA,GG,AA,AG,AA,AA,AG,AA,AA,GG,AA,AA
rs12906898,GG,GG,GG,GG,AG,GG,AG,AG,GG,AG,AA,GG,GG,GG
rs2414912,TC,TC,TC,TT,CC,CC,CC,TC,TC,CC,CC,TT,CC,CC
rs4467023,AG,AG,AG,GG,AA,AA,GG,GG,AG,AG,AG,GG,AA,AA
rs7173030,TC,TC,TC,TT,CC,CC,TT,TT,TC,TC,TC,TT,CC,CC
rs16950210,AA,AA,AA,AG,AA,AA,AA,AA,AA,AA,AA,AA,AA,AA
rs12913975,GG,GG,GG,GG,GG,GG,AA,AG,GG,GG,GG,GG,GG,GG
rs12906270,AG,AG,AG,GG,AA,AG,GG,GG,GG,GG,AG,GG,AG,GG
rs3934907,CC,AC,AC,AC,CC,CC,CC,AC,AC,AC,CC,CC,CC,CC
rs11858577,CC,TC,TC,TC,CC,CC,CC,TC,TC,CC,CC,CC,CC,CC
rs16950113,TT,TT,TT,TT,TT,TT,TT,TC,TT,TC,TT,TT,TT,TC
rs8088297,AA,AA,AA,AA,AA,AA,AA,AA,AA,AA,AA,AA,AA,AA
rs17186485,GG,GG,GG,AG,GG,GG,AG,GG,GG,GG,GG,GG,GG,GG
rs4939827,CC,TC,CC,TC,TT,TC,TC,TC,TC,TC,TC,TC,TT,TC
rs12953717,CC,TC,CC,TC,TT,TC,TC,TC,TC,TC,TC,TC,TT,TC
rs4464148,TT,TT,TT,TC,TC,TC,TC,TC,TT,TC,TT,TC,TC,TT
rs7351039,GG,GG,GG,AG,GG,GG,AG,GG,GG,GG,GG,GG,GG,GG
rs12967477,CC,CC,CC,TC,TC,TC,TC,TC,CC,TC,CC,TC,TC,CC
rs7238442,CC,TT,TT,TC,CC,CC,TC,TC,TT,TC,TT,TC,TC,TC
rs4939832,GG,AA,AA,AG,AG,AG,AG,AA,AA,AA,AA,AA,AA,AG
rs1873191,CC,TT,TT,CC,TT,CC,CC,TC,TT,TC,TC,TT,TT,TT
rs4939834,CC,CC,CC,CC,TC,CC,CC,CC,CC,CC,CC,CC,CC,TC
rs1316447,GG,GG,GG,GG,AA,GG,GG,GG,GG,GG,GG,AG,AG,GG
rs3736242,TT,TT,TC,TC,CC,TC,CC,CC,CC,CC,TC,CC,CC,CC
rs514501,GG,GG,GG,GG,GG,GG,GG,GG,GG,GG,GG,GG,GG,GG
rs17054567,AA,AA,AA,AA,AA,AA,AA,AA,AA,AA,AA,AA,AA,AA
rs683296,TT,TT,TT,TT,TT,TT,TT,TT,TT,TT,TT,TT,TT,TT
rs511674,TT,TT,TT,TT,TT,TT,TT,TT,TT,TT,TT,TT,TT,TT
rs489646,TT,TT,TT,TT,TT,TT,TT,TT,TT,TT,TT,TT,TT,TT
rs2762140,CC,CC,CC,CC,CC,CC,CC,CC,CC,CC,CC,CC,CC,CC
rs681350,CC,CC,CC,CC,CC,CC,CC,CC,CC,CC,CC,CC,CC,CC
rs12855930,TC,CC,CC,CC,TC,TC,CC,TC,CC,CC,CC,TC,TT,CC
rs6563502,TT,TT,TT,TT,TT,TT,TT,TT,TT,TT,TT,TT,TT,TT
rs1199881,TT,TT,TC,TC,TT,TT,TC,TT,TT,TT,TT,TT,TT,TT
rs516144,AA,AA,AA,AA,AC,AA,AC,AA,AA,AC,CC,AC,AA,AA
rs3748305,AA,AC,AC,AC,AA,AC,AC,AA,AC,AA,AC,AC,AA,AC
rs485033,CC,TC,TC,TC,TC,TC,TT,CC,TC,CC,TC,TC,CC,TC
rs678037,CC,CC,CC,CC,CC,CC,CC,CC,CC,CC,CC,CC,CC,CC
rs1536654,CC,TC,TC,TC,CC,TC,TC,CC,TC,CC,CC,CC,CC,TC
rs9531987,TC,TC,TT,TT,TC,TT,TT,TC,TT,TT,TT,TC,CC,TT
rs622085,CC,TC,TC,CC,TC,CC,TC,TC,TC,CC,TC,TT,TC,CC
rs2762137,TT,TC,TC,CC,TC,TC,TC,TC,TT,CC,TC,TT,TT,TC
rs477432,GG,GG,GG,GG,GG,GG,GG,GG,GG,GG,GG,GG,GG,GG
rs9576129,GG,AG,AG,GG,AG,GG,AG,AG,AG,GG,AG,AA,AG,GG
rs648206,TT,TG,TG,TG,TG,TG,TG,TT,TT,GG,TG,TT,TT,TG
rs527929,TT,CC,CC,CC,CC,TC,CC,CC,TC,TC,CC,CC,TC,TC
rs678428,AA,AA,AA,AA,AA,AA,AA,AA,AA,AA,AA,AA,AA,AA
rs1571317,TT,TC,TC,TC,TC,TT,TC,TT,TT,TC,TC,TT,TT,TC
rs7986120,CC,TT,TT,TC,TT,TC,TT,TT,TC,TC,TT,TT,TC,TC
rs484524,AG,GG,GG,GG,GG,GG,GG,GG,GG,GG,GG,GG,GG,GG
rs558113,CC,TT,TT,TT,TT,TC,TT,TT,TT,TT,TC,TT,TT,TT
rs17695156,CC,CC,CC,CC,CC,CC,CC,CC,CC,CC,CC,CC,CC,TC
rs3741666,GG,GG,GG,GG,GG,GG,GG,GG,GG,GG,GG,GG,GG,GG
rs16949270,TC,CC,CC,CC,CC,CC,CC,CC,CC,CC,CC,CC,TC,CC
rs7207225,AA,GG,AA,AA,AA,GG,AA,AA,AA,AA,AG,AA,AA,AG
rs2228251,TC,CC,TT,TT,TC,CC,TT,TT,TT,TT,TC,TT,TC,TC
rs2229358,AG,AA,GG,GG,AG,AA,GG,GG,GG,GG,AG,GG,AG,AG
rs6711060,TT,TT,TT,TT,TT,TT,TT,TT,TT,TG,TT,TT,TT,TT
rs10173522,AC,CC,AA,AC,AC,AA,CC,AA,AC,AC,AC,AC,AC,CC
rs4325816,TC,TC,TT,TC,TC,TT,CC,TT,TC,TT,TT,TT,TC,CC
rs1047640,TT,TT,TC,TT,TT,TT,TT,TT,TT,TT,TC,TT,TT,TT
rs39304,TC,TT,TC,TT,TT,TT,TC,TT,TC,TC,TT,TT,TT,TC
rs7795411,GG,GG,AG,AG,GG,GG,GG,GG,GG,GG,GG,AG,GG,GG
rs2282888,AA,AG,AA,AG,AG,AG,AG,AG,AA,AG,AG,AG,AG,AA
rs2282889,GG,AG,AG,AA,AG,AG,GG,AG,GG,AG,AG,AA,AG,GG
rs2237303,AA,AG,AA,AG,AG,AG,AG,AG,AA,AG,AG,AG,AG,AA
rs2107448,TT,TC,TC,CC,TC,TC,TT,TC,TT,TC,TC,CC,TC,TT
rs2390536,AG,AG,GG,GG,AG,AG,AG,AG,AG,GG,AG,GG,AG,AG
rs10464213,GG,GG,TG,TG,GG,TG,GG,GG,GG,GG,TG,GG,TG,GG
rs2107449,AG,AG,AA,AA,AG,AG,AG,AG,AG,AA,AG,AG,AG,AG
rs2158414,CC,TC,CC,TC,TC,TC,CC,TC,CC,TC,TC,TC,TC,CC
rs6461565,GG,AG,GG,AG,AG,GG,AG,AG,GG,AG,GG,AG,GG,GG
rs6461566,TC,TC,TC,TC,TC,CC,TC,TC,TC,TT,CC,TC,CC,TC
rs6958382,AA,AA,AA,AA,AA,AG,AA,AA,AA,AA,AG,AA,AG,AA
rs2282893,AG,AA,AG,AA,AA,AA,AA,AA,AG,AG,AA,AA,AA,AG
rs17144460,CC,CC,TC,TC,CC,CC,CC,CC,CC,CC,CC,TC,CC,CC
rs17144483,TT,TT,TT,TT,TT,TT,TT,TT,TT,TT,TT,TC,TT,TT
rs2282896,GG,GG,AG,AG,GG,GG,GG,GG,GG,GG,GG,GG,GG,GG
rs17144497,TT,TT,TT,TT,TT,TT,TT,TT,TT,TT,TT,TC,TT,TT
rs10241028,TT,TT,TC,TC,TT,TC,TT,TT,TT,TT,TC,TC,TC,TT
rs7811417,CC,TC,CC,TC,TC,CC,TC,TC,CC,TC,CC,TC,CC,CC
rs6461569,TC,TT,CC,TC,TT,TC,TT,TT,TC,TC,TC,TC,TC,TC
rs7811539,AG,GG,AA,AG,GG,GG,GG,GG,AG,AG,GG,AG,GG,AG
rs10238881,CC,CC,CC,CC,CC,CC,CC,CC,CC,CC,CC,CC,CC,CC
rs2282901,TC,TC,CC,CC,TC,TC,TC,TC,TC,CC,TC,CC,TC,TC
rs11508471,TC,TT,TC,TT,TT,TT,TT,TT,TC,TC,TT,TT,TT,TC
rs2390538,TC,TC,TT,TT,TC,TC,TC,TC,TC,TT,TC,TT,TC,TC
rs17144546,GG,GG,GG,GG,GG,GG,GG,GG,GG,GG,GG,GG,GG,GG
rs1018954,AT,AT,TT,AT,AT,AA,AT,AA,AT,TT,AA,AT,AA,AT
rs3735440,AA,AG,AA,AG,AG,AA,AG,AG,AA,AG,AA,AG,AA,AA
rs2285941,TT,TT,TT,TT,TT,TT,TT,TT,TT,TT,TT,TT,TT,TT
rs7212099,AA,AA,AA,AA,AA,AG,AA,AG,GG,AA,AA,AA,AG,AA
rs16948835,AG,AA,AG,AG,GG,AA,AG,AG,AA,GG,AG,GG,AA,AG
rs10747667,AA,AA,AA,AA,AA,AA,AA,AA,AA,AA,AA,AA,AA,AA
rs2016266,AG,AG,AG,AA,AA,GG,AG,AA,AG,AG,AA,GG,AA,AA
rs10783573,AG,AG,AG,AA,AA,GG,AG,AA,AG,AG,AA,GG,AA,AA
rs3856434,GG,GG,GG,AG,GG,AG,AG,GG,AG,GG,AG,GG,AG,GG
rs6719211,TT,TT,TT,TT,TT,TT,TT,TT,TG,GG,TT,TG,TG,TT
rs3770241,AA,AA,AA,AA,AA,AG,AA,AA,AG,GG,AA,AA,AG,AA
rs7581815,GG,AG,AG,AG,AG,AG,GG,AA,AG,AA,GG,GG,AG,GG
rs7557300,AA,AA,AA,AA,AA,AA,AC,AA,AA,AA,AA,AC,AA,AC
rs3755072,TT,TC,TC,TC,TC,TT,TT,CC,TT,TT,TT,TT,TT,TT
rs3770248,CC,TC,TC,TC,TC,CC,CC,TT,CC,CC,CC,CC,CC,CC
rs3770249,GG,AG,GG,GG,GG,AG,AA,GG,GG,GG,GG,AG,GG,AG
rs7593154,AA,AG,AA,AA,AA,AG,AG,AA,AA,AA,AA,AA,AA,AA
rs3755076,TT,TT,TT,TT,TT,TT,TC,TT,TT,TT,TT,TC,TT,TC
rs6738398,GG,AG,GG,GG,GG,AG,AG,GG,GG,GG,GG,GG,GG,GG
rs2193836,CC,CC,CC,CC,CC,CC,CC,CC,CC,CC,CC,AC,CC,CC
rs3770266,GG,AA,AG,AG,AG,AG,AA,AA,GG,GG,GG,AG,GG,AG
rs13400867,GG,GG,GG,GG,GG,GG,TG,GG,GG,GG,GG,TG,GG,TG
rs17033715,AA,AA,AA,AA,AA,AA,AA,AA,AC,AA,AA,AC,AA,AA
rs3770272,CC,AC,AC,AC,AC,AC,AA,AA,CC,CC,CC,AC,CC,AC
rs3770273,TT,TT,TT,TT,TT,TC,TC,TT,TT,TT,TT,TT,TT,TT
rs17033745,AA,AC,AA,AA,AA,AC,AA,AA,AC,CC,AA,AA,AC,AA
rs17322370,AA,CC,AC,AC,AC,CC,CC,CC,AC,CC,AA,AA,AC,AC
rs12712944,CC,AC,AC,AC,AC,CC,AC,AA,CC,CC,CC,CC,CC,AC
rs4140775,CC,CC,CC,CC,CC,CC,AC,CC,CC,CC,CC,AC,CC,AC
rs7573215,CC,CC,CC,CC,CC,CC,TC,CC,CC,CC,CC,CC,CC,TC
rs2112040,AA,AG,AA,AA,AA,AG,GG,AA,AA,AA,AA,AG,AA,AG
rs3770283,AA,AG,AG,AG,AG,AG,AA,GG,AG,GG,AA,AA,AG,AA
rs13430952,TT,TT,TT,TT,TT,TT,TT,TT,TT,TT,TT,TT,TT,TT
rs755652,CC,TT,TC,TC,TC,TC,TC,TT,CC,CC,CC,CC,CC,CC
rs3770292,AA,GG,AG,AG,AG,GG,AG,GG,AG,GG,AA,AA,AG,AA
rs2217870,AA,AG,AG,AA,AA,AG,GG,AA,AA,AA,AA,AA,AA,AG
rs6544836,AG,AA,AA,AA,AG,AA,AA,AA,AG,AA,AA,AA,AA,AA
rs718731,AA,AA,AA,AA,AA,AG,AG,AA,AG,GG,AA,AA,AG,AG
rs7591446,CC,TC,TC,TC,TC,CC,TT,TC,CC,CC,CC,CC,CC,TC
rs7599740,CC,CC,CC,CC,CC,CC,TC,CC,CC,CC,CC,CC,CC,CC
rs11884064,TT,TC,TT,TT,TT,CC,TT,TT,TC,CC,TT,TT,TC,TT
rs12953299,GG,GG,GG,AA,GG,GG,AA,GG,AA,AA,GG,GG,AA,AA
rs9899634,AA,AA,AA,TT,AA,AA,AA,AA,TT,TT,AA,AA,TT,TT
rs9902941,TT,TT,TT,CC,TT,TT,TT,TT,CC,CC,TT,TT,CC,CC
rs1889018,AA,AA,AA,GG,AA,AA,AA,AA,GG,GG,AA,AA,GG,GG
rs11652861,CC,CC,CC,CC,CC,CC,CC,CC,CC,CC,CC,CC,CC,CC
rs1053005,TT,TC,TT,TT,TT,TC,TC,TC,TC,TT,TT,TT,TT,CC
rs3744483,TT,TC,TT,TT,TT,TC,TC,TC,TC,TT,TT,TT,TT,CC
rs34460718,CC,CC,CC,CC,CC,CC,CC,CC,CC,CC,CC,CC,CC,CC
rs10153241,TT,TT,TT,TT,TT,TT,TT,TT,TT,TT,TT,TT,TT,TT
rs8069645,GG,AG,AA,AA,AG,AG,AA,AG,AA,AA,AA,AA,AA,GG
rs3816769,CC,TC,TT,TT,TC,TC,TC,TC,TC,TC,TT,TT,TT,CC
rs6503695,CC,TC,TC,TT,TC,TC,TT,TC,TT,TT,TT,TT,TC,CC
rs744166,GG,AG,AG,AA,AG,AG,AG,AG,AA,AG,AA,AA,AG,GG
rs1026916,AA,AG,GG,GG,AG,AG,AG,AG,GG,AG,GG,GG,GG,AA
rs4796791,TT,TC,CC,CC,TC,TC,TC,TC,CC,TC,CC,CC,CC,TT
rs8067443,AA,AA,AA,AA,AA,AA,AA,AA,AA,AA,AA,AA,AA,AA
rs7217728,TC,TC,TC,TT,TT,TC,TC,TC,TC,TT,TT,TT,TC,CC
rs7217884,TT,TT,TT,TT,TT,TT,TT,TT,TT,TT,TT,TT,TT,TT
rs2293158,TC,TC,TC,TT,TT,TC,TC,TC,TC,TT,TT,TT,TC,CC
rs12453256,GG,GG,GG,AG,GG,GG,GG,GG,GG,AG,GG,GG,GG,GG
rs8072785,CC,CC,TC,CC,CC,TC,CC,CC,CC,CC,CC,CC,TC,CC
rs9906989,GG,TG,GG,GG,GG,GG,TG,TG,TG,GG,GG,GG,GG,TT
rs2293154,CC,TC,CC,CC,CC,CC,TC,TC,TC,CC,CC,CC,CC,TT
rs12601982,AA,AG,AA,AA,AA,AA,AG,AG,AG,AA,AA,AA,AA,GG
rs3198502,GG,TG,GG,GG,GG,TG,TG,TG,TG,GG,GG,GG,GG,TT
rs3745486,TT,TC,CC,TT,TT,TT,TC,TT,TC,TC,TC,TC,TC,TT
rs746738,TT,TC,CC,TT,TT,TT,TC,TT,TC,TC,TC,TC,TC,TT
rs34814003,CC,CC,CC,CC,CC,CC,CC,CC,CC,GG,GG,CC,GG,GG
rs11264176,CC,CC,CC,CC,CC,CC,CC,CC,CC,CC,CC,CC,CC,CC
rs728598,CC,CC,CC,CC,CC,CC,CC,CC,CC,CC,CC,CC,CC,CC
rs12011849,TT,TT,TT,TT,TT,TT,TT,TT,TT,TT,TT,TT,TT,TT
rs17241507,TC,TC,TT,TC,TT,TT,TT,TT,TT,TT,TT,TC,TC,TC
rs10229962,TT,TT,TT,TT,TT,TT,TT,TT,TT,TT,TG,TT,TT,TG
rs17241584,TC,TC,TT,TC,TT,TT,TT,TT,TT,TT,TT,TC,TC,TC
rs10281257,TC,TC,TT,TC,TT,TT,TT,TT,TC,TC,TC,CC,TC,CC
rs11767053,TC,CC,CC,TC,TT,CC,TC,TT,TC,TC,CC,CC,TC,CC
rs13222870,TC,TT,TT,TC,CC,TC,TC,CC,TC,TC,TT,TT,TC,TT
rs10238185,AG,AG,GG,AG,GG,GG,GG,GG,GG,GG,AG,AG,AG,AA
rs17138238,AA,AA,AA,AA,AA,AA,AA,AA,AG,AG,AA,AG,AA,AA
rs6946453,TT,TT,TT,TT,TT,TT,TT,TT,TC,TC,TC,TC,TT,TC
rs1554630,TT,TT,TT,TT,TT,TT,TT,TT,TT,TT,TG,TT,TT,TG
rs10258989,AG,AG,GG,AG,GG,AG,GG,GG,GG,GG,GG,AG,AG,AG
rs6972100,CC,CC,CC,CC,CC,CC,CC,CC,AC,AC,CC,AC,CC,CC
rs7793323,TT,TC,CC,TT,TT,CC,TC,TC,CC,TC,CC,TC,TT,TT
rs7229546,AG,GG,GG,GG,GG,GG,GG,GG,AG,AG,AG,GG,GG,AG
rs12457997,TC,TT,CC,TC,TT,TC,TT,TT,TC,TC,TC,TC,TT,TC
rs8082866,TT,TT,TT,TC,CC,TC,TC,TT,TT,TC,TT,TC,TT,TC
rs8082964,GG,GG,GG,GG,AG,GG,GG,GG,GG,GG,GG,GG,GG,AG
rs1020301,GG,GG,GG,GG,GG,AG,GG,GG,GG,AG,GG,GG,GG,GG
rs1962914,TT,TT,TT,TT,TT,TT,TT,TT,TT,TT,TT,TT,TT,TT
rs7230159,TT,TT,TT,TT,TT,TC,TT,TT,TT,TC,TT,TT,TT,TT
rs4798094,AA,AA,AA,AA,AA,AA,AG,AG,AA,AA,AA,AA,GG,AG
rs16973789,GG,GG,GG,GG,GG,AG,GG,GG,GG,GG,GG,GG,GG,GG
rs2020436,GG,AG,GG,AG,AG,AG,GG,AG,GG,GG,GG,AG,GG,AG
rs238135,TT,TC,TT,TC,TC,TC,TT,TC,TT,TT,TT,TC,TT,CC
rs881835,AG,AA,AA,AA,AA,AA,AA,AA,AA,AA,AA,AA,AA,AA
rs238533,CC,CC,CC,CC,CC,CC,CC,CC,CC,CC,CC,CC,CC,CC
rs2238536,CC,CC,CC,CC,CC,CC,CC,CC,CC,CC,CC,CC,CC,CC
rs11571512,CC,CC,CC,CC,CC,CC,CC,CC,CC,CC,CC,CC,CC,CC
rs2229333,CC,CC,CC,CC,CC,CC,CC,CC,CC,CC,CC,CC,CC,CC
rs11906692,GG,GG,GG,GG,GG,GG,GG,GG,GG,GG,GG,GG,GG,GG
rs2234085,GG,GG,AG,AG,GG,GG,GG,AG,GG,GG,AG,GG,AG,GG
rs6016004,AA,AA,AA,AA,AA,AA,AA,AA,AG,AG,AA,AG,AA,AA
rs12127219,AA,AA,AC,AC,AA,AA,CC,AA,AC,AC,AC,AC,AA,AC
rs11122109,AA,AA,GG,GG,AG,AG,GG,GG,AG,GG,GG,GG,AA,GG
rs12079872,AA,AA,AG,AG,AG,AG,AA,GG,AA,AG,AG,AG,AA,AG
rs12075860,CC,CC,CC,CC,CC,CC,CC,CC,CC,CC,CC,CC,CC,CC
rs12727844,AA,AA,AG,AG,AG,AG,AA,GG,AA,AG,AG,AG,AA,AG
rs1043681,TT,TT,TC,TC,TT,TT,CC,TT,TC,TC,TC,TC,TT,TC
rs10523,GG,GG,AG,AG,GG,GG,AA,GG,AG,AG,AG,AG,GG,AG
rs3810449,CC,CC,CC,CC,CC,CC,CC,CC,CC,CC,TC,CC,CC,CC
rs1009381,AA,GG,GG,AA,GG,AG,GG,AA,GG,GG,AA,AA,AG,AG
rs7245415,TT,TT,TT,TT,TT,TT,TT,TT,TT,TT,TT,TT,TT,TT
rs16941775,TT,TT,TT,TT,TT,TT,TT,TT,TT,TT,TT,TT,TT,TT
rs3752630,AA,AA,AA,AA,AA,AA,AA,AA,AC,AC,AA,AA,AA,AA
rs11066119,AA,AA,AA,AA,AA,AA,AA,AA,AA,AG,AA,AA,AA,AA
rs7307862,CC,CC,CC,CC,CC,CC,CC,CC,CC,TC,CC,CC,CC,CC
rs16941804,TT,TT,TT,TT,TT,TT,TT,TT,CC,TT,TT,TT,TT,TT
rs9915248,TT,TT,TT,CC,TT,TT,TT,TT,CC,CC,TT,TT,CC,CC
rs1052299,GG,GG,GG,AA,GG,GG,GG,GG,AA,AA,GG,GG,AA,AA
rs7501812,AA,AA,AA,GG,AA,AA,AA,AA,GG,GG,AA,AA,GG,GG
rs8079321,CC,CC,CC,TT,CC,CC,CC,CC,TT,TT,CC,CC,TT,TT
rs11078401,GG,GG,GG,GG,GG,GG,GG,GG,AA,GG,GG,GG,AA,GG
rs9907246,CC,CC,CC,TT,CC,CC,CC,CC,TT,TT,CC,CC,TT,TT
rs950966,GG,GG,GG,AA,GG,GG,GG,GG,AA,AA,GG,GG,AA,AA
rs2274893,CC,CC,CC,CC,CC,CC,CC,CC,CC,CC,CC,CC,CC,CC
rs16960751,CC,CC,CC,CC,CC,CC,CC,CC,CC,CC,CC,CC,CC,CC
rs11078406,GG,GG,GG,TT,GG,GG,GG,GG,TT,TT,GG,GG,TT,TT
rs16960767,GG,GG,GG,GG,GG,GG,GG,GG,GG,GG,GG,GG,GG,GG
rs4257260,AA,AA,AA,GG,AA,AA,AA,AA,GG,GG,AA,AA,GG,GG
rs10048206,AA,AA,AA,GG,AA,AA,AA,AA,GG,GG,AA,AA,GG,GG
rs6502629,AA,AA,AA,GG,AA,AA,AA,AA,GG,GG,GG,GG,GG,GG
rs9909732,CC,CC,CC,CC,CC,CC,CC,CC,CC,CC,CC,CC,CC,CC
rs4925159,GG,GG,GG,AA,GG,AA,AA,AA,GG,AA,GG,GG,GG,GG
rs2294914,CC,CC,CC,CC,CC,CC,CC,CC,CC,CC,CC,CC,CC,CC
rs7207123,GG,GG,GG,AA,GG,AA,AA,AA,GG,AA,GG,GG,GG,GG
rs7636839,AA,GG,GG,AG,AG,AG,AA,GG,AA,AG,GG,AG,AG,GG
rs9830662,TT,TC,CC,TC,TT,TT,TC,CC,TC,CC,CC,TC,TC,CC
rs1920273,AA,GG,GG,AG,AG,AG,AG,GG,AG,GG,GG,AG,AG,GG
rs10937405,CC,TC,TT,TC,CC,CC,CC,TT,CC,TC,TT,TT,TC,TT
rs4600802,TT,TT,TT,TT,TT,TT,TC,TT,TC,TC,TT,TT,TT,TT
rs1920280,CC,TC,TT,TC,TC,CC,TC,TT,TC,TT,TT,TT,TT,TT
rs9812619,AA,AC,CC,AC,AC,AA,AC,CC,AC,CC,CC,CC,CC,CC
rs7649341,AG,AA,GG,AG,AG,AG,AA,GG,AG,AG,AG,GG,AG,AG
rs13097576,AG,AG,AA,AG,AA,AA,AA,AA,AA,AG,AA,AA,AG,AG
rs2378510,TT,TT,TC,TC,TC,TT,TT,TT,TC,TT,TC,CC,TT,TC
rs2889918,TT,TC,CC,CC,TC,TC,TT,TC,TC,TC,TC,CC,TC,CC
rs7618742,CC,CC,CC,CC,TC,CC,CC,CC,TC,CC,CC,TC,CC,CC
rs17445954,GG,GG,GG,GG,GG,GG,GG,GG,AG,GG,GG,AG,GG,GG
rs1920238,AG,AG,AA,AG,AA,AG,AA,AA,AA,AG,AA,AA,AG,AG
rs10513840,AA,AA,AC,AA,AC,AA,AA,AA,AC,AA,AA,AC,AA,AA
rs4575879,AG,AG,AA,GG,AA,AG,AA,AA,AA,AG,AG,AG,AG,GG
rs9839197,AA,AA,AA,AA,AA,AA,AA,AA,AA,AA,AA,AA,AA,AA
rs11915751,TC,TC,TT,TC,CC,CC,TT,TT,TT,TC,TT,TT,TC,TT
rs13095039,AC,AC,AA,AC,CC,AC,AA,AA,AA,AC,AA,AC,AC,AC
rs9815203,AG,GG,GG,AG,AA,AG,GG,GG,GG,AA,GG,AG,AG,GG
rs4687090,AG,AG,GG,AA,AA,AA,GG,GG,GG,AA,GG,AG,AG,GG
rs11711203,TC,TC,TC,CC,CC,CC,TT,TC,TC,CC,CC,CC,CC,TC
rs9942139,AC,AC,CC,AC,AA,AC,CC,AC,CC,AC,CC,AC,CC,CC
rs4687091,GG,AG,AG,GG,GG,GG,AA,GG,AG,GG,GG,GG,GG,AG
rs4607088,TC,TC,TC,CC,CC,TC,TT,TC,TC,CC,CC,CC,CC,TC
rs6777607,AG,AG,AA,AG,AA,GG,AG,AA,GG,AG,AG,AA,GG,GG
rs6800495,TG,TG,GG,TG,GG,TT,TG,TG,TT,TG,TG,GG,TT,TT
rs6779677,CC,AC,AA,AC,AC,CC,AC,CC,CC,AC,AC,AC,CC,CC
rs6444395,CC,TC,TT,TC,TC,CC,TC,CC,CC,TC,TC,TC,CC,CC
rs6794551,TG,TG,TT,TG,TT,GG,TG,TG,GG,TG,TG,TT,GG,GG
rs9851375,AG,GG,GG,GG,GG,AG,AG,GG,GG,GG,GG,GG,GG,GG
rs6797860,AG,AA,AG,GG,AG,GG,GG,GG,GG,GG,AA,AG,GG,GG
rs9871604,TT,TT,TT,TC,TT,TT,TT,TT,TT,TT,TT,TT,TT,TT
rs11708278,TC,TT,TC,TT,TC,TT,TT,TT,TT,TT,TC,TC,TT,TT
rs9824061,TT,TC,TT,TT,TT,TT,TT,TT,TT,TT,TC,TT,TT,TT
rs9830137,TT,TT,TT,TT,TT,TC,TC,CC,TC,TC,TT,TC,TT,TT
rs12630584,GG,GG,GG,GG,AG,GG,GG,GG,GG,GG,AG,GG,GG,GG
rs17505775,GG,GG,AG,AG,AG,AG,GG,GG,GG,AG,GG,GG,AG,GG
rs7650285,GG,GG,GG,GG,AG,GG,GG,GG,GG,GG,AG,GG,GG,GG
rs9849766,CC,CC,TC,TC,TT,TT,TC,TC,TT,TC,TC,TT,TC,CC
rs13321831,GG,GG,GG,GG,GG,GG,GG,GG,GG,GG,GG,GG,GG,GG
rs1464117,CC,CC,CC,AC,AC,CC,CC,AC,CC,CC,AC,CC,CC,CC
rs9854771,GG,GG,AG,AG,AG,AG,AG,AG,AG,AG,AG,AG,AG,GG
rs1515495,AA,AA,AA,AA,AA,AG,AA,AA,AA,AA,AA,AA,AA,AA
rs10513843,GG,GG,GG,GG,GG,GG,AG,AG,AG,GG,GG,AG,GG,GG
rs7619549,GG,AG,GG,GG,AG,GG,AG,AG,AA,AG,GG,AG,AG,GG
rs7624774,CC,CC,CC,CC,CC,CC,CC,CC,TC,CC,CC,CC,CC,CC
rs4687094,AA,AC,AA,AA,AC,AA,AA,AA,AC,AC,AA,AA,AC,AA
rs16864809,CC,TC,CC,CC,TC,CC,CC,CC,CC,TC,CC,CC,TC,CC
rs16864811,AA,AG,AA,AA,AG,AA,AA,AG,AA,AA,AA,AA,AA,AA
rs13075375,GG,GG,GG,AG,AG,AA,GG,AA,AG,AG,AG,GG,AA,AG
rs11720810,CC,CC,CC,TC,TC,TT,CC,TT,TC,TC,TC,CC,TT,TC
rs9881595,GG,AG,AG,AG,GG,AA,GG,AA,AG,AG,AG,GG,AA,AG
rs9879356,TC,TC,TC,TC,CC,TT,TT,TT,TC,TT,TT,TC,TT,TT
rs17447411,AG,AG,AG,AA,AA,AA,GG,AA,AA,AG,AG,AG,AA,AG
rs2037128,GG,AG,AG,GG,GG,GG,GG,GG,GG,GG,GG,GG,GG,GG
rs17447439,AA,AA,AA,AA,AA,AA,AA,AA,AA,AA,AA,AA,AA,AA
rs7616437,AA,AG,AG,AA,AA,AA,AA,AA,AA,AA,AA,AA,AA,AA
rs7619556,AG,AG,AG,AG,GG,AA,AA,AA,AG,AA,AA,AG,AA,AA
rs17447607,CC,CC,CC,TC,CC,TT,CC,TT,CC,TC,TC,CC,TT,TC
rs2138244,AA,AA,AA,AA,AA,AG,AA,AG,AA,AA,AA,AA,AG,AG
rs13326685,AA,GG,AG,AA,GG,GG,AA,GG,AA,GG,GG,AG,AG,GG
rs9817981,AA,GG,AG,AG,AG,AG,AG,AG,AG,AA,AG,AG,AA,GG
rs7624251,GG,AA,AA,AG,AG,AA,AA,AA,AG,AA,AA,AA,AG,AA
rs11719667,GG,AA,AG,GG,AG,AG,AG,AG,AG,GG,AG,AG,GG,AA
rs16864857,GG,GG,GG,GG,GG,GG,GG,GG,GG,GG,GG,GG,GG,GG
rs17448036,AA,GG,AA,AA,AA,GG,AG,GG,AA,AG,AG,AG,AG,GG
rs6790791,GG,GG,GG,AG,GG,GG,GG,GG,GG,GG,GG,GG,GG,GG
rs3773926,AA,AA,AA,AG,AA,AA,AA,AA,AA,AA,AA,AA,AA,AA
rs3773928,CC,TT,TC,CC,TT,TT,TT,TT,TC,TC,TC,TT,TC,TT
rs1399773,GG,GG,TG,GG,TT,TT,TT,TT,TT,TG,GG,TT,TG,TG
rs6789961,AG,GG,AA,AG,AA,AA,AA,AA,AA,AA,AG,AA,AG,AG
rs6790167,GG,GG,AG,GG,AA,AG,AA,AG,AA,AG,GG,AA,AG,GG
rs1515489,GG,GG,AG,GG,AG,GG,AG,GG,AG,GG,GG,AG,GG,GG
rs9812089,GG,GG,AG,GG,AG,AG,AA,AG,AA,GG,GG,AA,GG,AG
rs9290907,GG,GG,GG,GG,GG,GG,GG,GG,GG,GG,GG,GG,GG,GG
rs12107036,GG,AG,GG,AG,AG,AA,AG,AA,AG,AG,GG,AG,AG,AG
rs1554131,GG,GG,GG,GG,GG,GG,TG,GG,TG,GG,GG,TG,GG,GG
rs9681004,TC,TC,TC,CC,TC,TC,TT,TC,TT,CC,TC,TT,TC,TT
rs3813769,TT,TT,TC,CC,TT,TC,CC,TT,TC,TT,TT,TC,TT,TC
rs8079271,TT,TG,TT,TT,TG,TT,TT,TT,TG,TT,TG,TG,TG,TT
rs8121,AG,AG,AG,AA,AA,GG,GG,GG,AG,AG,AA,AG,AG,AA
rs4792742,TC,TC,TC,TT,TT,CC,CC,CC,TC,TC,TT,TC,TC,TT
rs139999,AC,CC,CC,CC,CC,CC,CC,CC,AC,CC,CC,AC,CC,CC
rs12159290,TT,TT,TT,TT,TC,TT,TT,TC,TT,TT,TT,TT,TT,TC
rs9622400,TC,TC,TT,TT,TT,TT,TT,TT,TT,TT,CC,TT,TT,TT
rs5756202,CC,AC,AC,AA,AA,AA,AA,AA,AC,AA,CC,AC,AA,AC
rs2281082,GG,GG,TG,TG,GG,TG,TG,GG,GG,GG,GG,GG,TG,GG
rs11543359,GG,GG,GG,GG,GG,GG,GG,GG,GG,GG,GG,GG,GG,GG
rs118943,GG,GG,GG,GG,GG,GG,GG,GG,GG,GG,GG,GG,GG,GG
rs205107,AA,AA,AA,AA,AA,AA,AA,AA,AA,AA,AA,AA,AA,AA
rs17794370,GG,GG,AA,AA,AA,GG,GG,AA,GG,GG,GG,GG,AA,GG
rs157386,GG,GG,GG,GG,GG,GG,GG,GG,GG,AA,GG,GG,GG,AA
rs157395,TT,TT,TT,TT,TT,TT,TT,TT,TT,TT,TT,TT,TT,TT
rs9914597,CC,CC,CC,CC,CC,CC,CC,CC,CC,CC,CC,CC,CC,CC
rs3737787,GG,AG,GG,AG,AG,AG,GG,AG,AG,GG,AG,GG,AG,AG
rs2073658,CC,TC,CC,TC,TC,TC,CC,TC,TC,CC,TC,CC,TC,TC
rs2073653,TC,TT,TT,TC,TT,TT,TT,TT,TT,TT,TT,TT,TT,TT
rs2516837,AG,AG,AG,AG,GG,GG,AG,GG,GG,AG,GG,GG,GG,AG
rs17181981,AA,AA,AA,AA,AA,AA,AA,AA,AA,AA,AA,AA,AA,AA
rs12070248,TT,TT,TT,TT,TT,TT,TT,TT,TT,TT,TT,TT,TT,TT
rs10405246,AA,AA,AA,AG,AG,AG,AA,AA,GG,AA,AA,AA,AA,AG
rs1044414,AG,AG,GG,GG,GG,GG,GG,AA,GG,GG,GG,GG,AG,GG
rs9911289,AG,GG,AA,GG,AG,AG,AA,GG,AA,AG,AA,AA,AG,AA
rs4985959,AG,GG,AA,GG,AG,AG,AA,GG,AA,AG,AA,AA,AG,AA
rs11541311,GG,TG,GG,TT,TG,TG,GG,GG,GG,TG,GG,GG,GG,GG
rs11867648,TC,TC,TT,TT,TT,TT,TT,CC,CC,TT,CC,TC,CC,TC
rs9909279,GG,GG,AG,GG,AG,GG,GG,GG,AA,AG,AG,AA,AG,AG
rs716959,AA,AG,AA,GG,AG,AG,AA,AA,AA,AG,AA,AA,AA,AA
rs719094,TT,TT,TG,TT,TG,TT,TT,TT,GG,TG,TG,GG,TG,TG
rs984007,GG,GG,AG,GG,AG,GG,GG,GG,AA,AG,AG,AA,AG,AG
rs2291037,AG,AG,AA,AA,AA,AA,AA,GG,AA,AA,AA,AA,AG,AA
rs3771403,TC,CC,CC,TT,CC,TC,TC,TC,CC,TC,CC,CC,CC,TC
rs3771395,GG,AG,AG,GG,GG,GG,GG,AG,GG,GG,AG,AG,GG,GG
rs6758537,TT,TC,TC,TT,TT,TT,TC,TC,TT,TT,TC,TT,TC,TT
rs17006519,CC,CC,CC,CC,CC,CC,CC,CC,CC,CC,CC,CC,TC,CC
rs11681519,TT,TC,TT,TT,TC,TT,TT,TT,TT,TC,TC,CC,TT,TT
rs7584322,AC,AC,AC,CC,AA,AC,CC,CC,AA,AC,AC,AA,AC,AC
rs3771391,TC,CC,TC,CC,CC,TC,CC,CC,TT,CC,CC,CC,TC,TC
rs6748268,TC,TT,TT,CC,TT,TC,TC,TC,TT,TC,TT,TT,TT,TC
rs3771389,AA,AG,AG,AA,AA,AA,AA,AA,AA,AG,GG,GG,AG,AA
rs2234500,CC,CC,CC,CC,GC,CC,GC,GC,CC,CC,CC,CC,CC,CC
rs1476892,TT,CC,TT,TT,TC,TC,TC,TT,TT,TT,TT,TC,TT,TC
rs2072439,AA,AG,AG,AA,AA,AG,AA,AA,AA,AA,AA,AG,AA,AG
rs11214860,AA,AA,AA,AA,AA,AA,AA,AA,AA,AA,AA,AA,AA,AA
rs2852789,GG,AG,AG,GG,GG,GG,GG,GG,AG,AA,GG,AA,AA,AG
rs1784684,AA,AA,AA,AA,AA,AA,AG,AG,AA,AA,AA,AA,AA,AG
rs3018331,CC,CC,CC,CC,CC,CC,AC,AC,CC,CC,CC,CC,CC,AC
rs1672692,GG,GG,GG,GG,GG,GG,AG,AG,GG,GG,GG,GG,GG,AG
rs7113940,GG,GG,TG,GG,GG,TG,TG,TG,TT,TG,TG,GG,TT,TG
rs1784692,TT,TT,TT,TT,TT,TT,TC,TT,TT,TT,TC,TT,TT,TT
rs10891628,GG,GG,AG,GG,GG,AG,AG,AG,AA,AG,AG,GG,AA,AG
rs11214863,TT,TC,TC,TC,CC,TC,CC,CC,CC,CC,TC,TT,CC,CC
rs2735201,CC,CC,CC,CC,CC,CC,AC,AC,CC,CC,AC,CC,CC,CC
rs1791807,TC,TC,TC,TC,CC,TC,TC,TC,CC,CC,TT,TC,CC,CC
rs2846630,GG,AG,AG,GG,GG,AG,AG,GG,AA,GG,GG,GG,AA,GG
rs12290032,GG,AG,GG,AG,GG,AG,AG,AG,AG,GG,GG,GG,GG,AG
rs238940,CC,CC,CC,CC,CC,TC,CC,TC,CC,CC,CC,CC,CC,CC
rs7930788,CC,TC,CC,TC,CC,CC,TC,CC,TC,CC,CC,CC,CC,TC
rs238930,AA,AG,AA,AG,AA,AG,AA,AA,AG,AA,AA,AA,AA,AG
rs238929,AG,AG,AA,AG,AG,AG,AG,AG,AG,AG,AG,AG,AA,AG
rs238928,CC,CC,CC,CC,CC,AC,AC,AC,CC,CC,AC,AC,CC,CC
rs2852792,CC,CC,CC,CC,CC,CC,CC,TC,CC,CC,CC,CC,CC,CC
rs238925,TG,TG,GG,GG,TG,TG,TG,TG,GG,TG,TG,TG,GG,TG
rs238920,AA,AA,AA,AA,AA,AA,AA,AA,AA,AA,AA,AA,AA,AA
rs17116384,AG,AG,AA,AA,AG,AG,AG,AA,AA,AA,AG,AG,AA,AG
rs2073846,AG,AG,GG,GG,AG,AG,GG,GG,GG,GG,AG,AG,GG,AG
rs238913,AG,AG,AA,AA,AG,AG,AG,AG,AA,AA,AG,AG,AA,AG
rs2073844,AA,AA,AA,AA,AA,AA,AG,AA,AA,AA,AA,AA,AA,AA
rs238911,AG,AG,GG,GG,AG,AG,AG,AG,GG,GG,AG,AG,GG,AG
rs1630468,AG,AG,AA,AA,AG,AG,AG,AG,AA,AA,AG,AG,AA,AG
rs238896,AG,AG,GG,GG,AG,AG,AG,AG,GG,GG,AG,AG,GG,AG
rs2735207,TC,TC,CC,CC,TC,TC,TC,TC,CC,CC,TC,TC,CC,TC
rs7116229,GG,GG,GG,GG,GG,GG,GG,GG,GG,GG,GG,GG,GG,GG
rs17116453,GG,AG,GG,GG,GG,AG,GG,GG,GG,GG,GG,GG,GG,AG
rs17116456,CC,CC,CC,CC,CC,CC,TC,CC,CC,CC,CC,CC,CC,CC
rs926075,TC,TC,CC,TC,TC,TC,CC,TC,CC,CC,TC,TC,CC,TC
rs909168,TC,CC,CC,TC,TC,CC,TC,TC,CC,CC,TC,TC,CC,CC
rs717676,GG,GG,GG,GG,GG,GG,GG,TG,GG,GG,GG,GG,GG,GG
rs2250728,CC,TC,CC,CC,CC,TC,CC,TC,CC,CC,CC,CC,CC,TC
rs2250721,GG,AG,GG,GG,GG,AG,AG,GG,GG,GG,GG,GG,GG,AG
rs4936290,AC,AC,AA,AC,CC,AC,AC,AA,AC,AA,AC,AC,AA,AC
rs10488695,CC,CC,CC,TC,CC,CC,CC,CC,CC,CC,CC,CC,CC,CC
rs595641,AA,AG,AG,AA,AG,AG,AG,AA,AA,AA,AA,AA,GG,GG
rs7950485,TT,TT,TT,TT,TT,TT,TT,TT,TT,TT,TT,TT,TT,TT
rs12293744,CC,TC,TC,CC,TC,CC,CC,CC,CC,CC,CC,CC,CC,CC
rs485550,TC,TT,TC,TT,TT,TC,TC,TC,TT,TT,TC,TT,CC,CC
rs681200,AA,AA,AA,AA,AA,AC,AC,AA,AA,AA,AA,AA,CC,CC
rs511571,GG,AG,GG,GG,AG,GG,GG,GG,GG,GG,GG,GG,GG,GG
rs17116545,AA,AA,AA,AA,AA,AA,AA,AA,AA,AA,AA,AA,AA,AA
rs665731,TC,CC,TT,CC,CC,CC,CC,TC,TT,CC,TC,CC,CC,CC
rs7929883,AA,AA,AA,AA,AA,AA,AA,AA,AA,AA,AA,AA,AA,AA
rs1184748,AA,AA,AG,AA,AA,AG,AG,AA,GG,AA,AG,AA,AA,AG
rs12275428,GG,GG,GG,GG,GG,GG,GG,GG,GG,GG,GG,GG,GG,GG
rs660800,AA,AG,AA,AA,AA,AA,AG,AA,GG,AA,AA,AA,AA,AA
rs585287,GG,AG,AG,GG,GG,AG,AG,GG,AA,GG,GG,GG,GG,AG
rs500629,AA,AA,AA,AC,AC,AC,AC,AA,AA,AC,AA,CC,CC,AA
rs661223,CC,CC,CC,CC,CC,CC,CC,CC,TT,CC,CC,CC,CC,CC
rs545884,CC,TC,CC,CC,CC,CC,CC,CC,TT,CC,CC,CC,CC,CC
rs2073848,TT,TT,TT,TT,TT,TC,TC,TT,TT,TT,TC,TT,TT,TC
rs2852796,TC,TC,TC,TC,TC,TC,CC,CC,CC,TC,TC,CC,CC,TC
rs620095,GG,TG,TG,GG,GG,GG,TG,GG,TT,GG,GG,GG,GG,GG
rs589916,TG,TT,TG,TG,TG,TG,TG,GG,TT,TG,TT,GG,GG,TG
rs670728,TT,TG,TG,TT,TT,TG,TG,TT,GG,TT,TG,TT,TT,TG
rs7106340,TG,TG,GG,TG,TG,GG,GG,GG,GG,TG,TG,GG,GG,GG
rs526497,CC,CC,CC,TC,TC,TC,TC,CC,CC,TC,TC,TT,TC,CC
rs655988,AA,AA,AG,AA,AA,AG,AA,AA,GG,AA,AA,AA,AG,AG
rs3782000,TC,TC,CC,TC,TC,CC,CC,CC,CC,TC,TC,CC,CC,CC
rs627858,AA,AG,AG,AA,AG,AG,AA,AG,GG,AA,AA,AA,AG,AG
rs583647,AG,AG,GG,AG,AG,GG,GG,GG,AA,AG,AG,GG,GG,GG
rs583200,TC,TT,CC,TC,TC,CC,TC,CC,TT,TC,TC,CC,CC,CC
rs12273315,GG,AG,GG,GG,GG,GG,AG,GG,GG,GG,GG,GG,GG,GG
rs677379,AG,AG,GG,AG,AG,GG,GG,GG,GG,AG,AG,GG,GG,GG
rs527392,TC,TC,TT,TC,TC,TT,TT,TT,TT,TC,TC,TT,TT,TT
rs656269,TC,TT,TC,TC,TC,TT,TC,TC,CC,TC,TC,CC,TC,TC
rs405388,GG,GG,AG,AG,GG,AA,GG,AG,GG,GG,GG,GG,AG,GG
rs549427,GG,GG,GG,GG,AG,GG,GG,GG,GG,GG,GG,GG,GG,GG
rs495248,AG,GG,GG,AA,AG,AG,AG,AG,GG,AG,GG,AG,AG,AG
rs672455,AG,AG,GG,AA,AA,AG,AA,AG,GG,AG,AG,AG,AG,AA
rs545638,CC,CC,CC,CC,TC,CC,CC,CC,CC,CC,TC,CC,CC,TC
rs397461,TC,CC,TC,CC,CC,CC,CC,CC,TC,TC,CC,CC,CC,CC
rs3781998,CC,TC,CC,CC,CC,CC,TC,CC,CC,CC,CC,CC,CC,CC
rs404426,TT,TC,TC,TT,TT,TC,TT,CC,TC,TT,TC,CC,TC,TT
rs398055,TC,TT,TC,CC,CC,TC,CC,TT,TC,TC,TC,TT,TC,CC
rs573264,AG,GG,GG,AA,AA,AG,AG,GG,GG,AG,AG,GG,AG,AA
rs400920,TG,GG,TG,GG,TG,GG,TG,GG,TG,TG,TG,GG,GG,TG
rs403104,AG,AA,GG,GG,GG,GG,GG,AG,AG,AG,GG,GG,GG,GG
rs503834,AG,GG,GG,GG,AG,GG,AG,AG,GG,AG,AG,GG,GG,AG
rs394800,TG,TG,TT,TT,TG,TT,TG,TG,TG,TG,TG,TT,TT,TG
rs575707,CC,CC,CC,CC,TC,CC,TC,CC,CC,CC,TC,CC,CC,TC
rs370634,TC,TT,CC,CC,TC,CC,TC,TC,TC,TC,TC,TC,CC,TC
rs595168,AG,AA,AA,GG,AG,AG,AG,AG,AA,AG,AA,AA,AG,AG
rs3825043,TT,TT,TT,TT,TT,TT,TT,TT,TT,TT,TT,TT,TT,TT
rs402311,TC,TC,TT,TT,TC,TT,TT,TT,TC,TC,TC,TC,TT,TC
rs630998,TT,TT,TT,TT,TC,TT,TC,TT,TT,TT,TC,TT,TT,TC
rs646721,TG,GG,GG,TT,TG,TG,TG,TG,GG,TG,GG,GG,TG,TG
rs420234,TT,TT,TT,TT,TT,TT,TT,TT,TT,TT,TT,TT,TT,TT
rs387301,GG,AG,AG,GG,GG,GG,GG,GG,AG,AG,GG,AG,AG,GG
rs10128580,AG,AA,AA,AA,AA,AA,AA,AA,AG,AA,AA,AG,AA,AA
rs2856244,GG,AG,AG,GG,AG,GG,GG,AG,AG,AG,AG,AG,AG,AG
rs530532,AG,AG,AA,GG,AG,GG,AG,AG,AA,AG,AG,AA,AG,AG
rs10985820,AA,AA,AA,AA,AG,AA,AG,AG,AA,AA,AA,AA,AA,AA
rs16912318,GG,GG,GG,GG,GG,GG,GG,GG,GG,GG,GG,GG,GG,GG
rs2239539,GG,GG,AG,GG,AG,AG,AG,AG,GG,GG,GG,GG,GG,GG
rs1147322,GG,GG,AG,GG,AG,AG,AG,AG,GG,AG,GG,GG,GG,GG
rs10412825,GG,GG,GG,GG,GG,GG,GG,GG,GG,GG,GG,GG,GG,GG
rs10221509,GG,GG,GG,GG,GG,GG,GG,GG,GG,GG,GG,GG,GG,GG
rs895331,AA,AA,AA,AC,AA,AA,AA,AA,AA,AA,AA,AC,AA,AC
rs10271373,AC,AA,AA,AC,AA,AC,AC,AA,AA,AC,AC,AC,CC,CC
rs1044551,TC,TT,TT,TC,TT,TC,TC,TT,TT,TC,TC,TC,TC,CC
rs7803490,TC,TT,TT,TC,TT,TC,TC,TT,TT,TC,TC,TC,TC,CC
rs3187141,GG,GG,GG,GG,GG,GG,GG,GG,GG,GG,GG,GG,GG,GG
rs5022943,TC,CC,CC,TC,CC,TC,TC,CC,CC,TC,TC,TC,TC,TT
rs3735008,AG,AG,GG,AG,GG,AG,AG,GG,GG,AG,AG,AG,AG,AA
rs10273974,AC,AA,AA,AC,AA,AC,AC,AA,AA,AC,AC,AC,AC,CC
rs17133444,CC,CC,CC,TC,CC,TC,CC,CC,CC,CC,CC,CC,TC,CC
rs17133451,AA,AA,AA,AC,AA,AC,AA,AA,AA,AA,AA,AA,AC,AA
rs7779972,AG,AA,AG,AA,AA,AA,AA,AA,AA,AA,AG,AA,AA,AA
rs10245660,TT,TT,TT,TT,TT,TT,TT,TT,TT,TT,TT,TT,TT,TT
rs12672266,AG,AA,AG,AA,AA,AA,AA,AA,AA,AA,AA,AA,AA,AA
rs2236423,TC,TT,TC,TT,TT,TT,TT,TT,TT,TT,TT,TT,TT,TT
rs2236426,TC,CC,TC,CC,CC,CC,CC,CC,CC,CC,CC,CC,CC,CC
rs9690859,TC,CC,CC,CC,TC,CC,CC,CC,CC,CC,TC,CC,CC,CC
rs12535022,TC,CC,CC,CC,TC,CC,CC,CC,CC,CC,TC,CC,CC,CC
rs6467822,TC,CC,CC,CC,CC,CC,CC,CC,CC,CC,TC,CC,CC,CC
rs7801123,AG,GG,GG,GG,GG,GG,GG,GG,GG,GG,GG,GG,GG,GG
rs4728461,CC,TT,TC,TT,TT,TT,TT,TT,TT,TT,TT,TT,TT,TT
rs4732354,CC,AA,AC,AA,AA,AA,AA,AA,AA,AA,AA,AA,AA,AA
rs4732356,TT,GG,TG,GG,GG,GG,GG,GG,GG,GG,GG,GG,GG,GG
rs3825065,AG,AG,AG,AG,AG,AA,AA,AG,AA,AA,AA,GG,AG,AG
rs11227527,AG,AG,AG,AG,AG,AA,AA,AG,AA,AA,AA,GG,AG,AG
rs2520330,AA,CC,CC,AA,CC,AA,AC,CC,AA,AC,AA,CC,AC,CC
rs2704845,TT,CC,CC,TT,CC,TT,TC,TC,TT,TC,TT,TC,TC,CC
rs5949209,AG,GG,GG,AA,GG,AA,AG,GG,AA,AG,AA,GG,AG,GG
rs2520325,AA,GG,GG,AA,GG,AA,AG,AG,AA,AG,AA,AG,AG,GG
rs2704824,TT,TT,TT,TT,TT,TT,TT,TT,TT,TT,TT,TT,TT,TT
rs16982914,TT,TT,TT,TT,TT,TT,TT,TT,TT,TT,TT,TT,TT,TT
rs2238927,AA,CC,CC,AA,CC,AA,AC,CC,AA,AC,AA,CC,AC,CC
rs5949242,CC,TT,TT,CC,TT,CC,TC,TT,CC,TC,CC,TT,TC,TT
rs5990039,GG,GG,GG,GG,GG,GG,GG,AG,GG,GG,GG,AG,GG,GG
rs5949212,GG,AA,AA,GG,AA,GG,AG,AA,GG,AG,GG,AA,AG,AA
rs12387258,AA,AA,AA,AA,AA,AA,AA,AA,AA,AA,AA,AA,AA,AA
rs4679372,AG,AG,AG,AG,AG,AA,AA,AA,AA,AG,AA,AA,AG,AA
rs1053738,TC,TC,TC,TC,TC,TT,TT,TT,TT,TC,TT,TT,TC,TT
rs2011442,TC,TC,TC,TC,TC,TC,TT,TT,TT,TC,TT,TT,TC,TT
rs9858110,TC,TC,TC,TC,TC,CC,CC,CC,CC,TC,CC,CC,TC,CC
rs11709450,AG,AG,AG,AG,AG,AA,AA,AA,AA,AG,AA,AA,AG,AA
rs9862499,CC,CC,CC,CC,CC,TC,CC,CC,CC,CC,CC,CC,CC,CC
rs17264366,TC,TT,TT,TT,TT,TT,CC,TT,TT,TC,TC,TC,TT,TT
rs7638240,AA,AC,AA,AC,AA,AC,AA,AC,CC,AA,AC,AC,AC,AC
rs10512647,TT,TT,TT,TT,TT,TT,TT,TC,TT,TT,TT,TT,TT,TC
rs4508729,AG,AG,AG,AG,AG,GG,GG,GG,GG,AG,GG,GG,AG,GG
rs7609684,AC,AC,AC,AC,AA,AC,CC,CC,CC,AC,CC,CC,AC,CC
rs13074986,TC,TC,TC,TC,TC,TT,TT,TT,TT,TC,TT,TT,TC,TT
rs16959820,TT,TT,TT,TT,TT,TC,TT,TT,TC,TT,TT,TT,TT,TT
rs10491106,TT,TT,TT,TT,TT,TC,TT,TT,TT,TT,TT,TT,TT,TT
rs7224723,TT,TT,TT,TT,TT,TG,TT,TT,TT,TT,TT,TT,TT,TT
rs7214389,TT,TT,TT,TT,TT,TT,TT,TT,TT,TT,TT,TT,TT,TT
rs7212777,TT,TT,TT,TT,TT,TT,TT,TT,TT,TT,TT,TT,TT,TT
rs8013446,CC,CC,TC,CC,CC,CC,CC,CC,TC,CC,CC,CC,CC,CC
rs2302136,AC,AC,AC,AC,AC,AA,AA,AC,AC,AC,CC,AA,CC,CC
rs7157730,GG,GG,GG,GG,GG,GG,GG,GG,GG,GG,GG,GG,GG,GG
rs3177095,TC,TC,TT,TC,TT,TT,TT,TC,TC,TC,CC,TT,CC,TC
rs9906261,AC,AC,CC,CC,CC,CC,CC,CC,CC,CC,CC,CC,CC,CC
rs8065506,AC,AA,CC,AA,CC,AC,CC,CC,CC,AC,CC,CC,AC,CC
rs6502516,TT,TT,TT,TT,TT,TT,TT,TT,TT,TT,TT,TT,TT,TT
rs16959888,CC,TC,CC,TT,CC,CC,CC,CC,CC,TC,CC,CC,CC,CC
rs9911677,TC,TC,TT,TT,TT,TC,TT,TT,TT,TT,TT,TT,TC,TT
rs11871369,TC,CC,TT,CC,TT,TC,TT,TT,TT,TC,TT,TT,TC,TT
rs7218241,TC,TC,CC,CC,CC,TC,CC,CC,CC,CC,CC,CC,TC,CC
rs3814777,AA,AA,AA,AA,AG,AA,AA,AA,AA,AA,AA,AA,AA,AA
rs11170457,AA,AA,AA,AA,AG,AA,AA,AA,AA,AA,AA,AA,AA,AA
rs12819299,AA,AA,AA,AA,AG,AA,AA,AA,AA,AA,AA,AA,AA,AA
rs2272298,AA,AA,AA,AA,AA,AA,AA,AA,AA,AA,AA,AA,AA,AA
rs10491104,TC,TT,TC,TT,CC,CC,TT,TT,TC,TT,TT,TC,TT,TT
rs8070859,GG,GG,AG,GG,AA,AA,GG,GG,AG,GG,GG,AG,GG,GG
rs7211756,CC,CC,CC,CC,CC,CC,CC,CC,CC,CC,CC,CC,CC,CC